                                      1 ;--------------------------------------------------------
                                      2 ; File Created by SDCC : free open source ISO C Compiler
                                      3 ; Version 4.5.1 #15267 (Mac OS X ppc)
                                      4 ;--------------------------------------------------------
                                      5 	.module game
                                      6 	
                                      7 ;--------------------------------------------------------
                                      8 ; Public variables in this module
                                      9 ;--------------------------------------------------------
                                     10 	.globl _player_hit
                                     11 	.globl _can_move
                                     12 	.globl _is_solid
                                     13 	.globl _switch_map
                                     14 	.globl _load_map
                                     15 	.globl _update_player_sprite
                                     16 	.globl _hud_update
                                     17 	.globl _update_camera
                                     18 	.globl _get_tile_at
                                     19 	.globl _map_init_data
                                     20 	.globl _strcmp
                                     21 	.globl _get_tile_for_char
                                     22 	.globl _text_dialogue
                                     23 	.globl _text_init
                                     24 	.globl _projectile_check_collision
                                     25 	.globl _projectile_render_all
                                     26 	.globl _projectile_update_all
                                     27 	.globl _projectile_spawn
                                     28 	.globl _projectile_init
                                     29 	.globl _sfx_success
                                     30 	.globl _sfx_pickup
                                     31 	.globl _music_update
                                     32 	.globl _music_init
                                     33 	.globl _map_is_solid
                                     34 	.globl _inventory_has_item
                                     35 	.globl _inventory_add_item
                                     36 	.globl _inventory_init
                                     37 	.globl _input_held
                                     38 	.globl _input_pressed
                                     39 	.globl _fade_in
                                     40 	.globl _fade_out
                                     41 	.globl _entity_render_all
                                     42 	.globl _entity_update_all
                                     43 	.globl _fill_bkg_rect
                                     44 	.globl _set_sprite_data
                                     45 	.globl _set_win_tiles
                                     46 	.globl _set_bkg_tile_xy
                                     47 	.globl _set_bkg_tiles
                                     48 	.globl _set_bkg_data
                                     49 	.globl _display_off
                                     50 	.globl _delay
                                     51 	.globl _player_ammo
                                     52 	.globl _player_lives
                                     53 	.globl _env_anim_frame
                                     54 	.globl _env_anim_timer
                                     55 	.globl _level2_door_y
                                     56 	.globl _level2_door_x
                                     57 	.globl _camera_y
                                     58 	.globl _camera_x
                                     59 	.globl _anim_timer
                                     60 	.globl _anim_frame
                                     61 	.globl _player_dir
                                     62 	.globl _enter_y
                                     63 	.globl _enter_x
                                     64 	.globl _player_y
                                     65 	.globl _player_x
                                     66 	.globl _saved_world_y
                                     67 	.globl _saved_world_x
                                     68 	.globl _game_init
                                     69 	.globl _game_update
                                     70 	.globl _game_reset
                                     71 ;--------------------------------------------------------
                                     72 ; special function registers
                                     73 ;--------------------------------------------------------
                                     74 	.area _HRAM
                                     75 ;--------------------------------------------------------
                                     76 ; ram data
                                     77 ;--------------------------------------------------------
                                     78 	.area _DATA
    00000000                         79 _saved_world_x::
    00000000                         80 	.ds 2
    00000002                         81 _saved_world_y::
    00000002                         82 	.ds 2
                                     83 ;--------------------------------------------------------
                                     84 ; ram data
                                     85 ;--------------------------------------------------------
                                     86 	.area _INITIALIZED
    00000000                         87 _player_x::
    00000000                         88 	.ds 2
    00000002                         89 _player_y::
    00000002                         90 	.ds 2
    00000004                         91 _enter_x::
    00000004                         92 	.ds 2
    00000006                         93 _enter_y::
    00000006                         94 	.ds 2
    00000008                         95 _player_dir::
    00000008                         96 	.ds 1
    00000009                         97 _anim_frame::
    00000009                         98 	.ds 1
    0000000A                         99 _anim_timer::
    0000000A                        100 	.ds 1
    0000000B                        101 _camera_x::
    0000000B                        102 	.ds 2
    0000000D                        103 _camera_y::
    0000000D                        104 	.ds 2
    0000000F                        105 _level2_door_x::
    0000000F                        106 	.ds 2
    00000011                        107 _level2_door_y::
    00000011                        108 	.ds 2
    00000013                        109 _env_anim_timer::
    00000013                        110 	.ds 1
    00000014                        111 _env_anim_frame::
    00000014                        112 	.ds 1
    00000015                        113 _player_lives::
    00000015                        114 	.ds 1
    00000016                        115 _player_ammo::
    00000016                        116 	.ds 1
    00000017                        117 _game_ready:
    00000017                        118 	.ds 1
                                    119 ;--------------------------------------------------------
                                    120 ; absolute external ram data
                                    121 ;--------------------------------------------------------
                                    122 	.area _DABS (ABS)
                                    123 ;--------------------------------------------------------
                                    124 ; global & static initialisations
                                    125 ;--------------------------------------------------------
                                    126 	.area _HOME
                                    127 	.area _GSINIT
                                    128 	.area _GSFINAL
                                    129 	.area _GSINIT
                                    130 ;--------------------------------------------------------
                                    131 ; Home
                                    132 ;--------------------------------------------------------
                                    133 	.area _HOME
                                    134 	.area _HOME
                                    135 ;--------------------------------------------------------
                                    136 ; code
                                    137 ;--------------------------------------------------------
                                    138 	.area _CODE
                                    139 ;src/states/game.c:47: uint8_t get_tile_at(uint16_t x, uint16_t y) {
                                    140 ;	---------------------------------
                                    141 ; Function get_tile_at
                                    142 ; ---------------------------------
    00000000                        143 _get_tile_at::
    00000000 E8 FA            [16]  144 	add	sp, #-6
                                    145 ;src/states/game.c:48: uint16_t tx = x / 8, ty = y / 8;
    00000002 CB 3A            [ 8]  146 	srl	d
    00000004 CB 1B            [ 8]  147 	rr	e
    00000006 CB 3A            [ 8]  148 	srl	d
    00000008 CB 1B            [ 8]  149 	rr	e
    0000000A CB 3A            [ 8]  150 	srl	d
    0000000C CB 1B            [ 8]  151 	rr	e
    0000000E 33               [ 8]  152 	inc	sp
    0000000F 33               [ 8]  153 	inc	sp
    00000010 D5               [16]  154 	push	de
    00000011 CB 38            [ 8]  155 	srl	b
    00000013 CB 19            [ 8]  156 	rr	c
    00000015 CB 38            [ 8]  157 	srl	b
    00000017 CB 19            [ 8]  158 	rr	c
    00000019 CB 38            [ 8]  159 	srl	b
    0000001B CB 19            [ 8]  160 	rr	c
    0000001D F8 02            [12]  161 	ldhl	sp,	#2
    0000001F 79               [ 4]  162 	ld	a, c
    00000020 22               [ 8]  163 	ld	(hl+), a
    00000021 70               [ 8]  164 	ld	(hl), b
                                    165 ;src/states/game.c:49: if (tx >= current_map->w || ty >= current_map->h)
    00000022 FAr00r00         [16]  166 	ld	a, (_current_map)
    00000025 5F               [ 4]  167 	ld	e, a
    00000026 21r01r00         [12]  168 	ld	hl, #_current_map + 1
    00000029 56               [ 8]  169 	ld	d, (hl)
    0000002A 6B               [ 4]  170 	ld	l, e
    0000002B 62               [ 4]  171 	ld	h, d
    0000002C 23               [ 8]  172 	inc	hl
    0000002D 23               [ 8]  173 	inc	hl
    0000002E 4E               [ 8]  174 	ld	c, (hl)
    0000002F 06 00            [ 8]  175 	ld	b, #0x00
    00000031 F8 00            [12]  176 	ldhl	sp,	#0
    00000033 2A               [ 8]  177 	ld	a, (hl+)
    00000034 91               [ 4]  178 	sub	a, c
    00000035 7E               [ 8]  179 	ld	a, (hl)
    00000036 98               [ 4]  180 	sbc	a, b
    00000037 30 0E            [12]  181 	jr	NC, 00101$
    00000039 23               [ 8]  182 	inc	hl
    0000003A 13               [ 8]  183 	inc	de
    0000003B 13               [ 8]  184 	inc	de
    0000003C 13               [ 8]  185 	inc	de
    0000003D 1A               [ 8]  186 	ld	a, (de)
    0000003E 5F               [ 4]  187 	ld	e, a
    0000003F 16 00            [ 8]  188 	ld	d, #0x00
    00000041 2A               [ 8]  189 	ld	a, (hl+)
    00000042 93               [ 4]  190 	sub	a, e
    00000043 7E               [ 8]  191 	ld	a, (hl)
    00000044 9A               [ 4]  192 	sbc	a, d
    00000045 38 03            [12]  193 	jr	C, 00102$
    00000047                        194 00101$:
                                    195 ;src/states/game.c:50: return 0;
    00000047 AF               [ 4]  196 	xor	a, a
    00000048 18 23            [12]  197 	jr	00104$
    0000004A                        198 00102$:
                                    199 ;src/states/game.c:51: return current_map->tiles[ty * current_map->w + tx];
    0000004A 21r00r00         [12]  200 	ld	hl, #_current_map
    0000004D 2A               [ 8]  201 	ld	a, (hl+)
    0000004E 5F               [ 4]  202 	ld	e, a
    0000004F 56               [ 8]  203 	ld	d, (hl)
    00000050 1A               [ 8]  204 	ld	a, (de)
    00000051 F8 04            [12]  205 	ldhl	sp,	#4
    00000053 22               [ 8]  206 	ld	(hl+), a
    00000054 13               [ 8]  207 	inc	de
    00000055 1A               [ 8]  208 	ld	a, (de)
    00000056 77               [ 8]  209 	ld	(hl), a
    00000057 F8 02            [12]  210 	ldhl	sp,	#2
    00000059 2A               [ 8]  211 	ld	a, (hl+)
    0000005A 5F               [ 4]  212 	ld	e, a
    0000005B 56               [ 8]  213 	ld	d, (hl)
    0000005C CDr00r00         [24]  214 	call	__mulint
    0000005F E1               [12]  215 	pop	hl
    00000060 E5               [16]  216 	push	hl
    00000061 09               [ 8]  217 	add	hl, bc
    00000062 4D               [ 4]  218 	ld	c, l
    00000063 44               [ 4]  219 	ld	b, h
    00000064 F8 04            [12]  220 	ldhl	sp,	#4
    00000066 2A               [ 8]  221 	ld	a,	(hl+)
    00000067 66               [ 8]  222 	ld	h, (hl)
    00000068 6F               [ 4]  223 	ld	l, a
    00000069 09               [ 8]  224 	add	hl, bc
    0000006A 4D               [ 4]  225 	ld	c, l
    0000006B 44               [ 4]  226 	ld	b, h
    0000006C 0A               [ 8]  227 	ld	a, (bc)
    0000006D                        228 00104$:
                                    229 ;src/states/game.c:52: }
    0000006D E8 06            [16]  230 	add	sp, #6
    0000006F C9               [16]  231 	ret
                                    232 ;src/states/game.c:54: void update_camera(void) {
                                    233 ;	---------------------------------
                                    234 ; Function update_camera
                                    235 ; ---------------------------------
    00000070                        236 _update_camera::
    00000070 E8 FC            [16]  237 	add	sp, #-4
                                    238 ;src/states/game.c:55: uint16_t w = current_map->w * 8, h = current_map->h * 8;
    00000072 FAr00r00         [16]  239 	ld	a, (_current_map)
    00000075 4F               [ 4]  240 	ld	c, a
    00000076 21r01r00         [12]  241 	ld	hl, #_current_map + 1
    00000079 46               [ 8]  242 	ld	b, (hl)
    0000007A 69               [ 4]  243 	ld	l, c
    0000007B 60               [ 4]  244 	ld	h, b
    0000007C 23               [ 8]  245 	inc	hl
    0000007D 23               [ 8]  246 	inc	hl
    0000007E 6E               [ 8]  247 	ld	l, (hl)
    0000007F 26 00            [ 8]  248 	ld	h, #0x00
    00000081 29               [ 8]  249 	add	hl, hl
    00000082 29               [ 8]  250 	add	hl, hl
    00000083 29               [ 8]  251 	add	hl, hl
    00000084 7D               [ 4]  252 	ld	a, l
    00000085 5C               [ 4]  253 	ld	e, h
    00000086 F8 00            [12]  254 	ldhl	sp,	#0
    00000088 22               [ 8]  255 	ld	(hl+), a
    00000089 73               [ 8]  256 	ld	(hl), e
    0000008A 03               [ 8]  257 	inc	bc
    0000008B 03               [ 8]  258 	inc	bc
    0000008C 03               [ 8]  259 	inc	bc
    0000008D 0A               [ 8]  260 	ld	a, (bc)
    0000008E 6F               [ 4]  261 	ld	l, a
    0000008F 26 00            [ 8]  262 	ld	h, #0x00
    00000091 29               [ 8]  263 	add	hl, hl
    00000092 29               [ 8]  264 	add	hl, hl
    00000093 29               [ 8]  265 	add	hl, hl
    00000094 7D               [ 4]  266 	ld	a, l
    00000095 4C               [ 4]  267 	ld	c, h
    00000096 F8 02            [12]  268 	ldhl	sp,	#2
    00000098 22               [ 8]  269 	ld	(hl+), a
    00000099 71               [ 8]  270 	ld	(hl), c
                                    271 ;src/states/game.c:56: if (player_x > SCREEN_WIDTH / 2)
    0000009A 21r00r00         [12]  272 	ld	hl, #_player_x
    0000009D 3E 50            [ 8]  273 	ld	a, #0x50
    0000009F 96               [ 8]  274 	sub	a, (hl)
    000000A0 23               [ 8]  275 	inc	hl
    000000A1 3E 00            [ 8]  276 	ld	a, #0x00
    000000A3 9E               [ 8]  277 	sbc	a, (hl)
    000000A4 30 15            [12]  278 	jr	NC, 00102$
                                    279 ;src/states/game.c:57: camera_x = player_x - SCREEN_WIDTH / 2;
    000000A6 FAr00r00         [16]  280 	ld	a, (_player_x)
    000000A9 21r01r00         [12]  281 	ld	hl, #_player_x + 1
    000000AC 46               [ 8]  282 	ld	b, (hl)
    000000AD C6 B0            [ 8]  283 	add	a, #0xb0
    000000AF 4F               [ 4]  284 	ld	c, a
    000000B0 78               [ 4]  285 	ld	a, b
    000000B1 CE FF            [ 8]  286 	adc	a, #0xff
    000000B3 21r0Br00         [12]  287 	ld	hl, #_camera_x
    000000B6 71               [ 8]  288 	ld	(hl), c
    000000B7 23               [ 8]  289 	inc	hl
    000000B8 77               [ 8]  290 	ld	(hl), a
    000000B9 18 06            [12]  291 	jr	00103$
    000000BB                        292 00102$:
                                    293 ;src/states/game.c:59: camera_x = 0;
    000000BB AF               [ 4]  294 	xor	a, a
    000000BC 21r0Br00         [12]  295 	ld	hl, #_camera_x
    000000BF 22               [ 8]  296 	ld	(hl+), a
    000000C0 77               [ 8]  297 	ld	(hl), a
    000000C1                        298 00103$:
                                    299 ;src/states/game.c:60: if (player_y > SCREEN_HEIGHT / 2)
    000000C1 21r02r00         [12]  300 	ld	hl, #_player_y
    000000C4 3E 48            [ 8]  301 	ld	a, #0x48
    000000C6 96               [ 8]  302 	sub	a, (hl)
    000000C7 23               [ 8]  303 	inc	hl
    000000C8 3E 00            [ 8]  304 	ld	a, #0x00
    000000CA 9E               [ 8]  305 	sbc	a, (hl)
    000000CB 30 15            [12]  306 	jr	NC, 00105$
                                    307 ;src/states/game.c:61: camera_y = player_y - SCREEN_HEIGHT / 2;
    000000CD FAr02r00         [16]  308 	ld	a, (_player_y)
    000000D0 21r03r00         [12]  309 	ld	hl, #_player_y + 1
    000000D3 46               [ 8]  310 	ld	b, (hl)
    000000D4 C6 B8            [ 8]  311 	add	a, #0xb8
    000000D6 4F               [ 4]  312 	ld	c, a
    000000D7 78               [ 4]  313 	ld	a, b
    000000D8 CE FF            [ 8]  314 	adc	a, #0xff
    000000DA 21r0Dr00         [12]  315 	ld	hl, #_camera_y
    000000DD 71               [ 8]  316 	ld	(hl), c
    000000DE 23               [ 8]  317 	inc	hl
    000000DF 77               [ 8]  318 	ld	(hl), a
    000000E0 18 06            [12]  319 	jr	00106$
    000000E2                        320 00105$:
                                    321 ;src/states/game.c:63: camera_y = 0;
    000000E2 AF               [ 4]  322 	xor	a, a
    000000E3 21r0Dr00         [12]  323 	ld	hl, #_camera_y
    000000E6 22               [ 8]  324 	ld	(hl+), a
    000000E7 77               [ 8]  325 	ld	(hl), a
    000000E8                        326 00106$:
                                    327 ;src/states/game.c:64: if (camera_x > w - SCREEN_WIDTH)
    000000E8 C1               [12]  328 	pop	bc
    000000E9 C5               [16]  329 	push	bc
    000000EA 79               [ 4]  330 	ld	a, c
    000000EB C6 60            [ 8]  331 	add	a, #0x60
    000000ED 5F               [ 4]  332 	ld	e, a
    000000EE 78               [ 4]  333 	ld	a, b
    000000EF CE FF            [ 8]  334 	adc	a, #0xff
    000000F1 57               [ 4]  335 	ld	d, a
    000000F2 FAr0Br00         [16]  336 	ld	a, (_camera_x)
    000000F5 6F               [ 4]  337 	ld	l, a
    000000F6 FAr0Cr00         [16]  338 	ld	a, (_camera_x + 1)
    000000F9 67               [ 4]  339 	ld	h, a
    000000FA 7B               [ 4]  340 	ld	a, e
    000000FB 95               [ 4]  341 	sub	a, l
    000000FC 7A               [ 4]  342 	ld	a, d
    000000FD 9C               [ 4]  343 	sbc	a, h
    000000FE 30 11            [12]  344 	jr	NC, 00108$
                                    345 ;src/states/game.c:65: camera_x = (w > SCREEN_WIDTH) ? (w - SCREEN_WIDTH) : 0;
    00000100 3E A0            [ 8]  346 	ld	a, #0xa0
    00000102 B9               [ 4]  347 	cp	a, c
    00000103 3E 00            [ 8]  348 	ld	a, #0x00
    00000105 98               [ 4]  349 	sbc	a, b
    00000106 38 03            [12]  350 	jr	C, 00115$
    00000108 11 00 00         [12]  351 	ld	de, #0x0000
    0000010B                        352 00115$:
    0000010B 21r0Br00         [12]  353 	ld	hl, #_camera_x
    0000010E 7B               [ 4]  354 	ld	a, e
    0000010F 22               [ 8]  355 	ld	(hl+), a
    00000110 72               [ 8]  356 	ld	(hl), d
    00000111                        357 00108$:
                                    358 ;src/states/game.c:66: if (camera_y > h - SCREEN_HEIGHT)
    00000111 F8 02            [12]  359 	ldhl	sp,	#2
    00000113 2A               [ 8]  360 	ld	a, (hl+)
    00000114 5F               [ 4]  361 	ld	e, a
    00000115 56               [ 8]  362 	ld	d, (hl)
    00000116 7B               [ 4]  363 	ld	a, e
    00000117 C6 70            [ 8]  364 	add	a, #0x70
    00000119 4F               [ 4]  365 	ld	c, a
    0000011A 7A               [ 4]  366 	ld	a, d
    0000011B CE FF            [ 8]  367 	adc	a, #0xff
    0000011D 47               [ 4]  368 	ld	b, a
    0000011E FAr0Dr00         [16]  369 	ld	a, (_camera_y)
    00000121 6F               [ 4]  370 	ld	l, a
    00000122 FAr0Er00         [16]  371 	ld	a, (_camera_y + 1)
    00000125 67               [ 4]  372 	ld	h, a
    00000126 79               [ 4]  373 	ld	a, c
    00000127 95               [ 4]  374 	sub	a, l
    00000128 78               [ 4]  375 	ld	a, b
    00000129 9C               [ 4]  376 	sbc	a, h
    0000012A 30 11            [12]  377 	jr	NC, 00110$
                                    378 ;src/states/game.c:67: camera_y = (h > SCREEN_HEIGHT) ? (h - SCREEN_HEIGHT) : 0;
    0000012C 3E 90            [ 8]  379 	ld	a, #0x90
    0000012E BB               [ 4]  380 	cp	a, e
    0000012F 3E 00            [ 8]  381 	ld	a, #0x00
    00000131 9A               [ 4]  382 	sbc	a, d
    00000132 38 03            [12]  383 	jr	C, 00117$
    00000134 01 00 00         [12]  384 	ld	bc, #0x0000
    00000137                        385 00117$:
    00000137 21r0Dr00         [12]  386 	ld	hl, #_camera_y
    0000013A 79               [ 4]  387 	ld	a, c
    0000013B 22               [ 8]  388 	ld	(hl+), a
    0000013C 70               [ 8]  389 	ld	(hl), b
    0000013D                        390 00110$:
                                    391 ;src/states/game.c:68: move_bkg(camera_x, camera_y);
    0000013D FAr0Dr00         [16]  392 	ld	a, (_camera_y)
    00000140 4F               [ 4]  393 	ld	c, a
    00000141 FAr0Br00         [16]  394 	ld	a, (#_camera_x)
    00000144 E0r00            [12]  395 	ldh	(_SCX_REG + 0), a
                                    396 ;./gbdk/include/gb/gb.h:1461: SCX_REG=x, SCY_REG=y;
    00000146 79               [ 4]  397 	ld	a, c
    00000147 E0r00            [12]  398 	ldh	(_SCY_REG + 0), a
                                    399 ;src/states/game.c:68: move_bkg(camera_x, camera_y);
                                    400 ;src/states/game.c:69: }
    00000149 E8 04            [16]  401 	add	sp, #4
    0000014B C9               [16]  402 	ret
                                    403 ;src/states/game.c:71: void hud_update(void) {
                                    404 ;	---------------------------------
                                    405 ; Function hud_update
                                    406 ; ---------------------------------
    0000014C                        407 _hud_update::
    0000014C E8 EC            [16]  408 	add	sp, #-20
                                    409 ;src/states/game.c:73: for (int i = 0; i < 20; i++)
    0000014E 0E 00            [ 8]  410 	ld	c, #0x00
    00000150                        411 00106$:
    00000150 79               [ 4]  412 	ld	a, c
    00000151 D6 14            [ 8]  413 	sub	a, #0x14
    00000153 30 15            [12]  414 	jr	NC, 00101$
                                    415 ;src/states/game.c:74: hud_tiles[i] = get_tile_for_char(' ');
    00000155 59               [ 4]  416 	ld	e, c
    00000156 16 00            [ 8]  417 	ld	d, #0x00
    00000158 21 00 00         [12]  418 	ld	hl, #0
    0000015B 39               [ 8]  419 	add	hl, sp
    0000015C 19               [ 8]  420 	add	hl, de
    0000015D E5               [16]  421 	push	hl
    0000015E C5               [16]  422 	push	bc
    0000015F 3E 20            [ 8]  423 	ld	a, #0x20
    00000161 CDr00r00         [24]  424 	call	_get_tile_for_char
    00000164 C1               [12]  425 	pop	bc
    00000165 E1               [12]  426 	pop	hl
    00000166 77               [ 8]  427 	ld	(hl), a
                                    428 ;src/states/game.c:73: for (int i = 0; i < 20; i++)
    00000167 0C               [ 4]  429 	inc	c
    00000168 18 E6            [12]  430 	jr	00106$
    0000016A                        431 00101$:
                                    432 ;src/states/game.c:76: hud_tiles[1] = get_tile_for_char('V');
    0000016A 3E 56            [ 8]  433 	ld	a, #0x56
    0000016C CDr00r00         [24]  434 	call	_get_tile_for_char
    0000016F F8 01            [12]  435 	ldhl	sp,	#1
    00000171 77               [ 8]  436 	ld	(hl), a
                                    437 ;src/states/game.c:77: hud_tiles[2] = get_tile_for_char('i');
    00000172 3E 69            [ 8]  438 	ld	a, #0x69
    00000174 CDr00r00         [24]  439 	call	_get_tile_for_char
    00000177 F8 02            [12]  440 	ldhl	sp,	#2
    00000179 77               [ 8]  441 	ld	(hl), a
                                    442 ;src/states/game.c:78: hud_tiles[3] = get_tile_for_char('d');
    0000017A 3E 64            [ 8]  443 	ld	a, #0x64
    0000017C CDr00r00         [24]  444 	call	_get_tile_for_char
    0000017F F8 03            [12]  445 	ldhl	sp,	#3
    00000181 77               [ 8]  446 	ld	(hl), a
                                    447 ;src/states/game.c:79: hud_tiles[4] = get_tile_for_char('a');
    00000182 3E 61            [ 8]  448 	ld	a, #0x61
    00000184 CDr00r00         [24]  449 	call	_get_tile_for_char
    00000187 F8 04            [12]  450 	ldhl	sp,	#4
    00000189 77               [ 8]  451 	ld	(hl), a
                                    452 ;src/states/game.c:80: hud_tiles[5] = get_tile_for_char('s');
    0000018A 3E 73            [ 8]  453 	ld	a, #0x73
    0000018C CDr00r00         [24]  454 	call	_get_tile_for_char
    0000018F F8 05            [12]  455 	ldhl	sp,	#5
    00000191 77               [ 8]  456 	ld	(hl), a
                                    457 ;src/states/game.c:81: hud_tiles[6] = get_tile_for_char(':');
    00000192 3E 3A            [ 8]  458 	ld	a, #0x3a
    00000194 CDr00r00         [24]  459 	call	_get_tile_for_char
    00000197 F8 06            [12]  460 	ldhl	sp,	#6
    00000199 77               [ 8]  461 	ld	(hl), a
                                    462 ;src/states/game.c:82: hud_tiles[8] = get_tile_for_char('0' + player_lives);
    0000019A FAr15r00         [16]  463 	ld	a, (_player_lives)
    0000019D C6 30            [ 8]  464 	add	a, #0x30
    0000019F CDr00r00         [24]  465 	call	_get_tile_for_char
    000001A2 F8 08            [12]  466 	ldhl	sp,	#8
    000001A4 77               [ 8]  467 	ld	(hl), a
                                    468 ;src/states/game.c:84: if (inventory_has_item("ARMA")) {
    000001A5 11r02r02         [12]  469 	ld	de, #___str_0
    000001A8 CDr00r00         [24]  470 	call	_inventory_has_item
    000001AB B7               [ 4]  471 	or	a, a
    000001AC 28 32            [12]  472 	jr	Z, 00103$
                                    473 ;src/states/game.c:85: hud_tiles[10] = get_tile_for_char('B');
    000001AE 3E 42            [ 8]  474 	ld	a, #0x42
    000001B0 CDr00r00         [24]  475 	call	_get_tile_for_char
    000001B3 F8 0A            [12]  476 	ldhl	sp,	#10
    000001B5 77               [ 8]  477 	ld	(hl), a
                                    478 ;src/states/game.c:86: hud_tiles[11] = get_tile_for_char(':');
    000001B6 3E 3A            [ 8]  479 	ld	a, #0x3a
    000001B8 CDr00r00         [24]  480 	call	_get_tile_for_char
    000001BB F8 0B            [12]  481 	ldhl	sp,	#11
    000001BD 77               [ 8]  482 	ld	(hl), a
                                    483 ;src/states/game.c:87: hud_tiles[12] = get_tile_for_char('0' + (player_ammo / 10));
    000001BE FAr16r00         [16]  484 	ld	a, (_player_ammo)
    000001C1 1E 0A            [ 8]  485 	ld	e, #0x0a
    000001C3 CDr00r00         [24]  486 	call	__divuchar
    000001C6 79               [ 4]  487 	ld	a, c
    000001C7 C6 30            [ 8]  488 	add	a, #0x30
    000001C9 CDr00r00         [24]  489 	call	_get_tile_for_char
    000001CC F8 0C            [12]  490 	ldhl	sp,	#12
    000001CE 77               [ 8]  491 	ld	(hl), a
                                    492 ;src/states/game.c:88: hud_tiles[13] = get_tile_for_char('0' + (player_ammo % 10));
    000001CF FAr16r00         [16]  493 	ld	a, (_player_ammo)
    000001D2 1E 0A            [ 8]  494 	ld	e, #0x0a
    000001D4 CDr00r00         [24]  495 	call	__moduchar
    000001D7 79               [ 4]  496 	ld	a, c
    000001D8 C6 30            [ 8]  497 	add	a, #0x30
    000001DA CDr00r00         [24]  498 	call	_get_tile_for_char
    000001DD F8 0D            [12]  499 	ldhl	sp,	#13
    000001DF 77               [ 8]  500 	ld	(hl), a
    000001E0                        501 00103$:
                                    502 ;src/states/game.c:91: set_win_tiles(0, 0, 20, 1, hud_tiles);
    000001E0 21 00 00         [12]  503 	ld	hl, #0
    000001E3 39               [ 8]  504 	add	hl, sp
    000001E4 E5               [16]  505 	push	hl
    000001E5 21 14 01         [12]  506 	ld	hl, #0x114
    000001E8 E5               [16]  507 	push	hl
    000001E9 AF               [ 4]  508 	xor	a, a
    000001EA 0F               [ 4]  509 	rrca
    000001EB F5               [16]  510 	push	af
    000001EC CDr00r00         [24]  511 	call	_set_win_tiles
    000001EF E8 06            [16]  512 	add	sp, #6
                                    513 ;./gbdk/include/gb/gb.h:1739: WX_REG=x, WY_REG=y;
    000001F1 3E 07            [ 8]  514 	ld	a, #0x07
    000001F3 E0r00            [12]  515 	ldh	(_WX_REG + 0), a
    000001F5 3E 88            [ 8]  516 	ld	a, #0x88
    000001F7 E0r00            [12]  517 	ldh	(_WY_REG + 0), a
                                    518 ;src/states/game.c:93: SHOW_WIN;
    000001F9 F0r00            [12]  519 	ldh	a, (_LCDC_REG + 0)
    000001FB F6 20            [ 8]  520 	or	a, #0x20
    000001FD E0r00            [12]  521 	ldh	(_LCDC_REG + 0), a
                                    522 ;src/states/game.c:94: }
    000001FF E8 14            [16]  523 	add	sp, #20
    00000201 C9               [16]  524 	ret
    00000202                        525 ___str_0:
    00000202 41 52 4D 41            526 	.ascii "ARMA"
    00000206 00                     527 	.db 0x00
                                    528 ;src/states/game.c:96: void update_player_sprite(void) {
                                    529 ;	---------------------------------
                                    530 ; Function update_player_sprite
                                    531 ; ---------------------------------
    00000207                        532 _update_player_sprite::
    00000207 3B               [ 8]  533 	dec	sp
                                    534 ;src/states/game.c:97: uint8_t base =
    00000208 FAr08r00         [16]  535 	ld	a, (#_player_dir)
    0000020B D6 03            [ 8]  536 	sub	a, #0x03
    0000020D 3E 01            [ 8]  537 	ld	a, #0x01
    0000020F 28 01            [12]  538 	jr	Z, 00198$
    00000211 AF               [ 4]  539 	xor	a, a
    00000212                        540 00198$:
    00000212 47               [ 4]  541 	ld	b, a
    00000213 B7               [ 4]  542 	or	a, a
    00000214 28 04            [12]  543 	jr	Z, 00124$
    00000216 0E 10            [ 8]  544 	ld	c, #0x10
    00000218 18 15            [12]  545 	jr	00125$
    0000021A                        546 00124$:
    0000021A FAr08r00         [16]  547 	ld	a, (#_player_dir)
    0000021D D6 02            [ 8]  548 	sub	a, #0x02
    0000021F 20 04            [12]  549 	jr	NZ, 00126$
    00000221 0E 10            [ 8]  550 	ld	c, #0x10
    00000223 18 0A            [12]  551 	jr	00127$
    00000225                        552 00126$:
    00000225 FAr08r00         [16]  553 	ld	a, (#_player_dir)
    00000228 3D               [ 4]  554 	dec	a
    00000229 0E 08            [ 8]  555 	ld	c, #0x08
    0000022B 28 02            [12]  556 	jr	Z, 00129$
    0000022D 0E 00            [ 8]  557 	ld	c, #0x00
    0000022F                        558 00129$:
    0000022F                        559 00127$:
    0000022F                        560 00125$:
    0000022F FAr09r00         [16]  561 	ld	a, (_anim_frame)
    00000232 87               [ 4]  562 	add	a, a
    00000233 87               [ 4]  563 	add	a, a
    00000234 81               [ 4]  564 	add	a, c
    00000235 4F               [ 4]  565 	ld	c, a
                                    566 ;src/states/game.c:101: uint8_t prop = (player_dir == 3) ? S_FLIPX : 0;
    00000236 78               [ 4]  567 	ld	a, b
    00000237 B7               [ 4]  568 	or	a, a
    00000238 1E 20            [ 8]  569 	ld	e, #0x20
    0000023A 20 02            [12]  570 	jr	NZ, 00131$
    0000023C 1E 00            [ 8]  571 	ld	e, #0x00
    0000023E                        572 00131$:
                                    573 ;src/states/game.c:102: if (prop == 0) {
    0000023E 7B               [ 4]  574 	ld	a, e
    0000023F B7               [ 4]  575 	or	a, a
    00000240 20 34            [12]  576 	jr	NZ, 00104$
                                    577 ;./gbdk/include/gb/gb.h:1887: shadow_OAM[nb].tile=tile;
    00000242 21r02r00         [12]  578 	ld	hl, #(_shadow_OAM + 2)
    00000245 71               [ 8]  579 	ld	(hl), c
                                    580 ;src/states/game.c:104: set_sprite_tile(1, base + 1);
    00000246 79               [ 4]  581 	ld	a, c
    00000247 3C               [ 4]  582 	inc	a
    00000248 F8 00            [12]  583 	ldhl	sp,	#0
    0000024A 77               [ 8]  584 	ld	(hl), a
                                    585 ;./gbdk/include/gb/gb.h:1887: shadow_OAM[nb].tile=tile;
    0000024B 11r06r00         [12]  586 	ld	de, #(_shadow_OAM + 6)
    0000024E 7E               [ 8]  587 	ld	a, (hl)
    0000024F 12               [ 8]  588 	ld	(de), a
                                    589 ;src/states/game.c:105: set_sprite_tile(2, base + 2);
    00000250 41               [ 4]  590 	ld	b, c
    00000251 04               [ 4]  591 	inc	b
    00000252 04               [ 4]  592 	inc	b
                                    593 ;./gbdk/include/gb/gb.h:1887: shadow_OAM[nb].tile=tile;
    00000253 21r0Ar00         [12]  594 	ld	hl, #(_shadow_OAM + 10)
    00000256 70               [ 8]  595 	ld	(hl), b
                                    596 ;src/states/game.c:106: set_sprite_tile(3, base + 3);
    00000257 0C               [ 4]  597 	inc	c
    00000258 0C               [ 4]  598 	inc	c
    00000259 0C               [ 4]  599 	inc	c
                                    600 ;./gbdk/include/gb/gb.h:1887: shadow_OAM[nb].tile=tile;
    0000025A 21r0Er00         [12]  601 	ld	hl, #(_shadow_OAM + 14)
    0000025D 71               [ 8]  602 	ld	(hl), c
                                    603 ;src/states/game.c:107: for (int i = 0; i < 4; i++)
    0000025E 0E 00            [ 8]  604 	ld	c, #0x00
    00000260                        605 00117$:
    00000260 79               [ 4]  606 	ld	a, c
    00000261 D6 04            [ 8]  607 	sub	a, #0x04
    00000263 30 46            [12]  608 	jr	NC, 00122$
                                    609 ;src/states/game.c:108: set_sprite_prop(i, 0);
                                    610 ;./gbdk/include/gb/gb.h:1946: shadow_OAM[nb].prop=prop;
    00000265 69               [ 4]  611 	ld	l, c
    00000266 26 00            [ 8]  612 	ld	h, #0x00
    00000268 29               [ 8]  613 	add	hl, hl
    00000269 29               [ 8]  614 	add	hl, hl
    0000026A 11r00r00         [12]  615 	ld	de, #_shadow_OAM
    0000026D 19               [ 8]  616 	add	hl, de
    0000026E 23               [ 8]  617 	inc	hl
    0000026F 23               [ 8]  618 	inc	hl
    00000270 23               [ 8]  619 	inc	hl
    00000271 36 00            [12]  620 	ld	(hl), #0x00
                                    621 ;src/states/game.c:107: for (int i = 0; i < 4; i++)
    00000273 0C               [ 4]  622 	inc	c
    00000274 18 EA            [12]  623 	jr	00117$
    00000276                        624 00104$:
                                    625 ;src/states/game.c:110: set_sprite_tile(0, base + 1);
    00000276 41               [ 4]  626 	ld	b, c
    00000277 78               [ 4]  627 	ld	a, b
    00000278 3C               [ 4]  628 	inc	a
    00000279 F8 00            [12]  629 	ldhl	sp,	#0
    0000027B 77               [ 8]  630 	ld	(hl), a
                                    631 ;./gbdk/include/gb/gb.h:1887: shadow_OAM[nb].tile=tile;
    0000027C 11r02r00         [12]  632 	ld	de, #(_shadow_OAM + 2)
    0000027F 7E               [ 8]  633 	ld	a, (hl)
    00000280 12               [ 8]  634 	ld	(de), a
    00000281 21r06r00         [12]  635 	ld	hl, #(_shadow_OAM + 6)
    00000284 71               [ 8]  636 	ld	(hl), c
                                    637 ;src/states/game.c:112: set_sprite_tile(2, base + 3);
    00000285 48               [ 4]  638 	ld	c, b
    00000286 0C               [ 4]  639 	inc	c
    00000287 0C               [ 4]  640 	inc	c
    00000288 0C               [ 4]  641 	inc	c
                                    642 ;./gbdk/include/gb/gb.h:1887: shadow_OAM[nb].tile=tile;
    00000289 21r0Ar00         [12]  643 	ld	hl, #(_shadow_OAM + 10)
    0000028C 71               [ 8]  644 	ld	(hl), c
                                    645 ;src/states/game.c:113: set_sprite_tile(3, base + 2);
    0000028D 04               [ 4]  646 	inc	b
    0000028E 04               [ 4]  647 	inc	b
                                    648 ;./gbdk/include/gb/gb.h:1887: shadow_OAM[nb].tile=tile;
    0000028F 21r0Er00         [12]  649 	ld	hl, #(_shadow_OAM + 14)
    00000292 70               [ 8]  650 	ld	(hl), b
                                    651 ;src/states/game.c:114: for (int i = 0; i < 4; i++)
    00000293 0E 00            [ 8]  652 	ld	c, #0x00
    00000295                        653 00120$:
    00000295 79               [ 4]  654 	ld	a, c
    00000296 D6 04            [ 8]  655 	sub	a, #0x04
    00000298 30 11            [12]  656 	jr	NC, 00122$
                                    657 ;src/states/game.c:115: set_sprite_prop(i, S_FLIPX);
                                    658 ;./gbdk/include/gb/gb.h:1946: shadow_OAM[nb].prop=prop;
    0000029A 69               [ 4]  659 	ld	l, c
    0000029B 11r00r00         [12]  660 	ld	de, #_shadow_OAM+0
    0000029E 26 00            [ 8]  661 	ld	h, #0x00
    000002A0 29               [ 8]  662 	add	hl, hl
    000002A1 29               [ 8]  663 	add	hl, hl
    000002A2 19               [ 8]  664 	add	hl, de
    000002A3 23               [ 8]  665 	inc	hl
    000002A4 23               [ 8]  666 	inc	hl
    000002A5 23               [ 8]  667 	inc	hl
    000002A6 36 20            [12]  668 	ld	(hl), #0x20
                                    669 ;src/states/game.c:114: for (int i = 0; i < 4; i++)
    000002A8 0C               [ 4]  670 	inc	c
    000002A9 18 EA            [12]  671 	jr	00120$
    000002AB                        672 00122$:
                                    673 ;src/states/game.c:117: }
    000002AB 33               [ 8]  674 	inc	sp
    000002AC C9               [16]  675 	ret
                                    676 ;src/states/game.c:119: void load_map(map_t *m, uint16_t x, uint16_t y) {
                                    677 ;	---------------------------------
                                    678 ; Function load_map
                                    679 ; ---------------------------------
    000002AD                        680 _load_map::
    000002AD E8 FA            [16]  681 	add	sp, #-6
    000002AF F8 04            [12]  682 	ldhl	sp,	#4
    000002B1 7B               [ 4]  683 	ld	a, e
    000002B2 22               [ 8]  684 	ld	(hl+), a
                                    685 ;src/states/game.c:120: HIDE_BKG;
                                    686 ;src/states/game.c:121: current_map = m;
    000002B3 7A               [ 4]  687 	ld	a, d
    000002B4 32               [ 8]  688 	ld	(hl-), a
    000002B5 F0r00            [12]  689 	ldh	a, (_LCDC_REG + 0)
    000002B7 E6 FE            [ 8]  690 	and	a, #0xfe
    000002B9 E0r00            [12]  691 	ldh	(_LCDC_REG + 0), a
    000002BB 7E               [ 8]  692 	ld	a, (hl)
    000002BC EAr00r00         [16]  693 	ld	(#_current_map),a
    000002BF F8 05            [12]  694 	ldhl	sp,	#5
    000002C1 7E               [ 8]  695 	ld	a, (hl)
    000002C2 EAr01r00         [16]  696 	ld	(#_current_map + 1),a
                                    697 ;src/states/game.c:122: player_x = x;
    000002C5 21r00r00         [12]  698 	ld	hl, #_player_x
    000002C8 79               [ 4]  699 	ld	a, c
    000002C9 22               [ 8]  700 	ld	(hl+), a
    000002CA 70               [ 8]  701 	ld	(hl), b
                                    702 ;src/states/game.c:123: player_y = y;
    000002CB F8 08            [12]  703 	ldhl	sp,	#8
    000002CD 7E               [ 8]  704 	ld	a, (hl)
    000002CE EAr02r00         [16]  705 	ld	(#_player_y),a
    000002D1 F8 09            [12]  706 	ldhl	sp,	#9
    000002D3 7E               [ 8]  707 	ld	a, (hl)
    000002D4 EAr03r00         [16]  708 	ld	(#_player_y + 1),a
                                    709 ;src/states/game.c:125: for (int i = 4; i < 40; i++)
    000002D7 0E 04            [ 8]  710 	ld	c, #0x04
    000002D9                        711 00113$:
    000002D9 79               [ 4]  712 	ld	a, c
    000002DA D6 28            [ 8]  713 	sub	a, #0x28
    000002DC 30 0F            [12]  714 	jr	NC, 00101$
                                    715 ;src/states/game.c:126: move_sprite(i, 0, 0); // Hide map sprites
                                    716 ;./gbdk/include/gb/gb.h:1973: OAM_item_t * itm = &shadow_OAM[nb];
    000002DE 69               [ 4]  717 	ld	l, c
    000002DF 26 00            [ 8]  718 	ld	h, #0x00
    000002E1 29               [ 8]  719 	add	hl, hl
    000002E2 29               [ 8]  720 	add	hl, hl
    000002E3 11r00r00         [12]  721 	ld	de, #_shadow_OAM
    000002E6 19               [ 8]  722 	add	hl, de
                                    723 ;./gbdk/include/gb/gb.h:1974: itm->y=y, itm->x=x;
    000002E7 AF               [ 4]  724 	xor	a, a
    000002E8 22               [ 8]  725 	ld	(hl+), a
    000002E9 77               [ 8]  726 	ld	(hl), a
                                    727 ;src/states/game.c:125: for (int i = 4; i < 40; i++)
    000002EA 0C               [ 4]  728 	inc	c
    000002EB 18 EC            [12]  729 	jr	00113$
    000002ED                        730 00101$:
                                    731 ;src/states/game.c:128: if (m == &maps[1]) // HOUSE_MAP
    000002ED F8 04            [12]  732 	ldhl	sp,	#4
    000002EF 7E               [ 8]  733 	ld	a, (hl)
    000002F0 D6r1A            [ 8]  734 	sub	a, #<((_maps + 26))
    000002F2 20 16            [12]  735 	jr	NZ, 00103$
    000002F4 23               [ 8]  736 	inc	hl
    000002F5 7E               [ 8]  737 	ld	a, (hl)
    000002F6 D6s00            [ 8]  738 	sub	a, #>((_maps + 26))
    000002F8 20 10            [12]  739 	jr	NZ, 00103$
                                    740 ;src/states/game.c:129: fill_bkg_rect(0, 0, 32, 32, 26);
    000002FA 21 20 1A         [12]  741 	ld	hl, #0x1a20
    000002FD E5               [16]  742 	push	hl
    000002FE 3E 20            [ 8]  743 	ld	a, #0x20
    00000300 F5               [16]  744 	push	af
    00000301 33               [ 8]  745 	inc	sp
    00000302 AF               [ 4]  746 	xor	a, a
    00000303 0F               [ 4]  747 	rrca
    00000304 F5               [16]  748 	push	af
    00000305 CDr00r00         [24]  749 	call	_fill_bkg_rect
    00000308 E8 05            [16]  750 	add	sp, #5
    0000030A                        751 00103$:
                                    752 ;src/states/game.c:131: set_bkg_tiles(0, 0, m->w, m->h, m->tiles);
    0000030A F8 04            [12]  753 	ldhl	sp,#4
    0000030C 2A               [ 8]  754 	ld	a, (hl+)
    0000030D 5F               [ 4]  755 	ld	e, a
    0000030E 3A               [ 8]  756 	ld	a, (hl-)
    0000030F 57               [ 4]  757 	ld	d, a
    00000310 1A               [ 8]  758 	ld	a, (de)
    00000311 4F               [ 4]  759 	ld	c, a
    00000312 13               [ 8]  760 	inc	de
    00000313 1A               [ 8]  761 	ld	a, (de)
    00000314 47               [ 4]  762 	ld	b, a
    00000315 2A               [ 8]  763 	ld	a, (hl+)
    00000316 5F               [ 4]  764 	ld	e, a
    00000317 3A               [ 8]  765 	ld	a, (hl-)
    00000318 57               [ 4]  766 	ld	d, a
    00000319 13               [ 8]  767 	inc	de
    0000031A 13               [ 8]  768 	inc	de
    0000031B 13               [ 8]  769 	inc	de
    0000031C 1A               [ 8]  770 	ld	a, (de)
    0000031D 5E               [ 8]  771 	ld	e, (hl)
    0000031E 23               [ 8]  772 	inc	hl
    0000031F 56               [ 8]  773 	ld	d, (hl)
    00000320 13               [ 8]  774 	inc	de
    00000321 13               [ 8]  775 	inc	de
    00000322 F5               [16]  776 	push	af
    00000323 1A               [ 8]  777 	ld	a, (de)
    00000324 67               [ 4]  778 	ld	h, a
    00000325 F1               [12]  779 	pop	af
    00000326 D5               [16]  780 	push	de
    00000327 C5               [16]  781 	push	bc
    00000328 F5               [16]  782 	push	af
    00000329 33               [ 8]  783 	inc	sp
    0000032A E5               [16]  784 	push	hl
    0000032B 33               [ 8]  785 	inc	sp
    0000032C AF               [ 4]  786 	xor	a, a
    0000032D 0F               [ 4]  787 	rrca
    0000032E F5               [16]  788 	push	af
    0000032F CDr00r00         [24]  789 	call	_set_bkg_tiles
    00000332 E8 06            [16]  790 	add	sp, #6
    00000334 D1               [12]  791 	pop	de
                                    792 ;src/states/game.c:134: if (m == &maps[2]) {
    00000335 F8 04            [12]  793 	ldhl	sp,	#4
    00000337 7E               [ 8]  794 	ld	a, (hl)
    00000338 D6r34            [ 8]  795 	sub	a, #<((_maps + 52))
    0000033A 20 60            [12]  796 	jr	NZ, 00108$
    0000033C 23               [ 8]  797 	inc	hl
    0000033D 7E               [ 8]  798 	ld	a, (hl)
    0000033E D6s00            [ 8]  799 	sub	a, #>((_maps + 52))
    00000340 20 5A            [12]  800 	jr	NZ, 00108$
                                    801 ;src/states/game.c:137: if (DIV_REG & 0x01) {
    00000342 F0r00            [12]  802 	ldh	a, (_DIV_REG + 0)
    00000344 0F               [ 4]  803 	rrca
    00000345 30 05            [12]  804 	jr	NC, 00105$
                                    805 ;src/states/game.c:138: rx = 2; // Top-left
    00000347 01 02 00         [12]  806 	ld	bc, #0x0002
    0000034A 18 0C            [12]  807 	jr	00106$
    0000034C                        808 00105$:
                                    809 ;src/states/game.c:140: rx = m->w - 4; // Top-right
    0000034C 1A               [ 8]  810 	ld	a, (de)
    0000034D 4F               [ 4]  811 	ld	c, a
    0000034E 06 00            [ 8]  812 	ld	b, #0x00
    00000350 79               [ 4]  813 	ld	a, c
    00000351 C6 FC            [ 8]  814 	add	a, #0xfc
    00000353 4F               [ 4]  815 	ld	c, a
    00000354 78               [ 4]  816 	ld	a, b
    00000355 CE FF            [ 8]  817 	adc	a, #0xff
    00000357 47               [ 4]  818 	ld	b, a
    00000358                        819 00106$:
                                    820 ;src/states/game.c:143: level2_door_x = rx * 8;
    00000358 69               [ 4]  821 	ld	l, c
    00000359 60               [ 4]  822 	ld	h, b
    0000035A 29               [ 8]  823 	add	hl, hl
    0000035B 29               [ 8]  824 	add	hl, hl
    0000035C 29               [ 8]  825 	add	hl, hl
    0000035D 7D               [ 4]  826 	ld	a, l
    0000035E 5C               [ 4]  827 	ld	e, h
    0000035F 21r0Fr00         [12]  828 	ld	hl, #_level2_door_x
    00000362 22               [ 8]  829 	ld	(hl+), a
    00000363 73               [ 8]  830 	ld	(hl), e
                                    831 ;src/states/game.c:144: level2_door_y = ry * 8;
    00000364 21r11r00         [12]  832 	ld	hl, #_level2_door_y
    00000367 3E 10            [ 8]  833 	ld	a, #0x10
    00000369 22               [ 8]  834 	ld	(hl+), a
    0000036A AF               [ 4]  835 	xor	a, a
    0000036B 77               [ 8]  836 	ld	(hl), a
                                    837 ;src/states/game.c:147: set_bkg_tile_xy(rx, ry, 31);
    0000036C C5               [16]  838 	push	bc
    0000036D 3E 1F            [ 8]  839 	ld	a, #0x1f
    0000036F F5               [16]  840 	push	af
    00000370 33               [ 8]  841 	inc	sp
    00000371 1E 02            [ 8]  842 	ld	e, #0x02
    00000373 79               [ 4]  843 	ld	a, c
    00000374 CDr00r00         [24]  844 	call	_set_bkg_tile_xy
    00000377 C1               [12]  845 	pop	bc
                                    846 ;src/states/game.c:148: set_bkg_tile_xy(rx + 1, ry, 31);
    00000378 41               [ 4]  847 	ld	b, c
    00000379 04               [ 4]  848 	inc	b
    0000037A C5               [16]  849 	push	bc
    0000037B 3E 1F            [ 8]  850 	ld	a, #0x1f
    0000037D F5               [16]  851 	push	af
    0000037E 33               [ 8]  852 	inc	sp
    0000037F 1E 02            [ 8]  853 	ld	e, #0x02
    00000381 78               [ 4]  854 	ld	a, b
    00000382 CDr00r00         [24]  855 	call	_set_bkg_tile_xy
    00000385 C1               [12]  856 	pop	bc
                                    857 ;src/states/game.c:149: set_bkg_tile_xy(rx, ry + 1, 31);
    00000386 C5               [16]  858 	push	bc
    00000387 3E 1F            [ 8]  859 	ld	a, #0x1f
    00000389 F5               [16]  860 	push	af
    0000038A 33               [ 8]  861 	inc	sp
    0000038B 1E 03            [ 8]  862 	ld	e, #0x03
    0000038D 79               [ 4]  863 	ld	a, c
    0000038E CDr00r00         [24]  864 	call	_set_bkg_tile_xy
    00000391 C1               [12]  865 	pop	bc
                                    866 ;src/states/game.c:150: set_bkg_tile_xy(rx + 1, ry + 1, 31);
    00000392 3E 1F            [ 8]  867 	ld	a, #0x1f
    00000394 F5               [16]  868 	push	af
    00000395 33               [ 8]  869 	inc	sp
    00000396 1E 03            [ 8]  870 	ld	e, #0x03
    00000398 78               [ 4]  871 	ld	a, b
    00000399 CDr00r00         [24]  872 	call	_set_bkg_tile_xy
    0000039C                        873 00108$:
                                    874 ;src/states/game.c:153: update_camera();
    0000039C CDr70r00         [24]  875 	call	_update_camera
                                    876 ;src/states/game.c:156: uint16_t sx = player_x - camera_x + 8, sy = player_y - camera_y + 16;
    0000039F FAr00r00         [16]  877 	ld	a, (_player_x)
    000003A2 21r0Br00         [12]  878 	ld	hl, #_camera_x
    000003A5 4E               [ 8]  879 	ld	c, (hl)
    000003A6 91               [ 4]  880 	sub	a, c
    000003A7 C6 08            [ 8]  881 	add	a, #0x08
    000003A9 F8 00            [12]  882 	ldhl	sp,	#0
    000003AB 77               [ 8]  883 	ld	(hl), a
    000003AC FAr02r00         [16]  884 	ld	a, (_player_y)
    000003AF 21r0Dr00         [12]  885 	ld	hl, #_camera_y
    000003B2 4E               [ 8]  886 	ld	c, (hl)
    000003B3 91               [ 4]  887 	sub	a, c
    000003B4 C6 10            [ 8]  888 	add	a, #0x10
    000003B6 F8 01            [12]  889 	ldhl	sp,	#1
    000003B8 77               [ 8]  890 	ld	(hl), a
                                    891 ;src/states/game.c:157: for (int i = 0; i < 4; i++)
    000003B9 0E 00            [ 8]  892 	ld	c, #0x00
    000003BB                        893 00116$:
    000003BB 79               [ 4]  894 	ld	a, c
    000003BC D6 04            [ 8]  895 	sub	a, #0x04
    000003BE 30 35            [12]  896 	jr	NC, 00109$
                                    897 ;src/states/game.c:158: move_sprite(i, sx + (i % 2 ? 8 : 0), sy + (i >= 2 ? 8 : 0));
    000003C0 F8 01            [12]  898 	ldhl	sp,	#1
    000003C2 5E               [ 8]  899 	ld	e, (hl)
    000003C3 79               [ 4]  900 	ld	a, c
    000003C4 D6 02            [ 8]  901 	sub	a, #0x02
    000003C6 38 04            [12]  902 	jr	C, 00120$
    000003C8 3E 08            [ 8]  903 	ld	a, #0x08
    000003CA 18 01            [12]  904 	jr	00121$
    000003CC                        905 00120$:
    000003CC AF               [ 4]  906 	xor	a, a
    000003CD                        907 00121$:
    000003CD 83               [ 4]  908 	add	a, e
    000003CE F8 02            [12]  909 	ldhl	sp,	#2
    000003D0 32               [ 8]  910 	ld	(hl-), a
    000003D1 2B               [ 8]  911 	dec	hl
    000003D2 5E               [ 8]  912 	ld	e, (hl)
    000003D3 41               [ 4]  913 	ld	b, c
    000003D4 78               [ 4]  914 	ld	a, b
    000003D5 E6 01            [ 8]  915 	and	a, #0x01
    000003D7 3E 08            [ 8]  916 	ld	a, #0x08
    000003D9 20 01            [12]  917 	jr	NZ, 00123$
    000003DB AF               [ 4]  918 	xor	a, a
    000003DC                        919 00123$:
    000003DC 83               [ 4]  920 	add	a, e
    000003DD F8 03            [12]  921 	ldhl	sp,	#3
    000003DF 77               [ 8]  922 	ld	(hl), a
                                    923 ;./gbdk/include/gb/gb.h:1973: OAM_item_t * itm = &shadow_OAM[nb];
    000003E0 11r00r00         [12]  924 	ld	de, #_shadow_OAM+0
    000003E3 AF               [ 4]  925 	xor	a, a
    000003E4 68               [ 4]  926 	ld	l, b
    000003E5 67               [ 4]  927 	ld	h, a
    000003E6 29               [ 8]  928 	add	hl, hl
    000003E7 29               [ 8]  929 	add	hl, hl
    000003E8 19               [ 8]  930 	add	hl, de
    000003E9 5D               [ 4]  931 	ld	e, l
    000003EA 54               [ 4]  932 	ld	d, h
                                    933 ;./gbdk/include/gb/gb.h:1974: itm->y=y, itm->x=x;
    000003EB F8 02            [12]  934 	ldhl	sp,	#2
    000003ED 2A               [ 8]  935 	ld	a, (hl+)
    000003EE 12               [ 8]  936 	ld	(de), a
    000003EF 13               [ 8]  937 	inc	de
    000003F0 7E               [ 8]  938 	ld	a, (hl)
    000003F1 12               [ 8]  939 	ld	(de), a
                                    940 ;src/states/game.c:157: for (int i = 0; i < 4; i++)
    000003F2 0C               [ 4]  941 	inc	c
    000003F3 18 C6            [12]  942 	jr	00116$
    000003F5                        943 00109$:
                                    944 ;src/states/game.c:160: SHOW_BKG;
    000003F5 F0r00            [12]  945 	ldh	a, (_LCDC_REG + 0)
    000003F7 F6 01            [ 8]  946 	or	a, #0x01
    000003F9 E0r00            [12]  947 	ldh	(_LCDC_REG + 0), a
                                    948 ;src/states/game.c:161: }
    000003FB E8 06            [16]  949 	add	sp, #6
    000003FD E1               [12]  950 	pop	hl
    000003FE F1               [12]  951 	pop	af
    000003FF E9               [ 4]  952 	jp	(hl)
                                    953 ;src/states/game.c:163: void switch_map(map_t *new_map, uint16_t new_x, uint16_t new_y) {
                                    954 ;	---------------------------------
                                    955 ; Function switch_map
                                    956 ; ---------------------------------
    00000400                        957 _switch_map::
                                    958 ;src/states/game.c:164: fade_out();
    00000400 C5               [16]  959 	push	bc
    00000401 D5               [16]  960 	push	de
    00000402 CDr00r00         [24]  961 	call	_fade_out
    00000405 D1               [12]  962 	pop	de
    00000406 C1               [12]  963 	pop	bc
                                    964 ;src/states/game.c:165: enter_x = new_x; // Remember map entrance
    00000407 21r04r00         [12]  965 	ld	hl, #_enter_x
    0000040A 79               [ 4]  966 	ld	a, c
    0000040B 22               [ 8]  967 	ld	(hl+), a
    0000040C 70               [ 8]  968 	ld	(hl), b
                                    969 ;src/states/game.c:166: enter_y = new_y;
    0000040D F8 02            [12]  970 	ldhl	sp,	#2
    0000040F 7E               [ 8]  971 	ld	a, (hl)
    00000410 EAr06r00         [16]  972 	ld	(#_enter_y),a
    00000413 F8 03            [12]  973 	ldhl	sp,	#3
    00000415 7E               [ 8]  974 	ld	a, (hl)
    00000416 EAr07r00         [16]  975 	ld	(#_enter_y + 1),a
                                    976 ;src/states/game.c:167: load_map(new_map, new_x, new_y);
    00000419 F8 02            [12]  977 	ldhl	sp,	#2
    0000041B 2A               [ 8]  978 	ld	a, (hl+)
    0000041C 66               [ 8]  979 	ld	h, (hl)
    0000041D 6F               [ 4]  980 	ld	l, a
    0000041E E5               [16]  981 	push	hl
    0000041F CDrADr02         [24]  982 	call	_load_map
                                    983 ;src/states/game.c:168: update_player_sprite();
    00000422 CDr07r02         [24]  984 	call	_update_player_sprite
                                    985 ;src/states/game.c:169: fade_in();
    00000425 CDr00r00         [24]  986 	call	_fade_in
                                    987 ;src/states/game.c:170: }
    00000428 E1               [12]  988 	pop	hl
    00000429 F1               [12]  989 	pop	af
    0000042A E9               [ 4]  990 	jp	(hl)
                                    991 ;src/states/game.c:172: uint8_t is_solid(uint16_t x, uint16_t y) { return map_is_solid(x, y); }
                                    992 ;	---------------------------------
                                    993 ; Function is_solid
                                    994 ; ---------------------------------
    0000042B                        995 _is_solid::
    0000042B C3r00r00         [16]  996 	jp	_map_is_solid
                                    997 ;src/states/game.c:174: uint8_t can_move(uint16_t nx, uint16_t ny) {
                                    998 ;	---------------------------------
                                    999 ; Function can_move
                                   1000 ; ---------------------------------
    0000042E                       1001 _can_move::
    0000042E E8 F2            [16] 1002 	add	sp, #-14
    00000430 F8 06            [12] 1003 	ldhl	sp,	#6
    00000432 7B               [ 4] 1004 	ld	a, e
    00000433 22               [ 8] 1005 	ld	(hl+), a
    00000434 72               [ 8] 1006 	ld	(hl), d
    00000435 F8 04            [12] 1007 	ldhl	sp,	#4
    00000437 79               [ 4] 1008 	ld	a, c
    00000438 22               [ 8] 1009 	ld	(hl+), a
                                   1010 ;src/states/game.c:175: if (nx < 4 || ny < 4 || nx > (current_map->w * 8 - 12) ||
    00000439 78               [ 4] 1011 	ld	a, b
    0000043A 22               [ 8] 1012 	ld	(hl+), a
    0000043B 2A               [ 8] 1013 	ld	a, (hl+)
    0000043C 23               [ 8] 1014 	inc	hl
    0000043D 32               [ 8] 1015 	ld	(hl-), a
    0000043E 2A               [ 8] 1016 	ld	a, (hl+)
    0000043F 23               [ 8] 1017 	inc	hl
    00000440 32               [ 8] 1018 	ld	(hl-), a
    00000441 2A               [ 8] 1019 	ld	a, (hl+)
    00000442 D6 04            [ 8] 1020 	sub	a, #0x04
    00000444 7E               [ 8] 1021 	ld	a, (hl)
    00000445 DE 00            [ 8] 1022 	sbc	a, #0x00
    00000447 38 4E            [12] 1023 	jr	C, 00101$
    00000449 F8 04            [12] 1024 	ldhl	sp,	#4
    0000044B 7E               [ 8] 1025 	ld	a, (hl)
    0000044C F8 0A            [12] 1026 	ldhl	sp,	#10
    0000044E 77               [ 8] 1027 	ld	(hl), a
    0000044F F8 05            [12] 1028 	ldhl	sp,	#5
    00000451 7E               [ 8] 1029 	ld	a, (hl)
    00000452 F8 0B            [12] 1030 	ldhl	sp,	#11
    00000454 32               [ 8] 1031 	ld	(hl-), a
    00000455 2A               [ 8] 1032 	ld	a, (hl+)
    00000456 D6 04            [ 8] 1033 	sub	a, #0x04
    00000458 7E               [ 8] 1034 	ld	a, (hl)
    00000459 DE 00            [ 8] 1035 	sbc	a, #0x00
    0000045B 38 3A            [12] 1036 	jr	C, 00101$
    0000045D FAr00r00         [16] 1037 	ld	a, (_current_map)
    00000460 4F               [ 4] 1038 	ld	c, a
    00000461 21r01r00         [12] 1039 	ld	hl, #_current_map + 1
    00000464 46               [ 8] 1040 	ld	b, (hl)
    00000465 69               [ 4] 1041 	ld	l, c
    00000466 60               [ 4] 1042 	ld	h, b
    00000467 23               [ 8] 1043 	inc	hl
    00000468 23               [ 8] 1044 	inc	hl
    00000469 6E               [ 8] 1045 	ld	l, (hl)
    0000046A 26 00            [ 8] 1046 	ld	h, #0x00
    0000046C 29               [ 8] 1047 	add	hl, hl
    0000046D 29               [ 8] 1048 	add	hl, hl
    0000046E 29               [ 8] 1049 	add	hl, hl
    0000046F 11 F4 FF         [12] 1050 	ld	de, #0xfff4
    00000472 19               [ 8] 1051 	add	hl, de
    00000473 5D               [ 4] 1052 	ld	e, l
    00000474 54               [ 4] 1053 	ld	d, h
    00000475 F8 08            [12] 1054 	ldhl	sp,	#8
    00000477 7B               [ 4] 1055 	ld	a, e
    00000478 96               [ 8] 1056 	sub	a, (hl)
    00000479 23               [ 8] 1057 	inc	hl
    0000047A 7A               [ 4] 1058 	ld	a, d
    0000047B 9E               [ 8] 1059 	sbc	a, (hl)
    0000047C 38 19            [12] 1060 	jr	C, 00101$
                                   1061 ;src/states/game.c:176: ny > (current_map->h * 8 - 12))
    0000047E 03               [ 8] 1062 	inc	bc
    0000047F 03               [ 8] 1063 	inc	bc
    00000480 03               [ 8] 1064 	inc	bc
    00000481 0A               [ 8] 1065 	ld	a, (bc)
    00000482 6F               [ 4] 1066 	ld	l, a
    00000483 26 00            [ 8] 1067 	ld	h, #0x00
    00000485 29               [ 8] 1068 	add	hl, hl
    00000486 29               [ 8] 1069 	add	hl, hl
    00000487 29               [ 8] 1070 	add	hl, hl
    00000488 01 F4 FF         [12] 1071 	ld	bc, #0xfff4
    0000048B 09               [ 8] 1072 	add	hl,bc
    0000048C 4D               [ 4] 1073 	ld	c, l
    0000048D 44               [ 4] 1074 	ld	b, h
    0000048E F8 0A            [12] 1075 	ldhl	sp,	#10
    00000490 79               [ 4] 1076 	ld	a, c
    00000491 96               [ 8] 1077 	sub	a, (hl)
    00000492 23               [ 8] 1078 	inc	hl
    00000493 78               [ 4] 1079 	ld	a, b
    00000494 9E               [ 8] 1080 	sbc	a, (hl)
    00000495 30 04            [12] 1081 	jr	NC, 00102$
    00000497                       1082 00101$:
                                   1083 ;src/states/game.c:177: return 0;
    00000497 AF               [ 4] 1084 	xor	a, a
    00000498 C3r13r06         [16] 1085 	jp	00124$
    0000049B                       1086 00102$:
                                   1087 ;src/states/game.c:179: if (is_solid(nx + 4, ny + 8) || is_solid(nx + 12, ny + 8) ||
    0000049B F8 0A            [12] 1088 	ldhl	sp,#10
    0000049D 2A               [ 8] 1089 	ld	a, (hl+)
    0000049E 5F               [ 4] 1090 	ld	e, a
    0000049F 56               [ 8] 1091 	ld	d, (hl)
    000004A0 21 08 00         [12] 1092 	ld	hl, #0x0008
    000004A3 19               [ 8] 1093 	add	hl, de
    000004A4 4D               [ 4] 1094 	ld	c, l
    000004A5 44               [ 4] 1095 	ld	b, h
    000004A6 F8 08            [12] 1096 	ldhl	sp,#8
    000004A8 2A               [ 8] 1097 	ld	a, (hl+)
    000004A9 5F               [ 4] 1098 	ld	e, a
    000004AA 56               [ 8] 1099 	ld	d, (hl)
    000004AB 21 04 00         [12] 1100 	ld	hl, #0x0004
    000004AE 19               [ 8] 1101 	add	hl, de
    000004AF 5D               [ 4] 1102 	ld	e, l
    000004B0 7C               [ 4] 1103 	ld	a, h
    000004B1 F8 0C            [12] 1104 	ldhl	sp,	#12
    000004B3 73               [ 8] 1105 	ld	(hl), e
    000004B4 23               [ 8] 1106 	inc	hl
    000004B5 32               [ 8] 1107 	ld	(hl-), a
    000004B6 C5               [16] 1108 	push	bc
    000004B7 2A               [ 8] 1109 	ld	a, (hl+)
    000004B8 5F               [ 4] 1110 	ld	e, a
    000004B9 56               [ 8] 1111 	ld	d, (hl)
    000004BA CDr2Br04         [24] 1112 	call	_is_solid
    000004BD C1               [12] 1113 	pop	bc
    000004BE B7               [ 4] 1114 	or	a, a
    000004BF 20 35            [12] 1115 	jr	NZ, 00106$
    000004C1 F8 08            [12] 1116 	ldhl	sp,#8
    000004C3 2A               [ 8] 1117 	ld	a, (hl+)
    000004C4 5F               [ 4] 1118 	ld	e, a
    000004C5 56               [ 8] 1119 	ld	d, (hl)
    000004C6 21 0C 00         [12] 1120 	ld	hl, #0x000c
    000004C9 19               [ 8] 1121 	add	hl, de
    000004CA 5D               [ 4] 1122 	ld	e, l
    000004CB 54               [ 4] 1123 	ld	d, h
    000004CC D5               [16] 1124 	push	de
    000004CD CDr2Br04         [24] 1125 	call	_is_solid
    000004D0 D1               [12] 1126 	pop	de
    000004D1 B7               [ 4] 1127 	or	a, a
    000004D2 20 22            [12] 1128 	jr	NZ, 00106$
                                   1129 ;src/states/game.c:180: is_solid(nx + 4, ny + 15) || is_solid(nx + 12, ny + 15)) {
    000004D4 D5               [16] 1130 	push	de
    000004D5 F8 0C            [12] 1131 	ldhl	sp,#12
    000004D7 2A               [ 8] 1132 	ld	a, (hl+)
    000004D8 5F               [ 4] 1133 	ld	e, a
    000004D9 56               [ 8] 1134 	ld	d, (hl)
    000004DA 21 0F 00         [12] 1135 	ld	hl, #0x000f
    000004DD 19               [ 8] 1136 	add	hl, de
    000004DE D1               [12] 1137 	pop	de
    000004DF 4D               [ 4] 1138 	ld	c, l
    000004E0 44               [ 4] 1139 	ld	b, h
    000004E1 C5               [16] 1140 	push	bc
    000004E2 D5               [16] 1141 	push	de
    000004E3 F8 10            [12] 1142 	ldhl	sp,	#16
    000004E5 2A               [ 8] 1143 	ld	a, (hl+)
    000004E6 5F               [ 4] 1144 	ld	e, a
    000004E7 56               [ 8] 1145 	ld	d, (hl)
    000004E8 CDr2Br04         [24] 1146 	call	_is_solid
    000004EB D1               [12] 1147 	pop	de
    000004EC C1               [12] 1148 	pop	bc
    000004ED B7               [ 4] 1149 	or	a, a
    000004EE 20 06            [12] 1150 	jr	NZ, 00106$
    000004F0 CDr2Br04         [24] 1151 	call	_is_solid
    000004F3 B7               [ 4] 1152 	or	a, a
    000004F4 28 04            [12] 1153 	jr	Z, 00138$
    000004F6                       1154 00106$:
                                   1155 ;src/states/game.c:181: return 0;
    000004F6 AF               [ 4] 1156 	xor	a, a
    000004F7 C3r13r06         [16] 1157 	jp	00124$
                                   1158 ;src/states/game.c:184: for (int i = 0; i < current_map->num_entities; i++) {
    000004FA                       1159 00138$:
    000004FA AF               [ 4] 1160 	xor	a, a
    000004FB F8 08            [12] 1161 	ldhl	sp,	#8
    000004FD 22               [ 8] 1162 	ld	(hl+), a
    000004FE 77               [ 8] 1163 	ld	(hl), a
    000004FF                       1164 00123$:
                                   1165 ;src/states/game.c:175: if (nx < 4 || ny < 4 || nx > (current_map->w * 8 - 12) ||
    000004FF FAr00r00         [16] 1166 	ld	a, (_current_map)
    00000502 4F               [ 4] 1167 	ld	c, a
    00000503 21r01r00         [12] 1168 	ld	hl, #_current_map + 1
    00000506 46               [ 8] 1169 	ld	b, (hl)
                                   1170 ;src/states/game.c:184: for (int i = 0; i < current_map->num_entities; i++) {
    00000507 21 06 00         [12] 1171 	ld	hl, #0x0006
    0000050A 09               [ 8] 1172 	add	hl, bc
    0000050B 7E               [ 8] 1173 	ld	a, (hl)
    0000050C F8 0C            [12] 1174 	ldhl	sp,	#12
    0000050E 22               [ 8] 1175 	ld	(hl+), a
    0000050F 36 00            [12] 1176 	ld	(hl), #0x00
    00000511 F8 08            [12] 1177 	ldhl	sp,	#8
    00000513 5D               [ 4] 1178 	ld	e, l
    00000514 54               [ 4] 1179 	ld	d, h
    00000515 F8 0C            [12] 1180 	ldhl	sp,	#12
    00000517 1A               [ 8] 1181 	ld	a, (de)
    00000518 13               [ 8] 1182 	inc	de
    00000519 96               [ 8] 1183 	sub	a, (hl)
    0000051A 23               [ 8] 1184 	inc	hl
    0000051B 1A               [ 8] 1185 	ld	a, (de)
    0000051C 9E               [ 8] 1186 	sbc	a, (hl)
    0000051D 1A               [ 8] 1187 	ld	a, (de)
    0000051E 57               [ 4] 1188 	ld	d, a
    0000051F 5E               [ 8] 1189 	ld	e, (hl)
    00000520 CB 7B            [ 8] 1190 	bit	7, e
    00000522 28 07            [12] 1191 	jr	Z, 00217$
    00000524 CB 7A            [ 8] 1192 	bit	7, d
    00000526 20 08            [12] 1193 	jr	NZ, 00218$
    00000528 BF               [ 4] 1194 	cp	a, a
    00000529 18 05            [12] 1195 	jr	00218$
    0000052B                       1196 00217$:
    0000052B CB 7A            [ 8] 1197 	bit	7, d
    0000052D 28 01            [12] 1198 	jr	Z, 00218$
    0000052F 37               [ 4] 1199 	scf
    00000530                       1200 00218$:
    00000530 D2r11r06         [16] 1201 	jp	NC, 00121$
                                   1202 ;src/states/game.c:185: entity_t *e = &current_map->entities[i];
    00000533 21 04 00         [12] 1203 	ld	hl, #0x0004
    00000536 09               [ 8] 1204 	add	hl, bc
    00000537 2A               [ 8] 1205 	ld	a, (hl+)
    00000538 4F               [ 4] 1206 	ld	c, a
    00000539 46               [ 8] 1207 	ld	b, (hl)
    0000053A F8 08            [12] 1208 	ldhl	sp,	#8
    0000053C 2A               [ 8] 1209 	ld	a, (hl+)
    0000053D 5E               [ 8] 1210 	ld	e, (hl)
    0000053E 87               [ 4] 1211 	add	a, a
    0000053F CB 13            [ 8] 1212 	rl	e
    00000541 87               [ 4] 1213 	add	a, a
    00000542 CB 13            [ 8] 1214 	rl	e
    00000544 87               [ 4] 1215 	add	a, a
    00000545 CB 13            [ 8] 1216 	rl	e
    00000547 87               [ 4] 1217 	add	a, a
    00000548 CB 13            [ 8] 1218 	rl	e
    0000054A 6F               [ 4] 1219 	ld	l, a
    0000054B 63               [ 4] 1220 	ld	h, e
    0000054C 09               [ 8] 1221 	add	hl, bc
    0000054D E5               [16] 1222 	push	hl
    0000054E 7D               [ 4] 1223 	ld	a, l
    0000054F F8 04            [12] 1224 	ldhl	sp,	#4
    00000551 77               [ 8] 1225 	ld	(hl), a
    00000552 E1               [12] 1226 	pop	hl
    00000553 7C               [ 4] 1227 	ld	a, h
    00000554 F8 03            [12] 1228 	ldhl	sp,	#3
                                   1229 ;src/states/game.c:186: if (!e->active)
    00000556 32               [ 8] 1230 	ld	(hl-), a
    00000557 2A               [ 8] 1231 	ld	a, (hl+)
    00000558 5F               [ 4] 1232 	ld	e, a
    00000559 56               [ 8] 1233 	ld	d, (hl)
    0000055A 21 08 00         [12] 1234 	ld	hl, #0x0008
    0000055D 19               [ 8] 1235 	add	hl, de
    0000055E 4D               [ 4] 1236 	ld	c, l
    0000055F 44               [ 4] 1237 	ld	b, h
    00000560 0A               [ 8] 1238 	ld	a, (bc)
    00000561 B7               [ 4] 1239 	or	a, a
    00000562 CAr06r06         [16] 1240 	jp	Z, 00120$
                                   1241 ;src/states/game.c:188: int16_t dx = (int16_t)nx - e->x, dy = (int16_t)ny - e->y;
    00000565 F8 06            [12] 1242 	ldhl	sp,	#6
    00000567 2A               [ 8] 1243 	ld	a, (hl+)
    00000568 4F               [ 4] 1244 	ld	c, a
    00000569 46               [ 8] 1245 	ld	b, (hl)
    0000056A F8 02            [12] 1246 	ldhl	sp,#2
    0000056C 2A               [ 8] 1247 	ld	a, (hl+)
    0000056D 5F               [ 4] 1248 	ld	e, a
    0000056E 56               [ 8] 1249 	ld	d, (hl)
    0000056F 1A               [ 8] 1250 	ld	a, (de)
    00000570 F8 00            [12] 1251 	ldhl	sp,	#0
    00000572 22               [ 8] 1252 	ld	(hl+), a
    00000573 13               [ 8] 1253 	inc	de
    00000574 1A               [ 8] 1254 	ld	a, (de)
    00000575 77               [ 8] 1255 	ld	(hl), a
    00000576 F8 0C            [12] 1256 	ldhl	sp,	#12
    00000578 79               [ 4] 1257 	ld	a, c
    00000579 22               [ 8] 1258 	ld	(hl+), a
    0000057A 78               [ 4] 1259 	ld	a, b
    0000057B 32               [ 8] 1260 	ld	(hl-), a
    0000057C 2A               [ 8] 1261 	ld	a, (hl+)
    0000057D 5F               [ 4] 1262 	ld	e, a
    0000057E 56               [ 8] 1263 	ld	d, (hl)
    0000057F E1               [12] 1264 	pop	hl
    00000580 E5               [16] 1265 	push	hl
    00000581 7B               [ 4] 1266 	ld	a, e
    00000582 95               [ 4] 1267 	sub	a, l
    00000583 5F               [ 4] 1268 	ld	e, a
    00000584 7A               [ 4] 1269 	ld	a, d
    00000585 9C               [ 4] 1270 	sbc	a, h
    00000586 F8 0B            [12] 1271 	ldhl	sp,	#11
    00000588 32               [ 8] 1272 	ld	(hl-), a
    00000589 73               [ 8] 1273 	ld	(hl), e
    0000058A F8 04            [12] 1274 	ldhl	sp,	#4
    0000058C 7E               [ 8] 1275 	ld	a, (hl)
    0000058D F8 0C            [12] 1276 	ldhl	sp,	#12
    0000058F 77               [ 8] 1277 	ld	(hl), a
    00000590 F8 05            [12] 1278 	ldhl	sp,	#5
    00000592 7E               [ 8] 1279 	ld	a, (hl)
    00000593 F8 0D            [12] 1280 	ldhl	sp,	#13
    00000595 77               [ 8] 1281 	ld	(hl), a
    00000596 F8 02            [12] 1282 	ldhl	sp,	#2
    00000598 2A               [ 8] 1283 	ld	a, (hl+)
    00000599 66               [ 8] 1284 	ld	h, (hl)
    0000059A 6F               [ 4] 1285 	ld	l, a
    0000059B 23               [ 8] 1286 	inc	hl
    0000059C 23               [ 8] 1287 	inc	hl
    0000059D 2A               [ 8] 1288 	ld	a, (hl+)
    0000059E 4F               [ 4] 1289 	ld	c, a
    0000059F 46               [ 8] 1290 	ld	b, (hl)
    000005A0 F8 0C            [12] 1291 	ldhl	sp,	#12
    000005A2 7E               [ 8] 1292 	ld	a, (hl)
    000005A3 F8 02            [12] 1293 	ldhl	sp,	#2
    000005A5 77               [ 8] 1294 	ld	(hl), a
    000005A6 F8 0D            [12] 1295 	ldhl	sp,	#13
    000005A8 7E               [ 8] 1296 	ld	a, (hl)
    000005A9 F8 03            [12] 1297 	ldhl	sp,	#3
    000005AB 32               [ 8] 1298 	ld	(hl-), a
    000005AC 2A               [ 8] 1299 	ld	a, (hl+)
    000005AD 5F               [ 4] 1300 	ld	e, a
    000005AE 56               [ 8] 1301 	ld	d, (hl)
    000005AF 7B               [ 4] 1302 	ld	a, e
    000005B0 91               [ 4] 1303 	sub	a, c
    000005B1 5F               [ 4] 1304 	ld	e, a
    000005B2 7A               [ 4] 1305 	ld	a, d
    000005B3 98               [ 4] 1306 	sbc	a, b
    000005B4 F8 0D            [12] 1307 	ldhl	sp,	#13
    000005B6 32               [ 8] 1308 	ld	(hl-), a
                                   1309 ;src/states/game.c:189: if (dx < 0)
    000005B7 7B               [ 4] 1310 	ld	a, e
    000005B8 32               [ 8] 1311 	ld	(hl-), a
    000005B9 2B               [ 8] 1312 	dec	hl
    000005BA 2A               [ 8] 1313 	ld	a, (hl+)
    000005BB CB 7E            [12] 1314 	bit	7, (hl)
    000005BD 28 0F            [12] 1315 	jr	Z, 00114$
                                   1316 ;src/states/game.c:190: dx = -dx;
    000005BF 11 00 00         [12] 1317 	ld	de, #0x0000
    000005C2 3A               [ 8] 1318 	ld	a, (hl-)
    000005C3 6E               [ 8] 1319 	ld	l, (hl)
    000005C4 67               [ 4] 1320 	ld	h, a
    000005C5 7B               [ 4] 1321 	ld	a, e
    000005C6 95               [ 4] 1322 	sub	a, l
    000005C7 5F               [ 4] 1323 	ld	e, a
    000005C8 7A               [ 4] 1324 	ld	a, d
    000005C9 9C               [ 4] 1325 	sbc	a, h
    000005CA F8 0B            [12] 1326 	ldhl	sp,	#11
    000005CC 32               [ 8] 1327 	ld	(hl-), a
    000005CD 73               [ 8] 1328 	ld	(hl), e
    000005CE                       1329 00114$:
                                   1330 ;src/states/game.c:191: if (dy < 0)
    000005CE F8 0C            [12] 1331 	ldhl	sp,	#12
    000005D0 2A               [ 8] 1332 	ld	a, (hl+)
    000005D1 CB 7E            [12] 1333 	bit	7, (hl)
    000005D3 28 0F            [12] 1334 	jr	Z, 00116$
                                   1335 ;src/states/game.c:192: dy = -dy;
    000005D5 11 00 00         [12] 1336 	ld	de, #0x0000
    000005D8 3A               [ 8] 1337 	ld	a, (hl-)
    000005D9 6E               [ 8] 1338 	ld	l, (hl)
    000005DA 67               [ 4] 1339 	ld	h, a
    000005DB 7B               [ 4] 1340 	ld	a, e
    000005DC 95               [ 4] 1341 	sub	a, l
    000005DD 5F               [ 4] 1342 	ld	e, a
    000005DE 7A               [ 4] 1343 	ld	a, d
    000005DF 9C               [ 4] 1344 	sbc	a, h
    000005E0 F8 0D            [12] 1345 	ldhl	sp,	#13
    000005E2 32               [ 8] 1346 	ld	(hl-), a
    000005E3 73               [ 8] 1347 	ld	(hl), e
    000005E4                       1348 00116$:
                                   1349 ;src/states/game.c:193: if (dx < 12 && dy < 12)
    000005E4 F8 0A            [12] 1350 	ldhl	sp,	#10
    000005E6 2A               [ 8] 1351 	ld	a, (hl+)
    000005E7 4F               [ 4] 1352 	ld	c, a
    000005E8 46               [ 8] 1353 	ld	b, (hl)
    000005E9 79               [ 4] 1354 	ld	a, c
    000005EA D6 0C            [ 8] 1355 	sub	a, #0x0c
    000005EC 78               [ 4] 1356 	ld	a, b
    000005ED 17               [ 4] 1357 	rla
    000005EE 3F               [ 4] 1358 	ccf
    000005EF 1F               [ 4] 1359 	rra
    000005F0 DE 80            [ 8] 1360 	sbc	a, #0x80
    000005F2 30 12            [12] 1361 	jr	NC, 00120$
    000005F4 23               [ 8] 1362 	inc	hl
    000005F5 2A               [ 8] 1363 	ld	a, (hl+)
    000005F6 4F               [ 4] 1364 	ld	c, a
    000005F7 46               [ 8] 1365 	ld	b, (hl)
    000005F8 79               [ 4] 1366 	ld	a, c
    000005F9 D6 0C            [ 8] 1367 	sub	a, #0x0c
    000005FB 78               [ 4] 1368 	ld	a, b
    000005FC 17               [ 4] 1369 	rla
    000005FD 3F               [ 4] 1370 	ccf
    000005FE 1F               [ 4] 1371 	rra
    000005FF DE 80            [ 8] 1372 	sbc	a, #0x80
    00000601 30 03            [12] 1373 	jr	NC, 00120$
                                   1374 ;src/states/game.c:194: return 0; // Collide if too close
    00000603 AF               [ 4] 1375 	xor	a, a
    00000604 18 0D            [12] 1376 	jr	00124$
    00000606                       1377 00120$:
                                   1378 ;src/states/game.c:184: for (int i = 0; i < current_map->num_entities; i++) {
    00000606 F8 08            [12] 1379 	ldhl	sp,	#8
    00000608 34               [12] 1380 	inc	(hl)
    00000609 C2rFFr04         [16] 1381 	jp	NZ, 00123$
    0000060C 23               [ 8] 1382 	inc	hl
    0000060D 34               [12] 1383 	inc	(hl)
    0000060E C3rFFr04         [16] 1384 	jp	00123$
    00000611                       1385 00121$:
                                   1386 ;src/states/game.c:196: return 1;
    00000611 3E 01            [ 8] 1387 	ld	a, #0x01
    00000613                       1388 00124$:
                                   1389 ;src/states/game.c:197: }
    00000613 E8 0E            [16] 1390 	add	sp, #14
    00000615 C9               [16] 1391 	ret
                                   1392 ;src/states/game.c:203: void game_init(void) {
                                   1393 ;	---------------------------------
                                   1394 ; Function game_init
                                   1395 ; ---------------------------------
    00000616                       1396 _game_init::
                                   1397 ;src/states/game.c:204: DISPLAY_OFF;
    00000616 CDr00r00         [24] 1398 	call	_display_off
                                   1399 ;src/states/game.c:205: set_bkg_data(0, 40, tiles_data); // All tiles (now 40)
    00000619 11r00r00         [12] 1400 	ld	de, #_tiles_data
    0000061C D5               [16] 1401 	push	de
    0000061D 21 00 28         [12] 1402 	ld	hl, #0x2800
    00000620 E5               [16] 1403 	push	hl
    00000621 CDr00r00         [24] 1404 	call	_set_bkg_data
    00000624 E8 04            [16] 1405 	add	sp, #4
                                   1406 ;src/states/game.c:207: if (game_ready) {
    00000626 FAr17r00         [16] 1407 	ld	a, (#_game_ready)
    00000629 B7               [ 4] 1408 	or	a, a
    0000062A 28 3B            [12] 1409 	jr	Z, 00102$
                                   1410 ;src/states/game.c:208: map_init_data();
    0000062C CDr00r00         [24] 1411 	call	_map_init_data
                                   1412 ;src/states/game.c:209: load_map(current_map, player_x, player_y);
    0000062F FAr02r00         [16] 1413 	ld	a, (_player_y)
    00000632 5F               [ 4] 1414 	ld	e, a
    00000633 21r03r00         [12] 1415 	ld	hl, #_player_y + 1
    00000636 56               [ 8] 1416 	ld	d, (hl)
    00000637 D5               [16] 1417 	push	de
    00000638 FAr00r00         [16] 1418 	ld	a, (_player_x)
    0000063B 4F               [ 4] 1419 	ld	c, a
    0000063C 21r01r00         [12] 1420 	ld	hl, #_player_x + 1
    0000063F 46               [ 8] 1421 	ld	b, (hl)
    00000640 FAr00r00         [16] 1422 	ld	a, (_current_map)
    00000643 5F               [ 4] 1423 	ld	e, a
    00000644 21r01r00         [12] 1424 	ld	hl, #_current_map + 1
    00000647 56               [ 8] 1425 	ld	d, (hl)
    00000648 CDrADr02         [24] 1426 	call	_load_map
                                   1427 ;src/states/game.c:210: update_player_sprite();
    0000064B CDr07r02         [24] 1428 	call	_update_player_sprite
                                   1429 ;src/states/game.c:211: BGP_REG = OBP0_REG = OBP1_REG = 0xE4;
    0000064E 3E E4            [ 8] 1430 	ld	a, #0xe4
    00000650 E0r00            [12] 1431 	ldh	(_OBP1_REG + 0), a
    00000652 3E E4            [ 8] 1432 	ld	a, #0xe4
    00000654 E0r00            [12] 1433 	ldh	(_OBP0_REG + 0), a
    00000656 3E E4            [ 8] 1434 	ld	a, #0xe4
    00000658 E0r00            [12] 1435 	ldh	(_BGP_REG + 0), a
                                   1436 ;src/states/game.c:212: SHOW_SPRITES;
    0000065A F0r00            [12] 1437 	ldh	a, (_LCDC_REG + 0)
    0000065C F6 02            [ 8] 1438 	or	a, #0x02
    0000065E E0r00            [12] 1439 	ldh	(_LCDC_REG + 0), a
                                   1440 ;src/states/game.c:213: DISPLAY_ON;
    00000660 F0r00            [12] 1441 	ldh	a, (_LCDC_REG + 0)
    00000662 F6 80            [ 8] 1442 	or	a, #0x80
    00000664 E0r00            [12] 1443 	ldh	(_LCDC_REG + 0), a
                                   1444 ;src/states/game.c:214: return;
    00000666 C9               [16] 1445 	ret
    00000667                       1446 00102$:
                                   1447 ;src/states/game.c:217: map_init_data();
    00000667 CDr00r00         [24] 1448 	call	_map_init_data
                                   1449 ;src/states/game.c:218: enter_x = 128;
    0000066A 21r04r00         [12] 1450 	ld	hl, #_enter_x
    0000066D 3E 80            [ 8] 1451 	ld	a, #0x80
    0000066F 22               [ 8] 1452 	ld	(hl+), a
    00000670 AF               [ 4] 1453 	xor	a, a
    00000671 77               [ 8] 1454 	ld	(hl), a
                                   1455 ;src/states/game.c:219: enter_y = 128;
    00000672 21r06r00         [12] 1456 	ld	hl, #_enter_y
    00000675 3E 80            [ 8] 1457 	ld	a, #0x80
    00000677 22               [ 8] 1458 	ld	(hl+), a
                                   1459 ;src/states/game.c:220: load_map(&maps[0], 128, 128); // WORLD_MAP
    00000678 AF               [ 4] 1460 	xor	a, a
    00000679 77               [ 8] 1461 	ld	(hl), a
    0000067A F5               [16] 1462 	push	af
    0000067B 01 80 00         [12] 1463 	ld	bc, #0x0080
    0000067E 11r00r00         [12] 1464 	ld	de, #_maps
    00000681 CDrADr02         [24] 1465 	call	_load_map
                                   1466 ;src/states/game.c:222: BGP_REG = OBP0_REG = OBP1_REG = 0xE4;
    00000684 3E E4            [ 8] 1467 	ld	a, #0xe4
    00000686 E0r00            [12] 1468 	ldh	(_OBP1_REG + 0), a
    00000688 3E E4            [ 8] 1469 	ld	a, #0xe4
    0000068A E0r00            [12] 1470 	ldh	(_OBP0_REG + 0), a
    0000068C 3E E4            [ 8] 1471 	ld	a, #0xe4
    0000068E E0r00            [12] 1472 	ldh	(_BGP_REG + 0), a
                                   1473 ;src/states/game.c:223: SPRITES_8x8;
    00000690 F0r00            [12] 1474 	ldh	a, (_LCDC_REG + 0)
    00000692 E6 FB            [ 8] 1475 	and	a, #0xfb
    00000694 E0r00            [12] 1476 	ldh	(_LCDC_REG + 0), a
                                   1477 ;src/states/game.c:224: set_sprite_data(0, 24, player_sprites);
    00000696 11r00r00         [12] 1478 	ld	de, #_player_sprites
    00000699 D5               [16] 1479 	push	de
    0000069A 21 00 18         [12] 1480 	ld	hl, #0x1800
    0000069D E5               [16] 1481 	push	hl
    0000069E CDr00r00         [24] 1482 	call	_set_sprite_data
    000006A1 E8 04            [16] 1483 	add	sp, #4
                                   1484 ;src/states/game.c:225: set_sprite_data(24, 4, npc_child_sprite);
    000006A3 11r00r00         [12] 1485 	ld	de, #_npc_child_sprite
    000006A6 D5               [16] 1486 	push	de
    000006A7 21 18 04         [12] 1487 	ld	hl, #0x418
    000006AA E5               [16] 1488 	push	hl
    000006AB CDr00r00         [24] 1489 	call	_set_sprite_data
    000006AE E8 04            [16] 1490 	add	sp, #4
                                   1491 ;src/states/game.c:226: set_sprite_data(28, 8, guard_sprite_data);
    000006B0 11r00r00         [12] 1492 	ld	de, #_guard_sprite_data
    000006B3 D5               [16] 1493 	push	de
    000006B4 21 1C 08         [12] 1494 	ld	hl, #0x81c
    000006B7 E5               [16] 1495 	push	hl
    000006B8 CDr00r00         [24] 1496 	call	_set_sprite_data
    000006BB E8 04            [16] 1497 	add	sp, #4
                                   1498 ;src/states/game.c:227: set_sprite_data(36, 4, npc_woman_sprite);
    000006BD 11r00r00         [12] 1499 	ld	de, #_npc_woman_sprite
    000006C0 D5               [16] 1500 	push	de
    000006C1 21 24 04         [12] 1501 	ld	hl, #0x424
    000006C4 E5               [16] 1502 	push	hl
    000006C5 CDr00r00         [24] 1503 	call	_set_sprite_data
    000006C8 E8 04            [16] 1504 	add	sp, #4
                                   1505 ;src/states/game.c:228: set_sprite_data(40, 1, projectile_sprite);
    000006CA 11r00r00         [12] 1506 	ld	de, #_projectile_sprite
    000006CD D5               [16] 1507 	push	de
    000006CE 21 28 01         [12] 1508 	ld	hl, #0x128
    000006D1 E5               [16] 1509 	push	hl
    000006D2 CDr00r00         [24] 1510 	call	_set_sprite_data
    000006D5 E8 04            [16] 1511 	add	sp, #4
                                   1512 ;src/states/game.c:229: set_sprite_data(41, 1, flower_sprite);
    000006D7 11r00r00         [12] 1513 	ld	de, #_flower_sprite
    000006DA D5               [16] 1514 	push	de
    000006DB 21 29 01         [12] 1515 	ld	hl, #0x129
    000006DE E5               [16] 1516 	push	hl
    000006DF CDr00r00         [24] 1517 	call	_set_sprite_data
    000006E2 E8 04            [16] 1518 	add	sp, #4
                                   1519 ;src/states/game.c:230: set_sprite_data(42, 4, portal_sprite);
    000006E4 11r00r00         [12] 1520 	ld	de, #_portal_sprite
    000006E7 D5               [16] 1521 	push	de
    000006E8 21 2A 04         [12] 1522 	ld	hl, #0x42a
    000006EB E5               [16] 1523 	push	hl
    000006EC CDr00r00         [24] 1524 	call	_set_sprite_data
    000006EF E8 04            [16] 1525 	add	sp, #4
                                   1526 ;src/states/game.c:231: update_player_sprite();
    000006F1 CDr07r02         [24] 1527 	call	_update_player_sprite
                                   1528 ;src/states/game.c:232: text_init();
    000006F4 CDr00r00         [24] 1529 	call	_text_init
                                   1530 ;src/states/game.c:233: music_init();
    000006F7 CDr00r00         [24] 1531 	call	_music_init
                                   1532 ;src/states/game.c:234: projectile_init();
    000006FA CDr00r00         [24] 1533 	call	_projectile_init
                                   1534 ;src/states/game.c:235: enter_x = player_x;
    000006FD FAr00r00         [16] 1535 	ld	a, (#_player_x)
    00000700 EAr04r00         [16] 1536 	ld	(#_enter_x),a
    00000703 FAr01r00         [16] 1537 	ld	a, (#_player_x + 1)
    00000706 EAr05r00         [16] 1538 	ld	(#_enter_x + 1),a
                                   1539 ;src/states/game.c:236: enter_y = player_y;
    00000709 FAr02r00         [16] 1540 	ld	a, (#_player_y)
    0000070C EAr06r00         [16] 1541 	ld	(#_enter_y),a
    0000070F FAr03r00         [16] 1542 	ld	a, (#_player_y + 1)
    00000712 EAr07r00         [16] 1543 	ld	(#_enter_y + 1),a
                                   1544 ;src/states/game.c:237: hud_update();
    00000715 CDr4Cr01         [24] 1545 	call	_hud_update
                                   1546 ;./gbdk/include/gb/gb.h:1739: WX_REG=x, WY_REG=y;
    00000718 3E 07            [ 8] 1547 	ld	a, #0x07
    0000071A E0r00            [12] 1548 	ldh	(_WX_REG + 0), a
    0000071C 3E 88            [ 8] 1549 	ld	a, #0x88
    0000071E E0r00            [12] 1550 	ldh	(_WY_REG + 0), a
                                   1551 ;src/states/game.c:239: SHOW_WIN;
    00000720 F0r00            [12] 1552 	ldh	a, (_LCDC_REG + 0)
    00000722 F6 20            [ 8] 1553 	or	a, #0x20
    00000724 E0r00            [12] 1554 	ldh	(_LCDC_REG + 0), a
                                   1555 ;src/states/game.c:240: SHOW_BKG;
    00000726 F0r00            [12] 1556 	ldh	a, (_LCDC_REG + 0)
    00000728 F6 01            [ 8] 1557 	or	a, #0x01
    0000072A E0r00            [12] 1558 	ldh	(_LCDC_REG + 0), a
                                   1559 ;src/states/game.c:241: SHOW_SPRITES;
    0000072C F0r00            [12] 1560 	ldh	a, (_LCDC_REG + 0)
    0000072E F6 02            [ 8] 1561 	or	a, #0x02
    00000730 E0r00            [12] 1562 	ldh	(_LCDC_REG + 0), a
                                   1563 ;src/states/game.c:242: DISPLAY_ON;
    00000732 F0r00            [12] 1564 	ldh	a, (_LCDC_REG + 0)
    00000734 F6 80            [ 8] 1565 	or	a, #0x80
    00000736 E0r00            [12] 1566 	ldh	(_LCDC_REG + 0), a
                                   1567 ;src/states/game.c:243: game_ready = 1;
    00000738 21r17r00         [12] 1568 	ld	hl, #_game_ready
    0000073B 36 01            [12] 1569 	ld	(hl), #0x01
                                   1570 ;src/states/game.c:244: }
    0000073D C9               [16] 1571 	ret
                                   1572 ;src/states/game.c:246: void player_hit(void) {
                                   1573 ;	---------------------------------
                                   1574 ; Function player_hit
                                   1575 ; ---------------------------------
    0000073E                       1576 _player_hit::
                                   1577 ;src/states/game.c:247: if (player_lives > 0)
    0000073E 21r15r00         [12] 1578 	ld	hl, #_player_lives
    00000741 7E               [ 8] 1579 	ld	a, (hl)
    00000742 B7               [ 4] 1580 	or	a, a
    00000743 28 01            [12] 1581 	jr	Z, 00102$
                                   1582 ;src/states/game.c:248: player_lives--;
    00000745 35               [12] 1583 	dec	(hl)
    00000746                       1584 00102$:
                                   1585 ;src/states/game.c:250: fade_out();
    00000746 CDr00r00         [24] 1586 	call	_fade_out
                                   1587 ;src/states/game.c:251: delay(1000);
    00000749 11 E8 03         [12] 1588 	ld	de, #0x03e8
    0000074C CDr00r00         [24] 1589 	call	_delay
                                   1590 ;src/states/game.c:253: if (player_lives == 0) {
    0000074F FAr15r00         [16] 1591 	ld	a, (#_player_lives)
    00000752 B7               [ 4] 1592 	or	a, a
    00000753 20 06            [12] 1593 	jr	NZ, 00104$
                                   1594 ;src/states/game.c:254: game_state = STATE_GAMEOVER;
    00000755 21r00r00         [12] 1595 	ld	hl, #_game_state
    00000758 36 04            [12] 1596 	ld	(hl), #0x04
                                   1597 ;src/states/game.c:255: return;
    0000075A C9               [16] 1598 	ret
    0000075B                       1599 00104$:
                                   1600 ;src/states/game.c:259: map_init_data();
    0000075B CDr00r00         [24] 1601 	call	_map_init_data
                                   1602 ;src/states/game.c:260: projectile_init();
    0000075E CDr00r00         [24] 1603 	call	_projectile_init
                                   1604 ;src/states/game.c:263: load_map(current_map, enter_x, enter_y);
    00000761 FAr06r00         [16] 1605 	ld	a, (_enter_y)
    00000764 5F               [ 4] 1606 	ld	e, a
    00000765 21r07r00         [12] 1607 	ld	hl, #_enter_y + 1
    00000768 56               [ 8] 1608 	ld	d, (hl)
    00000769 D5               [16] 1609 	push	de
    0000076A FAr04r00         [16] 1610 	ld	a, (_enter_x)
    0000076D 4F               [ 4] 1611 	ld	c, a
    0000076E 21r05r00         [12] 1612 	ld	hl, #_enter_x + 1
    00000771 46               [ 8] 1613 	ld	b, (hl)
    00000772 FAr00r00         [16] 1614 	ld	a, (_current_map)
    00000775 5F               [ 4] 1615 	ld	e, a
    00000776 21r01r00         [12] 1616 	ld	hl, #_current_map + 1
    00000779 56               [ 8] 1617 	ld	d, (hl)
    0000077A CDrADr02         [24] 1618 	call	_load_map
                                   1619 ;src/states/game.c:264: update_player_sprite();
    0000077D CDr07r02         [24] 1620 	call	_update_player_sprite
                                   1621 ;src/states/game.c:266: hud_update();
    00000780 CDr4Cr01         [24] 1622 	call	_hud_update
                                   1623 ;./gbdk/include/gb/gb.h:1739: WX_REG=x, WY_REG=y;
    00000783 3E 07            [ 8] 1624 	ld	a, #0x07
    00000785 E0r00            [12] 1625 	ldh	(_WX_REG + 0), a
    00000787 3E 88            [ 8] 1626 	ld	a, #0x88
    00000789 E0r00            [12] 1627 	ldh	(_WY_REG + 0), a
                                   1628 ;src/states/game.c:268: SHOW_WIN;
    0000078B F0r00            [12] 1629 	ldh	a, (_LCDC_REG + 0)
    0000078D F6 20            [ 8] 1630 	or	a, #0x20
    0000078F E0r00            [12] 1631 	ldh	(_LCDC_REG + 0), a
                                   1632 ;src/states/game.c:270: fade_in();
                                   1633 ;src/states/game.c:271: }
    00000791 C3r00r00         [16] 1634 	jp	_fade_in
                                   1635 ;src/states/game.c:273: void game_update(void) {
                                   1636 ;	---------------------------------
                                   1637 ; Function game_update
                                   1638 ; ---------------------------------
    00000794                       1639 _game_update::
    00000794 E8 F1            [16] 1640 	add	sp, #-15
                                   1641 ;src/states/game.c:274: music_update();
    00000796 CDr00r00         [24] 1642 	call	_music_update
                                   1643 ;src/states/game.c:275: uint8_t moved = 0;
    00000799 F8 0A            [12] 1644 	ldhl	sp,	#10
    0000079B 36 00            [12] 1645 	ld	(hl), #0x00
                                   1646 ;src/states/game.c:276: uint16_t nx = player_x, ny = player_y;
    0000079D FAr00r00         [16] 1647 	ld	a, (#_player_x)
    000007A0 F8 0B            [12] 1648 	ldhl	sp,	#11
    000007A2 77               [ 8] 1649 	ld	(hl), a
    000007A3 FAr01r00         [16] 1650 	ld	a, (#_player_x + 1)
    000007A6 F8 0C            [12] 1651 	ldhl	sp,	#12
    000007A8 77               [ 8] 1652 	ld	(hl), a
    000007A9 FAr02r00         [16] 1653 	ld	a, (#_player_y)
    000007AC F8 0D            [12] 1654 	ldhl	sp,	#13
    000007AE 77               [ 8] 1655 	ld	(hl), a
    000007AF FAr03r00         [16] 1656 	ld	a, (#_player_y + 1)
    000007B2 F8 0E            [12] 1657 	ldhl	sp,	#14
    000007B4 77               [ 8] 1658 	ld	(hl), a
                                   1659 ;src/states/game.c:278: if (input_held(J_UP)) {
    000007B5 3E 04            [ 8] 1660 	ld	a, #0x04
    000007B7 CDr00r00         [24] 1661 	call	_input_held
    000007BA B7               [ 4] 1662 	or	a, a
    000007BB 28 15            [12] 1663 	jr	Z, 00110$
                                   1664 ;src/states/game.c:279: ny--;
    000007BD F8 0D            [12] 1665 	ldhl	sp,#13
    000007BF 2A               [ 8] 1666 	ld	a, (hl+)
    000007C0 5F               [ 4] 1667 	ld	e, a
    000007C1 3A               [ 8] 1668 	ld	a, (hl-)
    000007C2 57               [ 4] 1669 	ld	d, a
    000007C3 1B               [ 8] 1670 	dec	de
    000007C4 7B               [ 4] 1671 	ld	a, e
    000007C5 22               [ 8] 1672 	ld	(hl+), a
    000007C6 72               [ 8] 1673 	ld	(hl), d
                                   1674 ;src/states/game.c:280: player_dir = 1;
    000007C7 21r08r00         [12] 1675 	ld	hl, #_player_dir
    000007CA 36 01            [12] 1676 	ld	(hl), #0x01
                                   1677 ;src/states/game.c:281: moved = 1;
    000007CC F8 0A            [12] 1678 	ldhl	sp,	#10
    000007CE 36 01            [12] 1679 	ld	(hl), #0x01
    000007D0 18 4E            [12] 1680 	jr	00111$
    000007D2                       1681 00110$:
                                   1682 ;src/states/game.c:282: } else if (input_held(J_DOWN)) {
    000007D2 3E 08            [ 8] 1683 	ld	a, #0x08
    000007D4 CDr00r00         [24] 1684 	call	_input_held
    000007D7 B7               [ 4] 1685 	or	a, a
    000007D8 28 11            [12] 1686 	jr	Z, 00107$
                                   1687 ;src/states/game.c:283: ny++;
    000007DA F8 0D            [12] 1688 	ldhl	sp,	#13
    000007DC 34               [12] 1689 	inc	(hl)
    000007DD 20 02            [12] 1690 	jr	NZ, 00965$
    000007DF 23               [ 8] 1691 	inc	hl
    000007E0 34               [12] 1692 	inc	(hl)
    000007E1                       1693 00965$:
                                   1694 ;src/states/game.c:284: player_dir = 0;
    000007E1 AF               [ 4] 1695 	xor	a, a
    000007E2 EAr08r00         [16] 1696 	ld	(#_player_dir),a
                                   1697 ;src/states/game.c:285: moved = 1;
    000007E5 F8 0A            [12] 1698 	ldhl	sp,	#10
    000007E7 36 01            [12] 1699 	ld	(hl), #0x01
    000007E9 18 35            [12] 1700 	jr	00111$
    000007EB                       1701 00107$:
                                   1702 ;src/states/game.c:286: } else if (input_held(J_LEFT)) {
    000007EB 3E 02            [ 8] 1703 	ld	a, #0x02
    000007ED CDr00r00         [24] 1704 	call	_input_held
    000007F0 B7               [ 4] 1705 	or	a, a
    000007F1 28 15            [12] 1706 	jr	Z, 00104$
                                   1707 ;src/states/game.c:287: nx--;
    000007F3 F8 0B            [12] 1708 	ldhl	sp,#11
    000007F5 2A               [ 8] 1709 	ld	a, (hl+)
    000007F6 5F               [ 4] 1710 	ld	e, a
    000007F7 3A               [ 8] 1711 	ld	a, (hl-)
    000007F8 57               [ 4] 1712 	ld	d, a
    000007F9 1B               [ 8] 1713 	dec	de
    000007FA 7B               [ 4] 1714 	ld	a, e
    000007FB 22               [ 8] 1715 	ld	(hl+), a
    000007FC 72               [ 8] 1716 	ld	(hl), d
                                   1717 ;src/states/game.c:288: player_dir = 2;
    000007FD 21r08r00         [12] 1718 	ld	hl, #_player_dir
    00000800 36 02            [12] 1719 	ld	(hl), #0x02
                                   1720 ;src/states/game.c:289: moved = 1;
    00000802 F8 0A            [12] 1721 	ldhl	sp,	#10
    00000804 36 01            [12] 1722 	ld	(hl), #0x01
    00000806 18 18            [12] 1723 	jr	00111$
    00000808                       1724 00104$:
                                   1725 ;src/states/game.c:290: } else if (input_held(J_RIGHT)) {
    00000808 3E 01            [ 8] 1726 	ld	a, #0x01
    0000080A CDr00r00         [24] 1727 	call	_input_held
    0000080D B7               [ 4] 1728 	or	a, a
    0000080E 28 10            [12] 1729 	jr	Z, 00111$
                                   1730 ;src/states/game.c:291: nx++;
    00000810 F8 0B            [12] 1731 	ldhl	sp,	#11
    00000812 34               [12] 1732 	inc	(hl)
    00000813 20 02            [12] 1733 	jr	NZ, 00966$
    00000815 23               [ 8] 1734 	inc	hl
    00000816 34               [12] 1735 	inc	(hl)
    00000817                       1736 00966$:
                                   1737 ;src/states/game.c:292: player_dir = 3;
    00000817 21r08r00         [12] 1738 	ld	hl, #_player_dir
    0000081A 36 03            [12] 1739 	ld	(hl), #0x03
                                   1740 ;src/states/game.c:293: moved = 1;
    0000081C F8 0A            [12] 1741 	ldhl	sp,	#10
    0000081E 36 01            [12] 1742 	ld	(hl), #0x01
    00000820                       1743 00111$:
                                   1744 ;src/states/game.c:296: if (moved) {
    00000820 F8 0A            [12] 1745 	ldhl	sp,	#10
    00000822 7E               [ 8] 1746 	ld	a, (hl)
    00000823 B7               [ 4] 1747 	or	a, a
    00000824 28 4A            [12] 1748 	jr	Z, 00155$
                                   1749 ;src/states/game.c:297: if (can_move(nx, ny)) {
    00000826 F8 0D            [12] 1750 	ldhl	sp,	#13
    00000828 2A               [ 8] 1751 	ld	a, (hl+)
    00000829 4F               [ 4] 1752 	ld	c, a
    0000082A 46               [ 8] 1753 	ld	b, (hl)
    0000082B F8 0B            [12] 1754 	ldhl	sp,	#11
    0000082D 2A               [ 8] 1755 	ld	a, (hl+)
    0000082E 5F               [ 4] 1756 	ld	e, a
    0000082F 56               [ 8] 1757 	ld	d, (hl)
    00000830 CDr2Er04         [24] 1758 	call	_can_move
    00000833 B7               [ 4] 1759 	or	a, a
    00000834 CAr47r0B         [16] 1760 	jp	Z, 00156$
                                   1761 ;src/states/game.c:298: player_x = nx;
    00000837 F8 0B            [12] 1762 	ldhl	sp,	#11
    00000839 7E               [ 8] 1763 	ld	a, (hl)
    0000083A EAr00r00         [16] 1764 	ld	(#_player_x),a
    0000083D F8 0C            [12] 1765 	ldhl	sp,	#12
    0000083F 7E               [ 8] 1766 	ld	a, (hl)
    00000840 EAr01r00         [16] 1767 	ld	(#_player_x + 1),a
                                   1768 ;src/states/game.c:299: player_y = ny;
    00000843 F8 0D            [12] 1769 	ldhl	sp,	#13
    00000845 7E               [ 8] 1770 	ld	a, (hl)
    00000846 EAr02r00         [16] 1771 	ld	(#_player_y),a
    00000849 F8 0E            [12] 1772 	ldhl	sp,	#14
    0000084B 7E               [ 8] 1773 	ld	a, (hl)
    0000084C EAr03r00         [16] 1774 	ld	(#_player_y + 1),a
                                   1775 ;src/states/game.c:300: update_camera();
    0000084F CDr70r00         [24] 1776 	call	_update_camera
                                   1777 ;src/states/game.c:302: if (++anim_timer > 6) {
    00000852 21r0Ar00         [12] 1778 	ld	hl, #_anim_timer
    00000855 34               [12] 1779 	inc	(hl)
    00000856 3E 06            [ 8] 1780 	ld	a, #0x06
    00000858 96               [ 8] 1781 	sub	a, (hl)
    00000859 D2r47r0B         [16] 1782 	jp	NC, 00156$
                                   1783 ;src/states/game.c:303: anim_frame = !anim_frame;
    0000085C 21r09r00         [12] 1784 	ld	hl, #_anim_frame
    0000085F 7E               [ 8] 1785 	ld	a, (hl)
    00000860 D6 01            [ 8] 1786 	sub	a, #0x01
    00000862 3E 00            [ 8] 1787 	ld	a, #0x00
    00000864 17               [ 4] 1788 	rla
    00000865 77               [ 8] 1789 	ld	(hl), a
                                   1790 ;src/states/game.c:304: anim_timer = 0;
    00000866 AF               [ 4] 1791 	xor	a, a
    00000867 EAr0Ar00         [16] 1792 	ld	(#_anim_timer),a
                                   1793 ;src/states/game.c:305: update_player_sprite();
    0000086A CDr07r02         [24] 1794 	call	_update_player_sprite
    0000086D C3r47r0B         [16] 1795 	jp	00156$
    00000870                       1796 00155$:
                                   1797 ;src/states/game.c:309: if (anim_frame != 0) {
    00000870 21r09r00         [12] 1798 	ld	hl, #_anim_frame
    00000873 7E               [ 8] 1799 	ld	a, (hl)
    00000874 B7               [ 4] 1800 	or	a, a
    00000875 28 05            [12] 1801 	jr	Z, 00117$
                                   1802 ;src/states/game.c:310: anim_frame = 0;
    00000877 36 00            [12] 1803 	ld	(hl), #0x00
                                   1804 ;src/states/game.c:311: update_player_sprite();
    00000879 CDr07r02         [24] 1805 	call	_update_player_sprite
    0000087C                       1806 00117$:
                                   1807 ;src/states/game.c:313: anim_timer = 0;
    0000087C AF               [ 4] 1808 	xor	a, a
    0000087D EAr0Ar00         [16] 1809 	ld	(#_anim_timer),a
                                   1810 ;src/states/game.c:316: if (input_pressed(J_SELECT)) {
    00000880 3E 40            [ 8] 1811 	ld	a, #0x40
    00000882 CDr00r00         [24] 1812 	call	_input_pressed
    00000885 B7               [ 4] 1813 	or	a, a
    00000886 28 08            [12] 1814 	jr	Z, 00119$
                                   1815 ;src/states/game.c:317: game_state = 3; // STATE_INVENTORY
    00000888 21r00r00         [12] 1816 	ld	hl, #_game_state
    0000088B 36 03            [12] 1817 	ld	(hl), #0x03
                                   1818 ;src/states/game.c:318: return;
    0000088D C3r21r13         [16] 1819 	jp	00283$
    00000890                       1820 00119$:
                                   1821 ;src/states/game.c:322: uint8_t tid = get_tile_at(player_x + 8, player_y + 4);
    00000890 FAr02r00         [16] 1822 	ld	a, (#_player_y)
    00000893 F8 0B            [12] 1823 	ldhl	sp,	#11
    00000895 77               [ 8] 1824 	ld	(hl), a
    00000896 FAr03r00         [16] 1825 	ld	a, (#_player_y + 1)
    00000899 F8 0C            [12] 1826 	ldhl	sp,	#12
    0000089B 32               [ 8] 1827 	ld	(hl-), a
    0000089C 2A               [ 8] 1828 	ld	a, (hl+)
    0000089D 5F               [ 4] 1829 	ld	e, a
    0000089E 56               [ 8] 1830 	ld	d, (hl)
    0000089F 21 04 00         [12] 1831 	ld	hl, #0x0004
    000008A2 19               [ 8] 1832 	add	hl, de
    000008A3 E5               [16] 1833 	push	hl
    000008A4 7D               [ 4] 1834 	ld	a, l
    000008A5 F8 0F            [12] 1835 	ldhl	sp,	#15
    000008A7 77               [ 8] 1836 	ld	(hl), a
    000008A8 E1               [12] 1837 	pop	hl
    000008A9 7C               [ 4] 1838 	ld	a, h
    000008AA F8 0E            [12] 1839 	ldhl	sp,	#14
    000008AC 32               [ 8] 1840 	ld	(hl-), a
    000008AD 3A               [ 8] 1841 	ld	a, (hl-)
    000008AE 2B               [ 8] 1842 	dec	hl
    000008AF 77               [ 8] 1843 	ld	(hl), a
    000008B0 F8 0E            [12] 1844 	ldhl	sp,	#14
    000008B2 3A               [ 8] 1845 	ld	a, (hl-)
    000008B3 2B               [ 8] 1846 	dec	hl
    000008B4 77               [ 8] 1847 	ld	(hl), a
    000008B5 FAr00r00         [16] 1848 	ld	a, (#_player_x)
    000008B8 F8 09            [12] 1849 	ldhl	sp,	#9
    000008BA 77               [ 8] 1850 	ld	(hl), a
    000008BB FAr01r00         [16] 1851 	ld	a, (#_player_x + 1)
    000008BE F8 0A            [12] 1852 	ldhl	sp,	#10
    000008C0 32               [ 8] 1853 	ld	(hl-), a
    000008C1 2A               [ 8] 1854 	ld	a, (hl+)
    000008C2 5F               [ 4] 1855 	ld	e, a
    000008C3 56               [ 8] 1856 	ld	d, (hl)
    000008C4 21 08 00         [12] 1857 	ld	hl, #0x0008
    000008C7 19               [ 8] 1858 	add	hl, de
    000008C8 E5               [16] 1859 	push	hl
    000008C9 7D               [ 4] 1860 	ld	a, l
    000008CA F8 0F            [12] 1861 	ldhl	sp,	#15
    000008CC 77               [ 8] 1862 	ld	(hl), a
    000008CD E1               [12] 1863 	pop	hl
    000008CE 7C               [ 4] 1864 	ld	a, h
    000008CF F8 0E            [12] 1865 	ldhl	sp,	#14
    000008D1 77               [ 8] 1866 	ld	(hl), a
    000008D2 F8 0B            [12] 1867 	ldhl	sp,	#11
    000008D4 2A               [ 8] 1868 	ld	a, (hl+)
    000008D5 4F               [ 4] 1869 	ld	c, a
    000008D6 2A               [ 8] 1870 	ld	a, (hl+)
    000008D7 47               [ 4] 1871 	ld	b, a
    000008D8 2A               [ 8] 1872 	ld	a, (hl+)
    000008D9 5F               [ 4] 1873 	ld	e, a
    000008DA 56               [ 8] 1874 	ld	d, (hl)
    000008DB CDr00r00         [24] 1875 	call	_get_tile_at
    000008DE F8 0E            [12] 1876 	ldhl	sp,	#14
    000008E0 77               [ 8] 1877 	ld	(hl), a
                                   1878 ;src/states/game.c:323: if (current_map == &maps[0] && // WORLD_MAP
                                   1879 ;src/states/game.c:322: uint8_t tid = get_tile_at(player_x + 8, player_y + 4);
    000008E1 FAr02r00         [16] 1880 	ld	a, (#_player_y)
    000008E4 F8 0B            [12] 1881 	ldhl	sp,	#11
    000008E6 77               [ 8] 1882 	ld	(hl), a
    000008E7 FAr03r00         [16] 1883 	ld	a, (#_player_y + 1)
    000008EA F8 0C            [12] 1884 	ldhl	sp,	#12
    000008EC 77               [ 8] 1885 	ld	(hl), a
    000008ED FAr00r00         [16] 1886 	ld	a, (#_player_x)
    000008F0 F8 09            [12] 1887 	ldhl	sp,	#9
    000008F2 77               [ 8] 1888 	ld	(hl), a
    000008F3 FAr01r00         [16] 1889 	ld	a, (#_player_x + 1)
    000008F6 F8 0A            [12] 1890 	ldhl	sp,	#10
    000008F8 77               [ 8] 1891 	ld	(hl), a
                                   1892 ;src/states/game.c:328: switch_map(&maps[1], 76, 112); // HOUSE_MAP
                                   1893 ;src/states/game.c:323: if (current_map == &maps[0] && // WORLD_MAP
    000008F9 21r00r00         [12] 1894 	ld	hl, #_current_map
    000008FC 7E               [ 8] 1895 	ld	a, (hl)
    000008FD D6r00            [ 8] 1896 	sub	a, #<(_maps)
    000008FF 20 57            [12] 1897 	jr	NZ, 00124$
    00000901 23               [ 8] 1898 	inc	hl
    00000902 7E               [ 8] 1899 	ld	a, (hl)
    00000903 D6s00            [ 8] 1900 	sub	a, #>(_maps)
    00000905 20 51            [12] 1901 	jr	NZ, 00124$
                                   1902 ;src/states/game.c:324: (tid == 21 || tid == 22)) {
    00000907 F8 0E            [12] 1903 	ldhl	sp,	#14
    00000909 7E               [ 8] 1904 	ld	a, (hl)
    0000090A D6 15            [ 8] 1905 	sub	a, #0x15
    0000090C 28 07            [12] 1906 	jr	Z, 00123$
    0000090E F8 0E            [12] 1907 	ldhl	sp,	#14
    00000910 7E               [ 8] 1908 	ld	a, (hl)
    00000911 D6 16            [ 8] 1909 	sub	a, #0x16
    00000913 20 43            [12] 1910 	jr	NZ, 00124$
    00000915                       1911 00123$:
                                   1912 ;src/states/game.c:325: if (player_x > 160 && player_y > 160) {
    00000915 F8 09            [12] 1913 	ldhl	sp,	#9
    00000917 3E A0            [ 8] 1914 	ld	a, #0xa0
    00000919 96               [ 8] 1915 	sub	a, (hl)
    0000091A 23               [ 8] 1916 	inc	hl
    0000091B 3E 00            [ 8] 1917 	ld	a, #0x00
    0000091D 9E               [ 8] 1918 	sbc	a, (hl)
    0000091E 30 38            [12] 1919 	jr	NC, 00124$
    00000920 F8 0B            [12] 1920 	ldhl	sp,	#11
    00000922 3E A0            [ 8] 1921 	ld	a, #0xa0
    00000924 96               [ 8] 1922 	sub	a, (hl)
    00000925 23               [ 8] 1923 	inc	hl
    00000926 3E 00            [ 8] 1924 	ld	a, #0x00
    00000928 9E               [ 8] 1925 	sbc	a, (hl)
    00000929 30 2D            [12] 1926 	jr	NC, 00124$
                                   1927 ;src/states/game.c:326: saved_world_x = player_x;
    0000092B FAr00r00         [16] 1928 	ld	a, (#_player_x)
    0000092E EAr00r00         [16] 1929 	ld	(#_saved_world_x),a
    00000931 FAr01r00         [16] 1930 	ld	a, (#_player_x + 1)
    00000934 EAr01r00         [16] 1931 	ld	(#_saved_world_x + 1),a
                                   1932 ;src/states/game.c:327: saved_world_y = player_y + 16;
    00000937 F8 0B            [12] 1933 	ldhl	sp,#11
    00000939 2A               [ 8] 1934 	ld	a, (hl+)
    0000093A 5F               [ 4] 1935 	ld	e, a
    0000093B 56               [ 8] 1936 	ld	d, (hl)
    0000093C 21 10 00         [12] 1937 	ld	hl, #0x0010
    0000093F 19               [ 8] 1938 	add	hl, de
    00000940 4D               [ 4] 1939 	ld	c, l
    00000941 7C               [ 4] 1940 	ld	a, h
    00000942 21r02r00         [12] 1941 	ld	hl, #_saved_world_y
    00000945 71               [ 8] 1942 	ld	(hl), c
    00000946 23               [ 8] 1943 	inc	hl
    00000947 77               [ 8] 1944 	ld	(hl), a
                                   1945 ;src/states/game.c:328: switch_map(&maps[1], 76, 112); // HOUSE_MAP
    00000948 11 70 00         [12] 1946 	ld	de, #0x0070
    0000094B D5               [16] 1947 	push	de
    0000094C 01 4C 00         [12] 1948 	ld	bc, #0x004c
    0000094F 11r1Ar00         [12] 1949 	ld	de, #(_maps + 26)
    00000952 CDr00r04         [24] 1950 	call	_switch_map
                                   1951 ;src/states/game.c:329: return;
    00000955 C3r21r13         [16] 1952 	jp	00283$
    00000958                       1953 00124$:
                                   1954 ;src/states/game.c:332: tid = get_tile_at(player_x + 8, player_y + 12);
    00000958 F8 0B            [12] 1955 	ldhl	sp,#11
    0000095A 2A               [ 8] 1956 	ld	a, (hl+)
    0000095B 5F               [ 4] 1957 	ld	e, a
    0000095C 56               [ 8] 1958 	ld	d, (hl)
    0000095D 21 0C 00         [12] 1959 	ld	hl, #0x000c
    00000960 19               [ 8] 1960 	add	hl, de
    00000961 E5               [16] 1961 	push	hl
    00000962 7D               [ 4] 1962 	ld	a, l
    00000963 F8 0F            [12] 1963 	ldhl	sp,	#15
    00000965 77               [ 8] 1964 	ld	(hl), a
    00000966 E1               [12] 1965 	pop	hl
    00000967 7C               [ 4] 1966 	ld	a, h
    00000968 F8 0E            [12] 1967 	ldhl	sp,	#14
    0000096A 32               [ 8] 1968 	ld	(hl-), a
    0000096B 3A               [ 8] 1969 	ld	a, (hl-)
    0000096C 2B               [ 8] 1970 	dec	hl
    0000096D 77               [ 8] 1971 	ld	(hl), a
    0000096E F8 0E            [12] 1972 	ldhl	sp,	#14
    00000970 3A               [ 8] 1973 	ld	a, (hl-)
    00000971 2B               [ 8] 1974 	dec	hl
    00000972 32               [ 8] 1975 	ld	(hl-), a
    00000973 2B               [ 8] 1976 	dec	hl
    00000974 2B               [ 8] 1977 	dec	hl
    00000975 2A               [ 8] 1978 	ld	a, (hl+)
    00000976 5F               [ 4] 1979 	ld	e, a
    00000977 56               [ 8] 1980 	ld	d, (hl)
    00000978 21 08 00         [12] 1981 	ld	hl, #0x0008
    0000097B 19               [ 8] 1982 	add	hl, de
    0000097C E5               [16] 1983 	push	hl
    0000097D 7D               [ 4] 1984 	ld	a, l
    0000097E F8 0F            [12] 1985 	ldhl	sp,	#15
    00000980 77               [ 8] 1986 	ld	(hl), a
    00000981 E1               [12] 1987 	pop	hl
    00000982 7C               [ 4] 1988 	ld	a, h
    00000983 F8 0E            [12] 1989 	ldhl	sp,	#14
    00000985 77               [ 8] 1990 	ld	(hl), a
    00000986 F8 0B            [12] 1991 	ldhl	sp,	#11
    00000988 2A               [ 8] 1992 	ld	a, (hl+)
    00000989 4F               [ 4] 1993 	ld	c, a
    0000098A 2A               [ 8] 1994 	ld	a, (hl+)
    0000098B 47               [ 4] 1995 	ld	b, a
    0000098C 2A               [ 8] 1996 	ld	a, (hl+)
    0000098D 5F               [ 4] 1997 	ld	e, a
    0000098E 56               [ 8] 1998 	ld	d, (hl)
    0000098F CDr00r00         [24] 1999 	call	_get_tile_at
    00000992 F8 03            [12] 2000 	ldhl	sp,	#3
    00000994 77               [ 8] 2001 	ld	(hl), a
                                   2002 ;src/states/game.c:333: if (current_map == &maps[1] && tid == 35) { // HOUSE_MAP
    00000995 21r00r00         [12] 2003 	ld	hl, #_current_map
    00000998 7E               [ 8] 2004 	ld	a, (hl)
    00000999 D6r1A            [ 8] 2005 	sub	a, #<((_maps + 26))
    0000099B 20 37            [12] 2006 	jr	NZ, 00128$
    0000099D 23               [ 8] 2007 	inc	hl
    0000099E 7E               [ 8] 2008 	ld	a, (hl)
    0000099F D6s00            [ 8] 2009 	sub	a, #>((_maps + 26))
    000009A1 20 31            [12] 2010 	jr	NZ, 00128$
    000009A3 F8 03            [12] 2011 	ldhl	sp,	#3
    000009A5 7E               [ 8] 2012 	ld	a, (hl)
    000009A6 D6 23            [ 8] 2013 	sub	a, #0x23
    000009A8 20 2A            [12] 2014 	jr	NZ, 00128$
                                   2015 ;src/states/game.c:334: uint16_t wx = saved_world_x;
    000009AA FAr00r00         [16] 2016 	ld	a, (#_saved_world_x)
    000009AD F8 0B            [12] 2017 	ldhl	sp,	#11
    000009AF 77               [ 8] 2018 	ld	(hl), a
    000009B0 FAr01r00         [16] 2019 	ld	a, (#_saved_world_x + 1)
    000009B3 F8 0C            [12] 2020 	ldhl	sp,	#12
    000009B5 77               [ 8] 2021 	ld	(hl), a
                                   2022 ;src/states/game.c:335: uint16_t wy = saved_world_y;
    000009B6 FAr02r00         [16] 2023 	ld	a, (#_saved_world_y)
    000009B9 F8 0D            [12] 2024 	ldhl	sp,	#13
    000009BB 77               [ 8] 2025 	ld	(hl), a
    000009BC FAr03r00         [16] 2026 	ld	a, (#_saved_world_y + 1)
    000009BF F8 0E            [12] 2027 	ldhl	sp,	#14
                                   2028 ;src/states/game.c:336: switch_map(&maps[0], wx, wy); // WORLD_MAP
    000009C1 32               [ 8] 2029 	ld	(hl-), a
    000009C2 2A               [ 8] 2030 	ld	a, (hl+)
    000009C3 5F               [ 4] 2031 	ld	e, a
    000009C4 56               [ 8] 2032 	ld	d, (hl)
    000009C5 D5               [16] 2033 	push	de
    000009C6 F8 0D            [12] 2034 	ldhl	sp,	#13
    000009C8 2A               [ 8] 2035 	ld	a, (hl+)
    000009C9 4F               [ 4] 2036 	ld	c, a
    000009CA 46               [ 8] 2037 	ld	b, (hl)
    000009CB 11r00r00         [12] 2038 	ld	de, #_maps
    000009CE CDr00r04         [24] 2039 	call	_switch_map
                                   2040 ;src/states/game.c:337: return;
    000009D1 C3r21r13         [16] 2041 	jp	00283$
    000009D4                       2042 00128$:
                                   2043 ;src/states/game.c:339: if (current_map == &maps[2] && tid == 0 && player_y > 240) { // LEVEL2_MAP
    000009D4 21r00r00         [12] 2044 	ld	hl, #_current_map
    000009D7 7E               [ 8] 2045 	ld	a, (hl)
    000009D8 D6r34            [ 8] 2046 	sub	a, #<((_maps + 52))
    000009DA 20 08            [12] 2047 	jr	NZ, 00976$
    000009DC 23               [ 8] 2048 	inc	hl
    000009DD 7E               [ 8] 2049 	ld	a, (hl)
    000009DE D6s00            [ 8] 2050 	sub	a, #>((_maps + 52))
    000009E0 3E 01            [ 8] 2051 	ld	a, #0x01
    000009E2 28 01            [12] 2052 	jr	Z, 00977$
    000009E4                       2053 00976$:
    000009E4 AF               [ 4] 2054 	xor	a, a
    000009E5                       2055 00977$:
    000009E5 F8 0E            [12] 2056 	ldhl	sp,	#14
    000009E7 77               [ 8] 2057 	ld	(hl), a
                                   2058 ;src/states/game.c:322: uint8_t tid = get_tile_at(player_x + 8, player_y + 4);
    000009E8 FAr02r00         [16] 2059 	ld	a, (#_player_y)
    000009EB F8 04            [12] 2060 	ldhl	sp,	#4
    000009ED 77               [ 8] 2061 	ld	(hl), a
    000009EE FAr03r00         [16] 2062 	ld	a, (#_player_y + 1)
    000009F1 F8 05            [12] 2063 	ldhl	sp,	#5
                                   2064 ;src/states/game.c:339: if (current_map == &maps[2] && tid == 0 && player_y > 240) { // LEVEL2_MAP
    000009F3 32               [ 8] 2065 	ld	(hl-), a
    000009F4 3E F0            [ 8] 2066 	ld	a, #0xf0
    000009F6 96               [ 8] 2067 	sub	a, (hl)
    000009F7 23               [ 8] 2068 	inc	hl
    000009F8 3E 00            [ 8] 2069 	ld	a, #0x00
    000009FA 9E               [ 8] 2070 	sbc	a, (hl)
    000009FB 3E 00            [ 8] 2071 	ld	a, #0x00
    000009FD 17               [ 4] 2072 	rla
    000009FE F8 06            [12] 2073 	ldhl	sp,	#6
    00000A00 77               [ 8] 2074 	ld	(hl), a
    00000A01 F8 0E            [12] 2075 	ldhl	sp,	#14
    00000A03 7E               [ 8] 2076 	ld	a, (hl)
    00000A04 B7               [ 4] 2077 	or	a, a
    00000A05 28 1C            [12] 2078 	jr	Z, 00131$
    00000A07 F8 03            [12] 2079 	ldhl	sp,	#3
    00000A09 7E               [ 8] 2080 	ld	a, (hl)
    00000A0A B7               [ 4] 2081 	or	a, a
    00000A0B 20 16            [12] 2082 	jr	NZ, 00131$
    00000A0D F8 06            [12] 2083 	ldhl	sp,	#6
    00000A0F 7E               [ 8] 2084 	ld	a, (hl)
    00000A10 B7               [ 4] 2085 	or	a, a
    00000A11 28 10            [12] 2086 	jr	Z, 00131$
                                   2087 ;src/states/game.c:340: switch_map(&maps[0], 124, 48);                             // WORLD_MAP
    00000A13 11 30 00         [12] 2088 	ld	de, #0x0030
    00000A16 D5               [16] 2089 	push	de
    00000A17 01 7C 00         [12] 2090 	ld	bc, #0x007c
    00000A1A 11r00r00         [12] 2091 	ld	de, #_maps
    00000A1D CDr00r04         [24] 2092 	call	_switch_map
                                   2093 ;src/states/game.c:341: return;
    00000A20 C3r21r13         [16] 2094 	jp	00283$
    00000A23                       2095 00131$:
                                   2096 ;src/states/game.c:354: switch_map(&maps[3], 124, 240); // To Level 3 (bottom-middle path)
                                   2097 ;src/states/game.c:345: if (current_map == &maps[2]) {
    00000A23 F8 0E            [12] 2098 	ldhl	sp,	#14
    00000A25 7E               [ 8] 2099 	ld	a, (hl)
    00000A26 B7               [ 4] 2100 	or	a, a
    00000A27 CArE2r0A         [16] 2101 	jp	Z, 00142$
                                   2102 ;src/states/game.c:346: int16_t dx = (int16_t)player_x - (int16_t)level2_door_x;
    00000A2A FAr00r00         [16] 2103 	ld	a, (#_player_x)
    00000A2D F8 09            [12] 2104 	ldhl	sp,	#9
    00000A2F 77               [ 8] 2105 	ld	(hl), a
    00000A30 FAr01r00         [16] 2106 	ld	a, (#_player_x + 1)
    00000A33 F8 0A            [12] 2107 	ldhl	sp,	#10
    00000A35 77               [ 8] 2108 	ld	(hl), a
    00000A36 FAr0Fr00         [16] 2109 	ld	a, (#_level2_door_x)
    00000A39 F8 0D            [12] 2110 	ldhl	sp,	#13
    00000A3B 77               [ 8] 2111 	ld	(hl), a
    00000A3C FAr10r00         [16] 2112 	ld	a, (#_level2_door_x + 1)
    00000A3F F8 0E            [12] 2113 	ldhl	sp,	#14
    00000A41 77               [ 8] 2114 	ld	(hl), a
    00000A42 F8 09            [12] 2115 	ldhl	sp,#9
    00000A44 2A               [ 8] 2116 	ld	a, (hl+)
    00000A45 5F               [ 4] 2117 	ld	e, a
    00000A46 56               [ 8] 2118 	ld	d, (hl)
    00000A47 F8 0D            [12] 2119 	ldhl	sp,	#13
    00000A49 2A               [ 8] 2120 	ld	a,	(hl+)
    00000A4A 66               [ 8] 2121 	ld	h, (hl)
    00000A4B 6F               [ 4] 2122 	ld	l, a
    00000A4C 7B               [ 4] 2123 	ld	a, e
    00000A4D 95               [ 4] 2124 	sub	a, l
    00000A4E 5F               [ 4] 2125 	ld	e, a
    00000A4F 7A               [ 4] 2126 	ld	a, d
    00000A50 9C               [ 4] 2127 	sbc	a, h
    00000A51 F8 0C            [12] 2128 	ldhl	sp,	#12
    00000A53 32               [ 8] 2129 	ld	(hl-), a
    00000A54 73               [ 8] 2130 	ld	(hl), e
                                   2131 ;src/states/game.c:347: int16_t dy = (int16_t)player_y - (int16_t)level2_door_y;
    00000A55 FAr02r00         [16] 2132 	ld	a, (#_player_y)
    00000A58 F8 07            [12] 2133 	ldhl	sp,	#7
    00000A5A 77               [ 8] 2134 	ld	(hl), a
    00000A5B FAr03r00         [16] 2135 	ld	a, (#_player_y + 1)
    00000A5E F8 08            [12] 2136 	ldhl	sp,	#8
    00000A60 77               [ 8] 2137 	ld	(hl), a
    00000A61 FAr11r00         [16] 2138 	ld	a, (#_level2_door_y)
    00000A64 F8 09            [12] 2139 	ldhl	sp,	#9
    00000A66 77               [ 8] 2140 	ld	(hl), a
    00000A67 FAr12r00         [16] 2141 	ld	a, (#_level2_door_y + 1)
    00000A6A F8 0A            [12] 2142 	ldhl	sp,	#10
    00000A6C 32               [ 8] 2143 	ld	(hl-), a
    00000A6D 2B               [ 8] 2144 	dec	hl
    00000A6E 2B               [ 8] 2145 	dec	hl
    00000A6F 2A               [ 8] 2146 	ld	a, (hl+)
    00000A70 5F               [ 4] 2147 	ld	e, a
    00000A71 2A               [ 8] 2148 	ld	a, (hl+)
    00000A72 57               [ 4] 2149 	ld	d, a
    00000A73 2A               [ 8] 2150 	ld	a,	(hl+)
    00000A74 66               [ 8] 2151 	ld	h, (hl)
    00000A75 6F               [ 4] 2152 	ld	l, a
    00000A76 7B               [ 4] 2153 	ld	a, e
    00000A77 95               [ 4] 2154 	sub	a, l
    00000A78 5F               [ 4] 2155 	ld	e, a
    00000A79 7A               [ 4] 2156 	ld	a, d
    00000A7A 9C               [ 4] 2157 	sbc	a, h
    00000A7B F8 0E            [12] 2158 	ldhl	sp,	#14
    00000A7D 32               [ 8] 2159 	ld	(hl-), a
                                   2160 ;src/states/game.c:348: if (dx < 0)
    00000A7E 7B               [ 4] 2161 	ld	a, e
    00000A7F 32               [ 8] 2162 	ld	(hl-), a
    00000A80 2B               [ 8] 2163 	dec	hl
    00000A81 3A               [ 8] 2164 	ld	a, (hl-)
    00000A82 2B               [ 8] 2165 	dec	hl
    00000A83 77               [ 8] 2166 	ld	(hl), a
    00000A84 F8 0C            [12] 2167 	ldhl	sp,	#12
    00000A86 3A               [ 8] 2168 	ld	a, (hl-)
    00000A87 2B               [ 8] 2169 	dec	hl
    00000A88 77               [ 8] 2170 	ld	(hl), a
    00000A89 CB 7E            [12] 2171 	bit	7, (hl)
    00000A8B 28 10            [12] 2172 	jr	Z, 00135$
                                   2173 ;src/states/game.c:349: dx = -dx;
    00000A8D 23               [ 8] 2174 	inc	hl
    00000A8E 11 00 00         [12] 2175 	ld	de, #0x0000
    00000A91 2A               [ 8] 2176 	ld	a,	(hl+)
    00000A92 66               [ 8] 2177 	ld	h, (hl)
    00000A93 6F               [ 4] 2178 	ld	l, a
    00000A94 7B               [ 4] 2179 	ld	a, e
    00000A95 95               [ 4] 2180 	sub	a, l
    00000A96 5F               [ 4] 2181 	ld	e, a
    00000A97 7A               [ 4] 2182 	ld	a, d
    00000A98 9C               [ 4] 2183 	sbc	a, h
    00000A99 F8 0C            [12] 2184 	ldhl	sp,	#12
    00000A9B 32               [ 8] 2185 	ld	(hl-), a
    00000A9C 73               [ 8] 2186 	ld	(hl), e
    00000A9D                       2187 00135$:
                                   2188 ;src/states/game.c:350: if (dy < 0)
    00000A9D F8 0D            [12] 2189 	ldhl	sp,	#13
    00000A9F 2A               [ 8] 2190 	ld	a, (hl+)
    00000AA0 CB 7E            [12] 2191 	bit	7, (hl)
    00000AA2 28 0F            [12] 2192 	jr	Z, 00137$
                                   2193 ;src/states/game.c:351: dy = -dy;
    00000AA4 11 00 00         [12] 2194 	ld	de, #0x0000
    00000AA7 3A               [ 8] 2195 	ld	a, (hl-)
    00000AA8 6E               [ 8] 2196 	ld	l, (hl)
    00000AA9 67               [ 4] 2197 	ld	h, a
    00000AAA 7B               [ 4] 2198 	ld	a, e
    00000AAB 95               [ 4] 2199 	sub	a, l
    00000AAC 5F               [ 4] 2200 	ld	e, a
    00000AAD 7A               [ 4] 2201 	ld	a, d
    00000AAE 9C               [ 4] 2202 	sbc	a, h
    00000AAF F8 0E            [12] 2203 	ldhl	sp,	#14
    00000AB1 32               [ 8] 2204 	ld	(hl-), a
    00000AB2 73               [ 8] 2205 	ld	(hl), e
    00000AB3                       2206 00137$:
                                   2207 ;src/states/game.c:353: if (dx < 16 && dy < 16) {
    00000AB3 F8 0B            [12] 2208 	ldhl	sp,	#11
    00000AB5 2A               [ 8] 2209 	ld	a, (hl+)
    00000AB6 4F               [ 4] 2210 	ld	c, a
    00000AB7 46               [ 8] 2211 	ld	b, (hl)
    00000AB8 79               [ 4] 2212 	ld	a, c
    00000AB9 D6 10            [ 8] 2213 	sub	a, #0x10
    00000ABB 78               [ 4] 2214 	ld	a, b
    00000ABC 17               [ 4] 2215 	rla
    00000ABD 3F               [ 4] 2216 	ccf
    00000ABE 1F               [ 4] 2217 	rra
    00000ABF DE 80            [ 8] 2218 	sbc	a, #0x80
    00000AC1 30 1F            [12] 2219 	jr	NC, 00142$
    00000AC3 23               [ 8] 2220 	inc	hl
    00000AC4 2A               [ 8] 2221 	ld	a, (hl+)
    00000AC5 4F               [ 4] 2222 	ld	c, a
    00000AC6 46               [ 8] 2223 	ld	b, (hl)
    00000AC7 79               [ 4] 2224 	ld	a, c
    00000AC8 D6 10            [ 8] 2225 	sub	a, #0x10
    00000ACA 78               [ 4] 2226 	ld	a, b
    00000ACB 17               [ 4] 2227 	rla
    00000ACC 3F               [ 4] 2228 	ccf
    00000ACD 1F               [ 4] 2229 	rra
    00000ACE DE 80            [ 8] 2230 	sbc	a, #0x80
    00000AD0 30 10            [12] 2231 	jr	NC, 00142$
                                   2232 ;src/states/game.c:354: switch_map(&maps[3], 124, 240); // To Level 3 (bottom-middle path)
    00000AD2 11 F0 00         [12] 2233 	ld	de, #0x00f0
    00000AD5 D5               [16] 2234 	push	de
    00000AD6 01 7C 00         [12] 2235 	ld	bc, #0x007c
    00000AD9 11r4Er00         [12] 2236 	ld	de, #(_maps + 78)
    00000ADC CDr00r04         [24] 2237 	call	_switch_map
                                   2238 ;src/states/game.c:355: return;
    00000ADF C3r21r13         [16] 2239 	jp	00283$
    00000AE2                       2240 00142$:
                                   2241 ;src/states/game.c:361: switch_map(&maps[4], 8, 8); // To Maze
    00000AE2 11r68r00         [12] 2242 	ld	de, #_maps + 104
                                   2243 ;src/states/game.c:359: if (current_map == &maps[3]) { // LEVEL3_MAP
    00000AE5 21r00r00         [12] 2244 	ld	hl, #_current_map
    00000AE8 7E               [ 8] 2245 	ld	a, (hl)
    00000AE9 D6r4E            [ 8] 2246 	sub	a, #<((_maps + 78))
    00000AEB 20 36            [12] 2247 	jr	NZ, 00149$
    00000AED 23               [ 8] 2248 	inc	hl
    00000AEE 7E               [ 8] 2249 	ld	a, (hl)
    00000AEF D6s00            [ 8] 2250 	sub	a, #>((_maps + 78))
    00000AF1 20 30            [12] 2251 	jr	NZ, 00149$
                                   2252 ;src/states/game.c:360: if (player_y < 8) {
    00000AF3 F8 04            [12] 2253 	ldhl	sp,	#4
    00000AF5 2A               [ 8] 2254 	ld	a, (hl+)
    00000AF6 D6 08            [ 8] 2255 	sub	a, #0x08
    00000AF8 7E               [ 8] 2256 	ld	a, (hl)
    00000AF9 DE 00            [ 8] 2257 	sbc	a, #0x00
    00000AFB 30 0A            [12] 2258 	jr	NC, 00144$
                                   2259 ;src/states/game.c:361: switch_map(&maps[4], 8, 8); // To Maze
    00000AFD 01 08 00         [12] 2260 	ld	bc, #0x0008
    00000B00 C5               [16] 2261 	push	bc
    00000B01 CDr00r04         [24] 2262 	call	_switch_map
                                   2263 ;src/states/game.c:362: return;
    00000B04 C3r21r13         [16] 2264 	jp	00283$
    00000B07                       2265 00144$:
                                   2266 ;src/states/game.c:364: if (tid == 0 && player_y > 240) {
    00000B07 F8 03            [12] 2267 	ldhl	sp,	#3
    00000B09 7E               [ 8] 2268 	ld	a, (hl)
    00000B0A B7               [ 4] 2269 	or	a, a
    00000B0B 20 16            [12] 2270 	jr	NZ, 00149$
    00000B0D F8 06            [12] 2271 	ldhl	sp,	#6
    00000B0F 7E               [ 8] 2272 	ld	a, (hl)
    00000B10 B7               [ 4] 2273 	or	a, a
    00000B11 28 10            [12] 2274 	jr	Z, 00149$
                                   2275 ;src/states/game.c:365: switch_map(&maps[2], 128, 224); // Return to Level 2
    00000B13 11 E0 00         [12] 2276 	ld	de, #0x00e0
    00000B16 D5               [16] 2277 	push	de
    00000B17 01 80 00         [12] 2278 	ld	bc, #0x0080
    00000B1A 11r34r00         [12] 2279 	ld	de, #(_maps + 52)
    00000B1D CDr00r04         [24] 2280 	call	_switch_map
                                   2281 ;src/states/game.c:366: return;
    00000B20 C3r21r13         [16] 2282 	jp	00283$
    00000B23                       2283 00149$:
                                   2284 ;src/states/game.c:370: if (current_map == &maps[4]) { // MAZE_MAP
    00000B23 21r00r00         [12] 2285 	ld	hl, #_current_map
    00000B26 7E               [ 8] 2286 	ld	a, (hl)
    00000B27 93               [ 4] 2287 	sub	a, e
    00000B28 20 1D            [12] 2288 	jr	NZ, 00156$
    00000B2A 23               [ 8] 2289 	inc	hl
    00000B2B 7E               [ 8] 2290 	ld	a, (hl)
    00000B2C 92               [ 4] 2291 	sub	a, d
    00000B2D 20 18            [12] 2292 	jr	NZ, 00156$
                                   2293 ;src/states/game.c:371: if (player_y >= 240) {
    00000B2F F8 04            [12] 2294 	ldhl	sp,	#4
    00000B31 2A               [ 8] 2295 	ld	a, (hl+)
    00000B32 D6 F0            [ 8] 2296 	sub	a, #0xf0
    00000B34 7E               [ 8] 2297 	ld	a, (hl)
    00000B35 DE 00            [ 8] 2298 	sbc	a, #0x00
    00000B37 38 0E            [12] 2299 	jr	C, 00156$
                                   2300 ;src/states/game.c:372: switch_map(&maps[0], 128, 128); // To World Map
    00000B39 AF               [ 4] 2301 	xor	a, a
    00000B3A F5               [16] 2302 	push	af
    00000B3B 01 80 00         [12] 2303 	ld	bc, #0x0080
    00000B3E 11r00r00         [12] 2304 	ld	de, #_maps
    00000B41 CDr00r04         [24] 2305 	call	_switch_map
                                   2306 ;src/states/game.c:373: return;
    00000B44 C3r21r13         [16] 2307 	jp	00283$
    00000B47                       2308 00156$:
                                   2309 ;src/states/game.c:380: uint16_t sx = player_x - camera_x + 8, sy = player_y - camera_y + 16;
    00000B47 FAr00r00         [16] 2310 	ld	a, (_player_x)
    00000B4A 21r0Br00         [12] 2311 	ld	hl, #_camera_x
    00000B4D 4E               [ 8] 2312 	ld	c, (hl)
    00000B4E 91               [ 4] 2313 	sub	a, c
    00000B4F C6 08            [ 8] 2314 	add	a, #0x08
    00000B51 F8 09            [12] 2315 	ldhl	sp,	#9
    00000B53 77               [ 8] 2316 	ld	(hl), a
    00000B54 FAr02r00         [16] 2317 	ld	a, (#_player_y)
    00000B57 F8 0C            [12] 2318 	ldhl	sp,	#12
    00000B59 77               [ 8] 2319 	ld	(hl), a
    00000B5A FAr0Dr00         [16] 2320 	ld	a, (#_camera_y)
    00000B5D F8 0E            [12] 2321 	ldhl	sp,	#14
    00000B5F 32               [ 8] 2322 	ld	(hl-), a
    00000B60 2B               [ 8] 2323 	dec	hl
    00000B61 2A               [ 8] 2324 	ld	a, (hl+)
    00000B62 23               [ 8] 2325 	inc	hl
    00000B63 96               [ 8] 2326 	sub	a, (hl)
    00000B64 77               [ 8] 2327 	ld	(hl), a
    00000B65 7E               [ 8] 2328 	ld	a, (hl)
    00000B66 C6 10            [ 8] 2329 	add	a, #0x10
    00000B68 F8 0A            [12] 2330 	ldhl	sp,	#10
    00000B6A 77               [ 8] 2331 	ld	(hl), a
                                   2332 ;src/states/game.c:381: for (int i = 0; i < 4; i++)
    00000B6B F8 0E            [12] 2333 	ldhl	sp,	#14
    00000B6D 36 00            [12] 2334 	ld	(hl), #0x00
    00000B6F                       2335 00276$:
    00000B6F F8 0E            [12] 2336 	ldhl	sp,	#14
    00000B71 7E               [ 8] 2337 	ld	a, (hl)
    00000B72 D6 04            [ 8] 2338 	sub	a, #0x04
    00000B74 30 3E            [12] 2339 	jr	NC, 00157$
                                   2340 ;src/states/game.c:382: move_sprite(i, sx + (i % 2 ? 8 : 0), sy + (i >= 2 ? 8 : 0));
    00000B76 F8 0A            [12] 2341 	ldhl	sp,	#10
    00000B78 4E               [ 8] 2342 	ld	c, (hl)
    00000B79 F8 0E            [12] 2343 	ldhl	sp,	#14
    00000B7B 7E               [ 8] 2344 	ld	a, (hl)
    00000B7C D6 02            [ 8] 2345 	sub	a, #0x02
    00000B7E 38 04            [12] 2346 	jr	C, 00285$
    00000B80 3E 08            [ 8] 2347 	ld	a, #0x08
    00000B82 18 01            [12] 2348 	jr	00286$
    00000B84                       2349 00285$:
    00000B84 AF               [ 4] 2350 	xor	a, a
    00000B85                       2351 00286$:
    00000B85 81               [ 4] 2352 	add	a, c
    00000B86 F8 0B            [12] 2353 	ldhl	sp,	#11
    00000B88 32               [ 8] 2354 	ld	(hl-), a
    00000B89 2B               [ 8] 2355 	dec	hl
    00000B8A 7E               [ 8] 2356 	ld	a, (hl)
    00000B8B F8 0C            [12] 2357 	ldhl	sp,	#12
    00000B8D 22               [ 8] 2358 	ld	(hl+), a
    00000B8E 23               [ 8] 2359 	inc	hl
    00000B8F 3A               [ 8] 2360 	ld	a, (hl-)
    00000B90 77               [ 8] 2361 	ld	(hl), a
    00000B91 7E               [ 8] 2362 	ld	a, (hl)
    00000B92 E6 01            [ 8] 2363 	and	a, #0x01
    00000B94 3E 08            [ 8] 2364 	ld	a, #0x08
    00000B96 20 01            [12] 2365 	jr	NZ, 00288$
    00000B98 AF               [ 4] 2366 	xor	a, a
    00000B99                       2367 00288$:
    00000B99 F8 0C            [12] 2368 	ldhl	sp,	#12
    00000B9B 4E               [ 8] 2369 	ld	c, (hl)
    00000B9C 23               [ 8] 2370 	inc	hl
    00000B9D 81               [ 4] 2371 	add	a, c
    00000B9E 4F               [ 4] 2372 	ld	c, a
                                   2373 ;./gbdk/include/gb/gb.h:1973: OAM_item_t * itm = &shadow_OAM[nb];
    00000B9F 6E               [ 8] 2374 	ld	l, (hl)
    00000BA0 11r00r00         [12] 2375 	ld	de, #_shadow_OAM+0
    00000BA3 26 00            [ 8] 2376 	ld	h, #0x00
    00000BA5 29               [ 8] 2377 	add	hl, hl
    00000BA6 29               [ 8] 2378 	add	hl, hl
    00000BA7 19               [ 8] 2379 	add	hl, de
                                   2380 ;./gbdk/include/gb/gb.h:1974: itm->y=y, itm->x=x;
    00000BA8 E5               [16] 2381 	push	hl
    00000BA9 F8 0D            [12] 2382 	ldhl	sp,	#13
    00000BAB 7E               [ 8] 2383 	ld	a, (hl)
    00000BAC E1               [12] 2384 	pop	hl
    00000BAD 22               [ 8] 2385 	ld	(hl+), a
    00000BAE 71               [ 8] 2386 	ld	(hl), c
                                   2387 ;src/states/game.c:381: for (int i = 0; i < 4; i++)
    00000BAF F8 0E            [12] 2388 	ldhl	sp,	#14
    00000BB1 34               [12] 2389 	inc	(hl)
    00000BB2 18 BB            [12] 2390 	jr	00276$
    00000BB4                       2391 00157$:
                                   2392 ;src/states/game.c:385: entity_update_all(current_map->entities, current_map->num_entities);
    00000BB4 FAr00r00         [16] 2393 	ld	a, (#_current_map)
    00000BB7 F8 0A            [12] 2394 	ldhl	sp,	#10
    00000BB9 77               [ 8] 2395 	ld	(hl), a
    00000BBA FAr01r00         [16] 2396 	ld	a, (#_current_map + 1)
    00000BBD F8 0B            [12] 2397 	ldhl	sp,	#11
    00000BBF 32               [ 8] 2398 	ld	(hl-), a
    00000BC0 2A               [ 8] 2399 	ld	a, (hl+)
    00000BC1 5F               [ 4] 2400 	ld	e, a
    00000BC2 56               [ 8] 2401 	ld	d, (hl)
    00000BC3 21 06 00         [12] 2402 	ld	hl, #0x0006
    00000BC6 19               [ 8] 2403 	add	hl, de
    00000BC7 E5               [16] 2404 	push	hl
    00000BC8 7D               [ 4] 2405 	ld	a, l
    00000BC9 F8 0F            [12] 2406 	ldhl	sp,	#15
    00000BCB 77               [ 8] 2407 	ld	(hl), a
    00000BCC E1               [12] 2408 	pop	hl
    00000BCD 7C               [ 4] 2409 	ld	a, h
    00000BCE F8 0E            [12] 2410 	ldhl	sp,	#14
    00000BD0 32               [ 8] 2411 	ld	(hl-), a
    00000BD1 2A               [ 8] 2412 	ld	a, (hl+)
    00000BD2 5F               [ 4] 2413 	ld	e, a
    00000BD3 3A               [ 8] 2414 	ld	a, (hl-)
    00000BD4 2B               [ 8] 2415 	dec	hl
    00000BD5 57               [ 4] 2416 	ld	d, a
    00000BD6 1A               [ 8] 2417 	ld	a, (de)
    00000BD7 32               [ 8] 2418 	ld	(hl-), a
    00000BD8 2B               [ 8] 2419 	dec	hl
    00000BD9 2A               [ 8] 2420 	ld	a, (hl+)
    00000BDA 5F               [ 4] 2421 	ld	e, a
    00000BDB 56               [ 8] 2422 	ld	d, (hl)
    00000BDC 21 04 00         [12] 2423 	ld	hl, #0x0004
    00000BDF 19               [ 8] 2424 	add	hl, de
    00000BE0 E5               [16] 2425 	push	hl
    00000BE1 7D               [ 4] 2426 	ld	a, l
    00000BE2 F8 0F            [12] 2427 	ldhl	sp,	#15
    00000BE4 77               [ 8] 2428 	ld	(hl), a
    00000BE5 E1               [12] 2429 	pop	hl
    00000BE6 7C               [ 4] 2430 	ld	a, h
    00000BE7 F8 0E            [12] 2431 	ldhl	sp,	#14
    00000BE9 32               [ 8] 2432 	ld	(hl-), a
    00000BEA 2A               [ 8] 2433 	ld	a, (hl+)
    00000BEB 5F               [ 4] 2434 	ld	e, a
    00000BEC 3A               [ 8] 2435 	ld	a, (hl-)
    00000BED 57               [ 4] 2436 	ld	d, a
    00000BEE 1A               [ 8] 2437 	ld	a, (de)
    00000BEF 22               [ 8] 2438 	ld	(hl+), a
    00000BF0 13               [ 8] 2439 	inc	de
    00000BF1 1A               [ 8] 2440 	ld	a, (de)
    00000BF2 32               [ 8] 2441 	ld	(hl-), a
    00000BF3 2B               [ 8] 2442 	dec	hl
    00000BF4 2A               [ 8] 2443 	ld	a, (hl+)
    00000BF5 5E               [ 8] 2444 	ld	e, (hl)
    00000BF6 23               [ 8] 2445 	inc	hl
    00000BF7 56               [ 8] 2446 	ld	d, (hl)
    00000BF8 CDr00r00         [24] 2447 	call	_entity_update_all
                                   2448 ;src/states/game.c:388: projectile_update_all();
    00000BFB CDr00r00         [24] 2449 	call	_projectile_update_all
                                   2450 ;src/states/game.c:389: projectile_render_all(camera_x, camera_y);
    00000BFE FAr0Dr00         [16] 2451 	ld	a, (_camera_y)
    00000C01 4F               [ 4] 2452 	ld	c, a
    00000C02 21r0Er00         [12] 2453 	ld	hl, #_camera_y + 1
    00000C05 46               [ 8] 2454 	ld	b, (hl)
    00000C06 FAr0Br00         [16] 2455 	ld	a, (_camera_x)
    00000C09 5F               [ 4] 2456 	ld	e, a
    00000C0A 21r0Cr00         [12] 2457 	ld	hl, #_camera_x + 1
    00000C0D 56               [ 8] 2458 	ld	d, (hl)
    00000C0E CDr00r00         [24] 2459 	call	_projectile_render_all
                                   2460 ;src/states/game.c:392: if (projectile_check_collision(player_x + 8, player_y + 8)) {
    00000C11 FAr02r00         [16] 2461 	ld	a, (#_player_y)
    00000C14 F8 0B            [12] 2462 	ldhl	sp,	#11
    00000C16 77               [ 8] 2463 	ld	(hl), a
    00000C17 FAr03r00         [16] 2464 	ld	a, (#_player_y + 1)
    00000C1A F8 0C            [12] 2465 	ldhl	sp,	#12
    00000C1C 32               [ 8] 2466 	ld	(hl-), a
    00000C1D 2A               [ 8] 2467 	ld	a, (hl+)
    00000C1E 5F               [ 4] 2468 	ld	e, a
    00000C1F 56               [ 8] 2469 	ld	d, (hl)
    00000C20 21 08 00         [12] 2470 	ld	hl, #0x0008
    00000C23 19               [ 8] 2471 	add	hl, de
    00000C24 E5               [16] 2472 	push	hl
    00000C25 7D               [ 4] 2473 	ld	a, l
    00000C26 F8 0F            [12] 2474 	ldhl	sp,	#15
    00000C28 77               [ 8] 2475 	ld	(hl), a
    00000C29 E1               [12] 2476 	pop	hl
    00000C2A 7C               [ 4] 2477 	ld	a, h
    00000C2B F8 0E            [12] 2478 	ldhl	sp,	#14
    00000C2D 32               [ 8] 2479 	ld	(hl-), a
    00000C2E 3A               [ 8] 2480 	ld	a, (hl-)
    00000C2F 2B               [ 8] 2481 	dec	hl
    00000C30 77               [ 8] 2482 	ld	(hl), a
    00000C31 F8 0E            [12] 2483 	ldhl	sp,	#14
    00000C33 3A               [ 8] 2484 	ld	a, (hl-)
    00000C34 2B               [ 8] 2485 	dec	hl
    00000C35 77               [ 8] 2486 	ld	(hl), a
    00000C36 FAr00r00         [16] 2487 	ld	a, (#_player_x)
    00000C39 F8 09            [12] 2488 	ldhl	sp,	#9
    00000C3B 77               [ 8] 2489 	ld	(hl), a
    00000C3C FAr01r00         [16] 2490 	ld	a, (#_player_x + 1)
    00000C3F F8 0A            [12] 2491 	ldhl	sp,	#10
    00000C41 32               [ 8] 2492 	ld	(hl-), a
    00000C42 2A               [ 8] 2493 	ld	a, (hl+)
    00000C43 5F               [ 4] 2494 	ld	e, a
    00000C44 56               [ 8] 2495 	ld	d, (hl)
    00000C45 21 08 00         [12] 2496 	ld	hl, #0x0008
    00000C48 19               [ 8] 2497 	add	hl, de
    00000C49 E5               [16] 2498 	push	hl
    00000C4A 7D               [ 4] 2499 	ld	a, l
    00000C4B F8 0F            [12] 2500 	ldhl	sp,	#15
    00000C4D 77               [ 8] 2501 	ld	(hl), a
    00000C4E E1               [12] 2502 	pop	hl
    00000C4F 7C               [ 4] 2503 	ld	a, h
    00000C50 F8 0E            [12] 2504 	ldhl	sp,	#14
    00000C52 77               [ 8] 2505 	ld	(hl), a
    00000C53 F8 0B            [12] 2506 	ldhl	sp,	#11
    00000C55 2A               [ 8] 2507 	ld	a, (hl+)
    00000C56 4F               [ 4] 2508 	ld	c, a
    00000C57 2A               [ 8] 2509 	ld	a, (hl+)
    00000C58 47               [ 4] 2510 	ld	b, a
    00000C59 2A               [ 8] 2511 	ld	a, (hl+)
    00000C5A 5F               [ 4] 2512 	ld	e, a
    00000C5B 56               [ 8] 2513 	ld	d, (hl)
    00000C5C CDr00r00         [24] 2514 	call	_projectile_check_collision
    00000C5F B7               [ 4] 2515 	or	a, a
    00000C60 28 06            [12] 2516 	jr	Z, 00332$
                                   2517 ;src/states/game.c:393: player_hit();
    00000C62 CDr3Er07         [24] 2518 	call	_player_hit
                                   2519 ;src/states/game.c:394: return;
    00000C65 C3r21r13         [16] 2520 	jp	00283$
                                   2521 ;src/states/game.c:398: for (int i = 0; i < current_map->num_entities; i++) {
    00000C68                       2522 00332$:
    00000C68 AF               [ 4] 2523 	xor	a, a
    00000C69 F8 09            [12] 2524 	ldhl	sp,	#9
    00000C6B 22               [ 8] 2525 	ld	(hl+), a
    00000C6C 77               [ 8] 2526 	ld	(hl), a
    00000C6D                       2527 00279$:
                                   2528 ;src/states/game.c:385: entity_update_all(current_map->entities, current_map->num_entities);
    00000C6D FAr00r00         [16] 2529 	ld	a, (#_current_map)
    00000C70 F8 06            [12] 2530 	ldhl	sp,	#6
    00000C72 77               [ 8] 2531 	ld	(hl), a
    00000C73 FAr01r00         [16] 2532 	ld	a, (#_current_map + 1)
    00000C76 F8 07            [12] 2533 	ldhl	sp,	#7
    00000C78 32               [ 8] 2534 	ld	(hl-), a
    00000C79 2A               [ 8] 2535 	ld	a, (hl+)
    00000C7A 5F               [ 4] 2536 	ld	e, a
    00000C7B 56               [ 8] 2537 	ld	d, (hl)
    00000C7C 21 06 00         [12] 2538 	ld	hl, #0x0006
    00000C7F 19               [ 8] 2539 	add	hl, de
    00000C80 E5               [16] 2540 	push	hl
    00000C81 7D               [ 4] 2541 	ld	a, l
    00000C82 F8 0F            [12] 2542 	ldhl	sp,	#15
    00000C84 77               [ 8] 2543 	ld	(hl), a
    00000C85 E1               [12] 2544 	pop	hl
    00000C86 7C               [ 4] 2545 	ld	a, h
    00000C87 F8 0E            [12] 2546 	ldhl	sp,	#14
                                   2547 ;src/states/game.c:398: for (int i = 0; i < current_map->num_entities; i++) {
    00000C89 32               [ 8] 2548 	ld	(hl-), a
    00000C8A 2A               [ 8] 2549 	ld	a, (hl+)
    00000C8B 5F               [ 4] 2550 	ld	e, a
    00000C8C 56               [ 8] 2551 	ld	d, (hl)
    00000C8D 1A               [ 8] 2552 	ld	a, (de)
    00000C8E F8 08            [12] 2553 	ldhl	sp,	#8
    00000C90 77               [ 8] 2554 	ld	(hl), a
    00000C91 7E               [ 8] 2555 	ld	a, (hl)
    00000C92 F8 0B            [12] 2556 	ldhl	sp,	#11
    00000C94 22               [ 8] 2557 	ld	(hl+), a
    00000C95 36 00            [12] 2558 	ld	(hl), #0x00
                                   2559 ;src/states/game.c:385: entity_update_all(current_map->entities, current_map->num_entities);
    00000C97 F8 06            [12] 2560 	ldhl	sp,#6
    00000C99 2A               [ 8] 2561 	ld	a, (hl+)
    00000C9A 5F               [ 4] 2562 	ld	e, a
    00000C9B 56               [ 8] 2563 	ld	d, (hl)
    00000C9C 21 04 00         [12] 2564 	ld	hl, #0x0004
    00000C9F 19               [ 8] 2565 	add	hl, de
    00000CA0 E5               [16] 2566 	push	hl
    00000CA1 7D               [ 4] 2567 	ld	a, l
    00000CA2 F8 0F            [12] 2568 	ldhl	sp,	#15
    00000CA4 77               [ 8] 2569 	ld	(hl), a
    00000CA5 E1               [12] 2570 	pop	hl
    00000CA6 7C               [ 4] 2571 	ld	a, h
    00000CA7 F8 0E            [12] 2572 	ldhl	sp,	#14
                                   2573 ;src/states/game.c:399: entity_t *e = &current_map->entities[i];
    00000CA9 32               [ 8] 2574 	ld	(hl-), a
    00000CAA 2A               [ 8] 2575 	ld	a, (hl+)
    00000CAB 5F               [ 4] 2576 	ld	e, a
    00000CAC 3A               [ 8] 2577 	ld	a, (hl-)
    00000CAD 57               [ 4] 2578 	ld	d, a
    00000CAE 1A               [ 8] 2579 	ld	a, (de)
    00000CAF 22               [ 8] 2580 	ld	(hl+), a
    00000CB0 13               [ 8] 2581 	inc	de
    00000CB1 1A               [ 8] 2582 	ld	a, (de)
    00000CB2 77               [ 8] 2583 	ld	(hl), a
                                   2584 ;src/states/game.c:398: for (int i = 0; i < current_map->num_entities; i++) {
    00000CB3 F8 09            [12] 2585 	ldhl	sp,	#9
    00000CB5 5D               [ 4] 2586 	ld	e, l
    00000CB6 54               [ 4] 2587 	ld	d, h
    00000CB7 F8 0B            [12] 2588 	ldhl	sp,	#11
    00000CB9 1A               [ 8] 2589 	ld	a, (de)
    00000CBA 13               [ 8] 2590 	inc	de
    00000CBB 96               [ 8] 2591 	sub	a, (hl)
    00000CBC 23               [ 8] 2592 	inc	hl
    00000CBD 1A               [ 8] 2593 	ld	a, (de)
    00000CBE 9E               [ 8] 2594 	sbc	a, (hl)
    00000CBF 1A               [ 8] 2595 	ld	a, (de)
    00000CC0 57               [ 4] 2596 	ld	d, a
    00000CC1 CB 7E            [12] 2597 	bit	7, (hl)
    00000CC3 28 07            [12] 2598 	jr	Z, 00982$
    00000CC5 CB 7A            [ 8] 2599 	bit	7, d
    00000CC7 20 08            [12] 2600 	jr	NZ, 00983$
    00000CC9 BF               [ 4] 2601 	cp	a, a
    00000CCA 18 05            [12] 2602 	jr	00983$
    00000CCC                       2603 00982$:
    00000CCC CB 7A            [ 8] 2604 	bit	7, d
    00000CCE 28 01            [12] 2605 	jr	Z, 00983$
    00000CD0 37               [ 4] 2606 	scf
    00000CD1                       2607 00983$:
    00000CD1 D2rF9r0D         [16] 2608 	jp	NC, 00170$
                                   2609 ;src/states/game.c:399: entity_t *e = &current_map->entities[i];
    00000CD4 F8 09            [12] 2610 	ldhl	sp,	#9
    00000CD6 2A               [ 8] 2611 	ld	a, (hl+)
    00000CD7 23               [ 8] 2612 	inc	hl
    00000CD8 32               [ 8] 2613 	ld	(hl-), a
    00000CD9 2A               [ 8] 2614 	ld	a, (hl+)
    00000CDA 23               [ 8] 2615 	inc	hl
    00000CDB 77               [ 8] 2616 	ld	(hl), a
    00000CDC 3E 04            [ 8] 2617 	ld	a, #0x04
    00000CDE                       2618 00984$:
    00000CDE F8 0B            [12] 2619 	ldhl	sp,	#11
    00000CE0 CB 26            [16] 2620 	sla	(hl)
    00000CE2 23               [ 8] 2621 	inc	hl
    00000CE3 CB 16            [16] 2622 	rl	(hl)
    00000CE5 3D               [ 4] 2623 	dec	a
    00000CE6 20 F6            [12] 2624 	jr	NZ, 00984$
    00000CE8 2B               [ 8] 2625 	dec	hl
    00000CE9 2A               [ 8] 2626 	ld	a, (hl+)
    00000CEA 5F               [ 4] 2627 	ld	e, a
    00000CEB 2A               [ 8] 2628 	ld	a, (hl+)
    00000CEC 57               [ 4] 2629 	ld	d, a
    00000CED 2A               [ 8] 2630 	ld	a,	(hl+)
    00000CEE 66               [ 8] 2631 	ld	h, (hl)
    00000CEF 6F               [ 4] 2632 	ld	l, a
    00000CF0 19               [ 8] 2633 	add	hl, de
    00000CF1 E5               [16] 2634 	push	hl
    00000CF2 7D               [ 4] 2635 	ld	a, l
    00000CF3 F8 09            [12] 2636 	ldhl	sp,	#9
    00000CF5 77               [ 8] 2637 	ld	(hl), a
    00000CF6 E1               [12] 2638 	pop	hl
    00000CF7 7C               [ 4] 2639 	ld	a, h
    00000CF8 F8 08            [12] 2640 	ldhl	sp,	#8
                                   2641 ;src/states/game.c:400: if (e->active && e->type == ENT_ENEMY) {
    00000CFA 32               [ 8] 2642 	ld	(hl-), a
    00000CFB 2A               [ 8] 2643 	ld	a, (hl+)
    00000CFC 5F               [ 4] 2644 	ld	e, a
    00000CFD 56               [ 8] 2645 	ld	d, (hl)
    00000CFE 21 08 00         [12] 2646 	ld	hl, #0x0008
    00000D01 19               [ 8] 2647 	add	hl, de
    00000D02 E5               [16] 2648 	push	hl
    00000D03 7D               [ 4] 2649 	ld	a, l
    00000D04 F8 0F            [12] 2650 	ldhl	sp,	#15
    00000D06 77               [ 8] 2651 	ld	(hl), a
    00000D07 E1               [12] 2652 	pop	hl
    00000D08 7C               [ 4] 2653 	ld	a, h
    00000D09 F8 0E            [12] 2654 	ldhl	sp,	#14
    00000D0B 32               [ 8] 2655 	ld	(hl-), a
    00000D0C 2A               [ 8] 2656 	ld	a, (hl+)
    00000D0D 5F               [ 4] 2657 	ld	e, a
    00000D0E 56               [ 8] 2658 	ld	d, (hl)
    00000D0F 1A               [ 8] 2659 	ld	a, (de)
    00000D10 77               [ 8] 2660 	ld	(hl), a
    00000D11 7E               [ 8] 2661 	ld	a, (hl)
    00000D12 B7               [ 4] 2662 	or	a, a
    00000D13 CArEEr0D         [16] 2663 	jp	Z, 00280$
    00000D16 F8 07            [12] 2664 	ldhl	sp,#7
    00000D18 2A               [ 8] 2665 	ld	a, (hl+)
    00000D19 5F               [ 4] 2666 	ld	e, a
    00000D1A 56               [ 8] 2667 	ld	d, (hl)
    00000D1B 21 04 00         [12] 2668 	ld	hl, #0x0004
    00000D1E 19               [ 8] 2669 	add	hl, de
    00000D1F E5               [16] 2670 	push	hl
    00000D20 7D               [ 4] 2671 	ld	a, l
    00000D21 F8 0F            [12] 2672 	ldhl	sp,	#15
    00000D23 77               [ 8] 2673 	ld	(hl), a
    00000D24 E1               [12] 2674 	pop	hl
    00000D25 7C               [ 4] 2675 	ld	a, h
    00000D26 F8 0E            [12] 2676 	ldhl	sp,	#14
    00000D28 32               [ 8] 2677 	ld	(hl-), a
    00000D29 2A               [ 8] 2678 	ld	a, (hl+)
    00000D2A 5F               [ 4] 2679 	ld	e, a
    00000D2B 56               [ 8] 2680 	ld	d, (hl)
    00000D2C 1A               [ 8] 2681 	ld	a, (de)
    00000D2D D6 03            [ 8] 2682 	sub	a, #0x03
    00000D2F C2rEEr0D         [16] 2683 	jp	NZ, 00280$
                                   2684 ;src/states/game.c:401: int16_t dx = (int16_t)player_x - (int16_t)e->x;
    00000D32 FAr00r00         [16] 2685 	ld	a, (#_player_x)
    00000D35 F8 05            [12] 2686 	ldhl	sp,	#5
    00000D37 77               [ 8] 2687 	ld	(hl), a
    00000D38 FAr01r00         [16] 2688 	ld	a, (#_player_x + 1)
    00000D3B F8 06            [12] 2689 	ldhl	sp,	#6
    00000D3D 22               [ 8] 2690 	ld	(hl+), a
    00000D3E 2A               [ 8] 2691 	ld	a, (hl+)
    00000D3F 5F               [ 4] 2692 	ld	e, a
    00000D40 56               [ 8] 2693 	ld	d, (hl)
    00000D41 1A               [ 8] 2694 	ld	a, (de)
    00000D42 F8 0D            [12] 2695 	ldhl	sp,	#13
    00000D44 22               [ 8] 2696 	ld	(hl+), a
    00000D45 13               [ 8] 2697 	inc	de
    00000D46 1A               [ 8] 2698 	ld	a, (de)
    00000D47 77               [ 8] 2699 	ld	(hl), a
    00000D48 F8 05            [12] 2700 	ldhl	sp,#5
    00000D4A 2A               [ 8] 2701 	ld	a, (hl+)
    00000D4B 5F               [ 4] 2702 	ld	e, a
    00000D4C 56               [ 8] 2703 	ld	d, (hl)
    00000D4D F8 0D            [12] 2704 	ldhl	sp,	#13
    00000D4F 2A               [ 8] 2705 	ld	a,	(hl+)
    00000D50 66               [ 8] 2706 	ld	h, (hl)
    00000D51 6F               [ 4] 2707 	ld	l, a
    00000D52 7B               [ 4] 2708 	ld	a, e
    00000D53 95               [ 4] 2709 	sub	a, l
    00000D54 5F               [ 4] 2710 	ld	e, a
    00000D55 7A               [ 4] 2711 	ld	a, d
    00000D56 9C               [ 4] 2712 	sbc	a, h
    00000D57 F8 0C            [12] 2713 	ldhl	sp,	#12
    00000D59 32               [ 8] 2714 	ld	(hl-), a
    00000D5A 73               [ 8] 2715 	ld	(hl), e
                                   2716 ;src/states/game.c:402: int16_t dy = (int16_t)player_y - (int16_t)e->y;
    00000D5B FAr02r00         [16] 2717 	ld	a, (#_player_y)
    00000D5E F8 05            [12] 2718 	ldhl	sp,	#5
    00000D60 77               [ 8] 2719 	ld	(hl), a
    00000D61 FAr03r00         [16] 2720 	ld	a, (#_player_y + 1)
    00000D64 F8 06            [12] 2721 	ldhl	sp,	#6
    00000D66 22               [ 8] 2722 	ld	(hl+), a
    00000D67 2A               [ 8] 2723 	ld	a, (hl+)
    00000D68 5F               [ 4] 2724 	ld	e, a
    00000D69 56               [ 8] 2725 	ld	d, (hl)
    00000D6A 21 02 00         [12] 2726 	ld	hl, #0x0002
    00000D6D 19               [ 8] 2727 	add	hl, de
    00000D6E E5               [16] 2728 	push	hl
    00000D6F 7D               [ 4] 2729 	ld	a, l
    00000D70 F8 0F            [12] 2730 	ldhl	sp,	#15
    00000D72 77               [ 8] 2731 	ld	(hl), a
    00000D73 E1               [12] 2732 	pop	hl
    00000D74 7C               [ 4] 2733 	ld	a, h
    00000D75 F8 0E            [12] 2734 	ldhl	sp,	#14
    00000D77 32               [ 8] 2735 	ld	(hl-), a
    00000D78 2A               [ 8] 2736 	ld	a, (hl+)
    00000D79 5F               [ 4] 2737 	ld	e, a
    00000D7A 3A               [ 8] 2738 	ld	a, (hl-)
    00000D7B 57               [ 4] 2739 	ld	d, a
    00000D7C 1A               [ 8] 2740 	ld	a, (de)
    00000D7D 22               [ 8] 2741 	ld	(hl+), a
    00000D7E 13               [ 8] 2742 	inc	de
    00000D7F 1A               [ 8] 2743 	ld	a, (de)
    00000D80 32               [ 8] 2744 	ld	(hl-), a
    00000D81 7E               [ 8] 2745 	ld	a, (hl)
    00000D82 F8 07            [12] 2746 	ldhl	sp,	#7
    00000D84 77               [ 8] 2747 	ld	(hl), a
    00000D85 F8 0E            [12] 2748 	ldhl	sp,	#14
    00000D87 7E               [ 8] 2749 	ld	a, (hl)
    00000D88 F8 08            [12] 2750 	ldhl	sp,	#8
    00000D8A 32               [ 8] 2751 	ld	(hl-), a
    00000D8B 2B               [ 8] 2752 	dec	hl
    00000D8C 2B               [ 8] 2753 	dec	hl
    00000D8D 2A               [ 8] 2754 	ld	a, (hl+)
    00000D8E 5F               [ 4] 2755 	ld	e, a
    00000D8F 2A               [ 8] 2756 	ld	a, (hl+)
    00000D90 57               [ 4] 2757 	ld	d, a
    00000D91 2A               [ 8] 2758 	ld	a,	(hl+)
    00000D92 66               [ 8] 2759 	ld	h, (hl)
    00000D93 6F               [ 4] 2760 	ld	l, a
    00000D94 7B               [ 4] 2761 	ld	a, e
    00000D95 95               [ 4] 2762 	sub	a, l
    00000D96 5F               [ 4] 2763 	ld	e, a
    00000D97 7A               [ 4] 2764 	ld	a, d
    00000D98 9C               [ 4] 2765 	sbc	a, h
    00000D99 F8 0E            [12] 2766 	ldhl	sp,	#14
    00000D9B 32               [ 8] 2767 	ld	(hl-), a
                                   2768 ;src/states/game.c:403: if (dx < 0)
    00000D9C 7B               [ 4] 2769 	ld	a, e
    00000D9D 32               [ 8] 2770 	ld	(hl-), a
    00000D9E 2B               [ 8] 2771 	dec	hl
    00000D9F 2A               [ 8] 2772 	ld	a, (hl+)
    00000DA0 CB 7E            [12] 2773 	bit	7, (hl)
    00000DA2 28 0F            [12] 2774 	jr	Z, 00161$
                                   2775 ;src/states/game.c:404: dx = -dx;
    00000DA4 11 00 00         [12] 2776 	ld	de, #0x0000
    00000DA7 3A               [ 8] 2777 	ld	a, (hl-)
    00000DA8 6E               [ 8] 2778 	ld	l, (hl)
    00000DA9 67               [ 4] 2779 	ld	h, a
    00000DAA 7B               [ 4] 2780 	ld	a, e
    00000DAB 95               [ 4] 2781 	sub	a, l
    00000DAC 5F               [ 4] 2782 	ld	e, a
    00000DAD 7A               [ 4] 2783 	ld	a, d
    00000DAE 9C               [ 4] 2784 	sbc	a, h
    00000DAF F8 0C            [12] 2785 	ldhl	sp,	#12
    00000DB1 32               [ 8] 2786 	ld	(hl-), a
    00000DB2 73               [ 8] 2787 	ld	(hl), e
    00000DB3                       2788 00161$:
                                   2789 ;src/states/game.c:405: if (dy < 0)
    00000DB3 F8 0D            [12] 2790 	ldhl	sp,	#13
    00000DB5 2A               [ 8] 2791 	ld	a, (hl+)
    00000DB6 CB 7E            [12] 2792 	bit	7, (hl)
    00000DB8 28 0F            [12] 2793 	jr	Z, 00163$
                                   2794 ;src/states/game.c:406: dy = -dy;
    00000DBA 11 00 00         [12] 2795 	ld	de, #0x0000
    00000DBD 3A               [ 8] 2796 	ld	a, (hl-)
    00000DBE 6E               [ 8] 2797 	ld	l, (hl)
    00000DBF 67               [ 4] 2798 	ld	h, a
    00000DC0 7B               [ 4] 2799 	ld	a, e
    00000DC1 95               [ 4] 2800 	sub	a, l
    00000DC2 5F               [ 4] 2801 	ld	e, a
    00000DC3 7A               [ 4] 2802 	ld	a, d
    00000DC4 9C               [ 4] 2803 	sbc	a, h
    00000DC5 F8 0E            [12] 2804 	ldhl	sp,	#14
    00000DC7 32               [ 8] 2805 	ld	(hl-), a
    00000DC8 73               [ 8] 2806 	ld	(hl), e
    00000DC9                       2807 00163$:
                                   2808 ;src/states/game.c:407: if (dx < 10 && dy < 10) {
    00000DC9 F8 0B            [12] 2809 	ldhl	sp,	#11
    00000DCB 2A               [ 8] 2810 	ld	a, (hl+)
    00000DCC 4F               [ 4] 2811 	ld	c, a
    00000DCD 46               [ 8] 2812 	ld	b, (hl)
    00000DCE 79               [ 4] 2813 	ld	a, c
    00000DCF D6 0A            [ 8] 2814 	sub	a, #0x0a
    00000DD1 78               [ 4] 2815 	ld	a, b
    00000DD2 17               [ 4] 2816 	rla
    00000DD3 3F               [ 4] 2817 	ccf
    00000DD4 1F               [ 4] 2818 	rra
    00000DD5 DE 80            [ 8] 2819 	sbc	a, #0x80
    00000DD7 30 15            [12] 2820 	jr	NC, 00280$
    00000DD9 23               [ 8] 2821 	inc	hl
    00000DDA 2A               [ 8] 2822 	ld	a, (hl+)
    00000DDB 4F               [ 4] 2823 	ld	c, a
    00000DDC 46               [ 8] 2824 	ld	b, (hl)
    00000DDD 79               [ 4] 2825 	ld	a, c
    00000DDE D6 0A            [ 8] 2826 	sub	a, #0x0a
    00000DE0 78               [ 4] 2827 	ld	a, b
    00000DE1 17               [ 4] 2828 	rla
    00000DE2 3F               [ 4] 2829 	ccf
    00000DE3 1F               [ 4] 2830 	rra
    00000DE4 DE 80            [ 8] 2831 	sbc	a, #0x80
    00000DE6 30 06            [12] 2832 	jr	NC, 00280$
                                   2833 ;src/states/game.c:408: player_hit();
    00000DE8 CDr3Er07         [24] 2834 	call	_player_hit
                                   2835 ;src/states/game.c:409: return;
    00000DEB C3r21r13         [16] 2836 	jp	00283$
    00000DEE                       2837 00280$:
                                   2838 ;src/states/game.c:398: for (int i = 0; i < current_map->num_entities; i++) {
    00000DEE F8 09            [12] 2839 	ldhl	sp,	#9
    00000DF0 34               [12] 2840 	inc	(hl)
    00000DF1 C2r6Dr0C         [16] 2841 	jp	NZ, 00279$
    00000DF4 23               [ 8] 2842 	inc	hl
    00000DF5 34               [12] 2843 	inc	(hl)
    00000DF6 C3r6Dr0C         [16] 2844 	jp	00279$
    00000DF9                       2845 00170$:
                                   2846 ;src/states/game.c:414: entity_render_all(current_map->entities, current_map->num_entities, camera_x,
    00000DF9 3E 04            [ 8] 2847 	ld	a, #0x04
    00000DFB F5               [16] 2848 	push	af
    00000DFC 33               [ 8] 2849 	inc	sp
    00000DFD FAr0Dr00         [16] 2850 	ld	a, (_camera_y)
    00000E00 5F               [ 4] 2851 	ld	e, a
    00000E01 21r0Er00         [12] 2852 	ld	hl, #_camera_y + 1
    00000E04 56               [ 8] 2853 	ld	d, (hl)
    00000E05 D5               [16] 2854 	push	de
    00000E06 FAr0Br00         [16] 2855 	ld	a, (_camera_x)
    00000E09 5F               [ 4] 2856 	ld	e, a
    00000E0A 21r0Cr00         [12] 2857 	ld	hl, #_camera_x + 1
    00000E0D 56               [ 8] 2858 	ld	d, (hl)
    00000E0E D5               [16] 2859 	push	de
    00000E0F F8 0D            [12] 2860 	ldhl	sp,	#13
    00000E11 7E               [ 8] 2861 	ld	a, (hl)
    00000E12 F8 12            [12] 2862 	ldhl	sp,	#18
    00000E14 5E               [ 8] 2863 	ld	e, (hl)
    00000E15 23               [ 8] 2864 	inc	hl
    00000E16 56               [ 8] 2865 	ld	d, (hl)
    00000E17 CDr00r00         [24] 2866 	call	_entity_render_all
                                   2867 ;src/states/game.c:417: if (input_pressed(J_A | J_B)) {
    00000E1A 3E 30            [ 8] 2868 	ld	a, #0x30
    00000E1C CDr00r00         [24] 2869 	call	_input_pressed
    00000E1F B7               [ 4] 2870 	or	a, a
    00000E20 CAr16r11         [16] 2871 	jp	Z, 00220$
                                   2872 ;src/states/game.c:418: uint8_t interacted = 0;
    00000E23 F8 00            [12] 2873 	ldhl	sp,	#0
    00000E25 36 00            [12] 2874 	ld	(hl), #0x00
                                   2875 ;src/states/game.c:419: for (int i = 0; i < current_map->num_entities; i++) {
    00000E27 AF               [ 4] 2876 	xor	a, a
    00000E28 F8 09            [12] 2877 	ldhl	sp,	#9
    00000E2A 22               [ 8] 2878 	ld	(hl+), a
    00000E2B 77               [ 8] 2879 	ld	(hl), a
    00000E2C                       2880 00282$:
                                   2881 ;src/states/game.c:385: entity_update_all(current_map->entities, current_map->num_entities);
    00000E2C FAr00r00         [16] 2882 	ld	a, (#_current_map)
    00000E2F F8 0D            [12] 2883 	ldhl	sp,	#13
    00000E31 77               [ 8] 2884 	ld	(hl), a
    00000E32 FAr01r00         [16] 2885 	ld	a, (#_current_map + 1)
    00000E35 F8 0E            [12] 2886 	ldhl	sp,	#14
                                   2887 ;src/states/game.c:419: for (int i = 0; i < current_map->num_entities; i++) {
    00000E37 32               [ 8] 2888 	ld	(hl-), a
    00000E38 2A               [ 8] 2889 	ld	a, (hl+)
    00000E39 5F               [ 4] 2890 	ld	e, a
    00000E3A 56               [ 8] 2891 	ld	d, (hl)
    00000E3B 21 06 00         [12] 2892 	ld	hl, #0x0006
    00000E3E 19               [ 8] 2893 	add	hl, de
    00000E3F 4D               [ 4] 2894 	ld	c, l
    00000E40 44               [ 4] 2895 	ld	b, h
    00000E41 0A               [ 8] 2896 	ld	a, (bc)
    00000E42 4F               [ 4] 2897 	ld	c, a
    00000E43 06 00            [ 8] 2898 	ld	b, #0x00
                                   2899 ;src/states/game.c:446: if (e->dialogue && strcmp(e->dialogue, "ARMA") == 0) {
                                   2900 ;src/states/game.c:419: for (int i = 0; i < current_map->num_entities; i++) {
    00000E45 F8 09            [12] 2901 	ldhl	sp,	#9
    00000E47 2A               [ 8] 2902 	ld	a, (hl+)
    00000E48 91               [ 4] 2903 	sub	a, c
    00000E49 7E               [ 8] 2904 	ld	a, (hl)
    00000E4A 98               [ 4] 2905 	sbc	a, b
    00000E4B 56               [ 8] 2906 	ld	d, (hl)
    00000E4C 78               [ 4] 2907 	ld	a, b
    00000E4D 5F               [ 4] 2908 	ld	e, a
    00000E4E CB 7B            [ 8] 2909 	bit	7, e
    00000E50 28 07            [12] 2910 	jr	Z, 00988$
    00000E52 CB 7A            [ 8] 2911 	bit	7, d
    00000E54 20 08            [12] 2912 	jr	NZ, 00989$
    00000E56 BF               [ 4] 2913 	cp	a, a
    00000E57 18 05            [12] 2914 	jr	00989$
    00000E59                       2915 00988$:
    00000E59 CB 7A            [ 8] 2916 	bit	7, d
    00000E5B 28 01            [12] 2917 	jr	Z, 00989$
    00000E5D 37               [ 4] 2918 	scf
    00000E5E                       2919 00989$:
    00000E5E D2r53r10         [16] 2920 	jp	NC, 00199$
                                   2921 ;src/states/game.c:420: entity_t *e = &current_map->entities[i];
    00000E61 F8 0D            [12] 2922 	ldhl	sp,#13
    00000E63 2A               [ 8] 2923 	ld	a, (hl+)
    00000E64 5F               [ 4] 2924 	ld	e, a
    00000E65 56               [ 8] 2925 	ld	d, (hl)
    00000E66 21 04 00         [12] 2926 	ld	hl, #0x0004
    00000E69 19               [ 8] 2927 	add	hl, de
    00000E6A 2A               [ 8] 2928 	ld	a, (hl+)
    00000E6B 4F               [ 4] 2929 	ld	c, a
    00000E6C 46               [ 8] 2930 	ld	b, (hl)
    00000E6D F8 09            [12] 2931 	ldhl	sp,	#9
    00000E6F 2A               [ 8] 2932 	ld	a, (hl+)
    00000E70 5E               [ 8] 2933 	ld	e, (hl)
    00000E71 87               [ 4] 2934 	add	a, a
    00000E72 CB 13            [ 8] 2935 	rl	e
    00000E74 87               [ 4] 2936 	add	a, a
    00000E75 CB 13            [ 8] 2937 	rl	e
    00000E77 87               [ 4] 2938 	add	a, a
    00000E78 CB 13            [ 8] 2939 	rl	e
    00000E7A 87               [ 4] 2940 	add	a, a
    00000E7B CB 13            [ 8] 2941 	rl	e
    00000E7D 6F               [ 4] 2942 	ld	l, a
    00000E7E 63               [ 4] 2943 	ld	h, e
    00000E7F 09               [ 8] 2944 	add	hl, bc
    00000E80 E5               [16] 2945 	push	hl
    00000E81 7D               [ 4] 2946 	ld	a, l
    00000E82 F8 03            [12] 2947 	ldhl	sp,	#3
    00000E84 77               [ 8] 2948 	ld	(hl), a
    00000E85 E1               [12] 2949 	pop	hl
    00000E86 7C               [ 4] 2950 	ld	a, h
    00000E87 F8 02            [12] 2951 	ldhl	sp,	#2
                                   2952 ;src/states/game.c:421: if (!e->active)
    00000E89 32               [ 8] 2953 	ld	(hl-), a
    00000E8A 2A               [ 8] 2954 	ld	a, (hl+)
    00000E8B 5F               [ 4] 2955 	ld	e, a
    00000E8C 56               [ 8] 2956 	ld	d, (hl)
    00000E8D 21 08 00         [12] 2957 	ld	hl, #0x0008
    00000E90 19               [ 8] 2958 	add	hl, de
    00000E91 E5               [16] 2959 	push	hl
    00000E92 7D               [ 4] 2960 	ld	a, l
    00000E93 F8 05            [12] 2961 	ldhl	sp,	#5
    00000E95 77               [ 8] 2962 	ld	(hl), a
    00000E96 E1               [12] 2963 	pop	hl
    00000E97 7C               [ 4] 2964 	ld	a, h
    00000E98 F8 04            [12] 2965 	ldhl	sp,	#4
    00000E9A 32               [ 8] 2966 	ld	(hl-), a
    00000E9B 2A               [ 8] 2967 	ld	a, (hl+)
    00000E9C 5F               [ 4] 2968 	ld	e, a
    00000E9D 56               [ 8] 2969 	ld	d, (hl)
    00000E9E 1A               [ 8] 2970 	ld	a, (de)
    00000E9F F8 0E            [12] 2971 	ldhl	sp,	#14
    00000EA1 77               [ 8] 2972 	ld	(hl), a
    00000EA2 7E               [ 8] 2973 	ld	a, (hl)
    00000EA3 B7               [ 4] 2974 	or	a, a
    00000EA4 CAr48r10         [16] 2975 	jp	Z, 00198$
                                   2976 ;src/states/game.c:424: int16_t dx = (int16_t)player_x - (int16_t)e->x,
    00000EA7 FAr00r00         [16] 2977 	ld	a, (#_player_x)
    00000EAA F8 07            [12] 2978 	ldhl	sp,	#7
    00000EAC 77               [ 8] 2979 	ld	(hl), a
    00000EAD FAr01r00         [16] 2980 	ld	a, (#_player_x + 1)
    00000EB0 F8 08            [12] 2981 	ldhl	sp,	#8
    00000EB2 77               [ 8] 2982 	ld	(hl), a
    00000EB3 F8 01            [12] 2983 	ldhl	sp,#1
    00000EB5 2A               [ 8] 2984 	ld	a, (hl+)
    00000EB6 5F               [ 4] 2985 	ld	e, a
    00000EB7 56               [ 8] 2986 	ld	d, (hl)
    00000EB8 1A               [ 8] 2987 	ld	a, (de)
    00000EB9 F8 0D            [12] 2988 	ldhl	sp,	#13
    00000EBB 22               [ 8] 2989 	ld	(hl+), a
    00000EBC 13               [ 8] 2990 	inc	de
    00000EBD 1A               [ 8] 2991 	ld	a, (de)
    00000EBE 77               [ 8] 2992 	ld	(hl), a
    00000EBF F8 07            [12] 2993 	ldhl	sp,#7
    00000EC1 2A               [ 8] 2994 	ld	a, (hl+)
    00000EC2 5F               [ 4] 2995 	ld	e, a
    00000EC3 56               [ 8] 2996 	ld	d, (hl)
    00000EC4 F8 0D            [12] 2997 	ldhl	sp,	#13
    00000EC6 2A               [ 8] 2998 	ld	a,	(hl+)
    00000EC7 66               [ 8] 2999 	ld	h, (hl)
    00000EC8 6F               [ 4] 3000 	ld	l, a
    00000EC9 7B               [ 4] 3001 	ld	a, e
    00000ECA 95               [ 4] 3002 	sub	a, l
    00000ECB 5F               [ 4] 3003 	ld	e, a
    00000ECC 7A               [ 4] 3004 	ld	a, d
    00000ECD 9C               [ 4] 3005 	sbc	a, h
    00000ECE F8 0C            [12] 3006 	ldhl	sp,	#12
    00000ED0 32               [ 8] 3007 	ld	(hl-), a
    00000ED1 73               [ 8] 3008 	ld	(hl), e
                                   3009 ;src/states/game.c:425: dy = (int16_t)player_y - (int16_t)e->y;
    00000ED2 FAr02r00         [16] 3010 	ld	a, (#_player_y)
    00000ED5 F8 05            [12] 3011 	ldhl	sp,	#5
    00000ED7 77               [ 8] 3012 	ld	(hl), a
    00000ED8 FAr03r00         [16] 3013 	ld	a, (#_player_y + 1)
    00000EDB F8 06            [12] 3014 	ldhl	sp,	#6
    00000EDD 77               [ 8] 3015 	ld	(hl), a
    00000EDE F8 01            [12] 3016 	ldhl	sp,	#1
    00000EE0 2A               [ 8] 3017 	ld	a, (hl+)
    00000EE1 4F               [ 4] 3018 	ld	c, a
    00000EE2 46               [ 8] 3019 	ld	b, (hl)
    00000EE3 03               [ 8] 3020 	inc	bc
    00000EE4 03               [ 8] 3021 	inc	bc
    00000EE5 59               [ 4] 3022 	ld	e, c
    00000EE6 50               [ 4] 3023 	ld	d, b
    00000EE7 1A               [ 8] 3024 	ld	a, (de)
    00000EE8 F8 0D            [12] 3025 	ldhl	sp,	#13
    00000EEA 22               [ 8] 3026 	ld	(hl+), a
    00000EEB 13               [ 8] 3027 	inc	de
    00000EEC 1A               [ 8] 3028 	ld	a, (de)
    00000EED 32               [ 8] 3029 	ld	(hl-), a
    00000EEE 7E               [ 8] 3030 	ld	a, (hl)
    00000EEF F8 07            [12] 3031 	ldhl	sp,	#7
    00000EF1 77               [ 8] 3032 	ld	(hl), a
    00000EF2 F8 0E            [12] 3033 	ldhl	sp,	#14
    00000EF4 7E               [ 8] 3034 	ld	a, (hl)
    00000EF5 F8 08            [12] 3035 	ldhl	sp,	#8
    00000EF7 32               [ 8] 3036 	ld	(hl-), a
    00000EF8 2B               [ 8] 3037 	dec	hl
    00000EF9 2B               [ 8] 3038 	dec	hl
    00000EFA 2A               [ 8] 3039 	ld	a, (hl+)
    00000EFB 5F               [ 4] 3040 	ld	e, a
    00000EFC 2A               [ 8] 3041 	ld	a, (hl+)
    00000EFD 57               [ 4] 3042 	ld	d, a
    00000EFE 2A               [ 8] 3043 	ld	a,	(hl+)
    00000EFF 66               [ 8] 3044 	ld	h, (hl)
    00000F00 6F               [ 4] 3045 	ld	l, a
    00000F01 7B               [ 4] 3046 	ld	a, e
    00000F02 95               [ 4] 3047 	sub	a, l
    00000F03 5F               [ 4] 3048 	ld	e, a
    00000F04 7A               [ 4] 3049 	ld	a, d
    00000F05 9C               [ 4] 3050 	sbc	a, h
    00000F06 F8 0E            [12] 3051 	ldhl	sp,	#14
    00000F08 32               [ 8] 3052 	ld	(hl-), a
                                   3053 ;src/states/game.c:426: if (dx < 0)
    00000F09 7B               [ 4] 3054 	ld	a, e
    00000F0A 32               [ 8] 3055 	ld	(hl-), a
    00000F0B 2B               [ 8] 3056 	dec	hl
    00000F0C 2A               [ 8] 3057 	ld	a, (hl+)
    00000F0D CB 7E            [12] 3058 	bit	7, (hl)
    00000F0F 28 0F            [12] 3059 	jr	Z, 00174$
                                   3060 ;src/states/game.c:427: dx = -dx;
    00000F11 11 00 00         [12] 3061 	ld	de, #0x0000
    00000F14 3A               [ 8] 3062 	ld	a, (hl-)
    00000F15 6E               [ 8] 3063 	ld	l, (hl)
    00000F16 67               [ 4] 3064 	ld	h, a
    00000F17 7B               [ 4] 3065 	ld	a, e
    00000F18 95               [ 4] 3066 	sub	a, l
    00000F19 5F               [ 4] 3067 	ld	e, a
    00000F1A 7A               [ 4] 3068 	ld	a, d
    00000F1B 9C               [ 4] 3069 	sbc	a, h
    00000F1C F8 0C            [12] 3070 	ldhl	sp,	#12
    00000F1E 32               [ 8] 3071 	ld	(hl-), a
    00000F1F 73               [ 8] 3072 	ld	(hl), e
    00000F20                       3073 00174$:
                                   3074 ;src/states/game.c:428: if (dy < 0)
    00000F20 F8 0D            [12] 3075 	ldhl	sp,	#13
    00000F22 2A               [ 8] 3076 	ld	a, (hl+)
    00000F23 CB 7E            [12] 3077 	bit	7, (hl)
    00000F25 28 0F            [12] 3078 	jr	Z, 00176$
                                   3079 ;src/states/game.c:429: dy = -dy;
    00000F27 11 00 00         [12] 3080 	ld	de, #0x0000
    00000F2A 3A               [ 8] 3081 	ld	a, (hl-)
    00000F2B 6E               [ 8] 3082 	ld	l, (hl)
    00000F2C 67               [ 4] 3083 	ld	h, a
    00000F2D 7B               [ 4] 3084 	ld	a, e
    00000F2E 95               [ 4] 3085 	sub	a, l
    00000F2F 5F               [ 4] 3086 	ld	e, a
    00000F30 7A               [ 4] 3087 	ld	a, d
    00000F31 9C               [ 4] 3088 	sbc	a, h
    00000F32 F8 0E            [12] 3089 	ldhl	sp,	#14
    00000F34 32               [ 8] 3090 	ld	(hl-), a
    00000F35 73               [ 8] 3091 	ld	(hl), e
    00000F36                       3092 00176$:
                                   3093 ;src/states/game.c:431: if (dx < 28 && dy < 28) {
    00000F36 F8 0B            [12] 3094 	ldhl	sp,	#11
    00000F38 2A               [ 8] 3095 	ld	a, (hl+)
    00000F39 4F               [ 4] 3096 	ld	c, a
    00000F3A 46               [ 8] 3097 	ld	b, (hl)
    00000F3B 79               [ 4] 3098 	ld	a, c
    00000F3C D6 1C            [ 8] 3099 	sub	a, #0x1c
    00000F3E 78               [ 4] 3100 	ld	a, b
    00000F3F 17               [ 4] 3101 	rla
    00000F40 3F               [ 4] 3102 	ccf
    00000F41 1F               [ 4] 3103 	rra
    00000F42 DE 80            [ 8] 3104 	sbc	a, #0x80
    00000F44 D2r48r10         [16] 3105 	jp	NC, 00198$
    00000F47 23               [ 8] 3106 	inc	hl
    00000F48 2A               [ 8] 3107 	ld	a, (hl+)
    00000F49 4F               [ 4] 3108 	ld	c, a
    00000F4A 46               [ 8] 3109 	ld	b, (hl)
    00000F4B 79               [ 4] 3110 	ld	a, c
    00000F4C D6 1C            [ 8] 3111 	sub	a, #0x1c
    00000F4E 78               [ 4] 3112 	ld	a, b
    00000F4F 17               [ 4] 3113 	rla
    00000F50 3F               [ 4] 3114 	ccf
    00000F51 1F               [ 4] 3115 	rra
    00000F52 DE 80            [ 8] 3116 	sbc	a, #0x80
    00000F54 D2r48r10         [16] 3117 	jp	NC, 00198$
                                   3118 ;src/states/game.c:432: if (input_pressed(J_A)) {
    00000F57 3E 10            [ 8] 3119 	ld	a, #0x10
    00000F59 CDr00r00         [24] 3120 	call	_input_pressed
    00000F5C 4F               [ 4] 3121 	ld	c, a
                                   3122 ;src/states/game.c:433: if (e->type == ENT_NPC) {
    00000F5D F8 01            [12] 3123 	ldhl	sp,#1
    00000F5F 2A               [ 8] 3124 	ld	a, (hl+)
    00000F60 5F               [ 4] 3125 	ld	e, a
    00000F61 56               [ 8] 3126 	ld	d, (hl)
    00000F62 21 04 00         [12] 3127 	ld	hl, #0x0004
    00000F65 19               [ 8] 3128 	add	hl, de
    00000F66 E5               [16] 3129 	push	hl
    00000F67 7D               [ 4] 3130 	ld	a, l
    00000F68 F8 09            [12] 3131 	ldhl	sp,	#9
    00000F6A 77               [ 8] 3132 	ld	(hl), a
    00000F6B E1               [12] 3133 	pop	hl
    00000F6C 7C               [ 4] 3134 	ld	a, h
    00000F6D F8 08            [12] 3135 	ldhl	sp,	#8
    00000F6F 77               [ 8] 3136 	ld	(hl), a
                                   3137 ;src/states/game.c:435: if (e->sprite_base == 36 && inventory_has_item("FLOR")) {
    00000F70 F8 01            [12] 3138 	ldhl	sp,#1
    00000F72 2A               [ 8] 3139 	ld	a, (hl+)
    00000F73 5F               [ 4] 3140 	ld	e, a
    00000F74 56               [ 8] 3141 	ld	d, (hl)
    00000F75 21 07 00         [12] 3142 	ld	hl, #0x0007
    00000F78 19               [ 8] 3143 	add	hl, de
    00000F79 E5               [16] 3144 	push	hl
    00000F7A 7D               [ 4] 3145 	ld	a, l
    00000F7B F8 0D            [12] 3146 	ldhl	sp,	#13
    00000F7D 77               [ 8] 3147 	ld	(hl), a
    00000F7E E1               [12] 3148 	pop	hl
    00000F7F 7C               [ 4] 3149 	ld	a, h
    00000F80 F8 0C            [12] 3150 	ldhl	sp,	#12
    00000F82 77               [ 8] 3151 	ld	(hl), a
                                   3152 ;src/states/game.c:438: text_dialogue(e->dialogue);
    00000F83 F8 01            [12] 3153 	ldhl	sp,#1
    00000F85 2A               [ 8] 3154 	ld	a, (hl+)
    00000F86 5F               [ 4] 3155 	ld	e, a
    00000F87 56               [ 8] 3156 	ld	d, (hl)
    00000F88 21 05 00         [12] 3157 	ld	hl, #0x0005
    00000F8B 19               [ 8] 3158 	add	hl, de
    00000F8C E5               [16] 3159 	push	hl
    00000F8D 7D               [ 4] 3160 	ld	a, l
    00000F8E F8 0F            [12] 3161 	ldhl	sp,	#15
    00000F90 77               [ 8] 3162 	ld	(hl), a
    00000F91 E1               [12] 3163 	pop	hl
    00000F92 7C               [ 4] 3164 	ld	a, h
    00000F93 F8 0E            [12] 3165 	ldhl	sp,	#14
    00000F95 77               [ 8] 3166 	ld	(hl), a
                                   3167 ;src/states/game.c:432: if (input_pressed(J_A)) {
    00000F96 79               [ 4] 3168 	ld	a, c
    00000F97 B7               [ 4] 3169 	or	a, a
    00000F98 28 36            [12] 3170 	jr	Z, 00184$
                                   3171 ;src/states/game.c:433: if (e->type == ENT_NPC) {
    00000F9A F8 07            [12] 3172 	ldhl	sp,#7
    00000F9C 2A               [ 8] 3173 	ld	a, (hl+)
    00000F9D 5F               [ 4] 3174 	ld	e, a
    00000F9E 56               [ 8] 3175 	ld	d, (hl)
    00000F9F 1A               [ 8] 3176 	ld	a, (de)
    00000FA0 B7               [ 4] 3177 	or	a, a
    00000FA1 20 2D            [12] 3178 	jr	NZ, 00184$
                                   3179 ;src/states/game.c:434: interacted = 1;
    00000FA3 F8 00            [12] 3180 	ldhl	sp,	#0
    00000FA5 36 01            [12] 3181 	ld	(hl), #0x01
                                   3182 ;src/states/game.c:435: if (e->sprite_base == 36 && inventory_has_item("FLOR")) {
    00000FA7 F8 0B            [12] 3183 	ldhl	sp,#11
    00000FA9 2A               [ 8] 3184 	ld	a, (hl+)
    00000FAA 5F               [ 4] 3185 	ld	e, a
    00000FAB 56               [ 8] 3186 	ld	d, (hl)
    00000FAC 1A               [ 8] 3187 	ld	a, (de)
    00000FAD D6 24            [ 8] 3188 	sub	a, #0x24
    00000FAF 20 11            [12] 3189 	jr	NZ, 00178$
    00000FB1 11r24r13         [12] 3190 	ld	de, #___str_1
    00000FB4 CDr00r00         [24] 3191 	call	_inventory_has_item
    00000FB7 B7               [ 4] 3192 	or	a, a
    00000FB8 28 08            [12] 3193 	jr	Z, 00178$
                                   3194 ;src/states/game.c:436: text_dialogue(DIALOGUE_FLOWER_THANKS);
    00000FBA 11r29r13         [12] 3195 	ld	de, #___str_2
    00000FBD CDr00r00         [24] 3196 	call	_text_dialogue
    00000FC0 18 0E            [12] 3197 	jr	00184$
    00000FC2                       3198 00178$:
                                   3199 ;src/states/game.c:438: text_dialogue(e->dialogue);
    00000FC2 F8 0D            [12] 3200 	ldhl	sp,#13
    00000FC4 2A               [ 8] 3201 	ld	a, (hl+)
    00000FC5 5F               [ 4] 3202 	ld	e, a
    00000FC6 56               [ 8] 3203 	ld	d, (hl)
    00000FC7 1A               [ 8] 3204 	ld	a, (de)
    00000FC8 4F               [ 4] 3205 	ld	c, a
    00000FC9 13               [ 8] 3206 	inc	de
    00000FCA 1A               [ 8] 3207 	ld	a, (de)
    00000FCB 59               [ 4] 3208 	ld	e, c
    00000FCC 57               [ 4] 3209 	ld	d, a
    00000FCD CDr00r00         [24] 3210 	call	_text_dialogue
    00000FD0                       3211 00184$:
                                   3212 ;src/states/game.c:442: if (input_pressed(J_B)) {
    00000FD0 3E 20            [ 8] 3213 	ld	a, #0x20
    00000FD2 CDr00r00         [24] 3214 	call	_input_pressed
    00000FD5 B7               [ 4] 3215 	or	a, a
    00000FD6 28 70            [12] 3216 	jr	Z, 00198$
                                   3217 ;src/states/game.c:443: if (e->type == ENT_ITEM) {
    00000FD8 F8 07            [12] 3218 	ldhl	sp,#7
    00000FDA 2A               [ 8] 3219 	ld	a, (hl+)
    00000FDB 5F               [ 4] 3220 	ld	e, a
    00000FDC 56               [ 8] 3221 	ld	d, (hl)
    00000FDD 1A               [ 8] 3222 	ld	a, (de)
    00000FDE 77               [ 8] 3223 	ld	(hl), a
    00000FDF 7E               [ 8] 3224 	ld	a, (hl)
    00000FE0 3D               [ 4] 3225 	dec	a
    00000FE1 20 65            [12] 3226 	jr	NZ, 00198$
                                   3227 ;src/states/game.c:444: interacted = 1;
    00000FE3 F8 00            [12] 3228 	ldhl	sp,	#0
    00000FE5 36 01            [12] 3229 	ld	(hl), #0x01
                                   3230 ;src/states/game.c:445: if (e->sprite_base == 41) {
    00000FE7 F8 0B            [12] 3231 	ldhl	sp,#11
    00000FE9 2A               [ 8] 3232 	ld	a, (hl+)
    00000FEA 5F               [ 4] 3233 	ld	e, a
    00000FEB 56               [ 8] 3234 	ld	d, (hl)
    00000FEC 1A               [ 8] 3235 	ld	a, (de)
    00000FED 77               [ 8] 3236 	ld	(hl), a
    00000FEE 7E               [ 8] 3237 	ld	a, (hl)
    00000FEF D6 29            [ 8] 3238 	sub	a, #0x29
    00000FF1 20 55            [12] 3239 	jr	NZ, 00198$
                                   3240 ;src/states/game.c:446: if (e->dialogue && strcmp(e->dialogue, "ARMA") == 0) {
    00000FF3 F8 0D            [12] 3241 	ldhl	sp,#13
    00000FF5 2A               [ 8] 3242 	ld	a, (hl+)
    00000FF6 5F               [ 4] 3243 	ld	e, a
    00000FF7 3A               [ 8] 3244 	ld	a, (hl-)
    00000FF8 57               [ 4] 3245 	ld	d, a
    00000FF9 1A               [ 8] 3246 	ld	a, (de)
    00000FFA 22               [ 8] 3247 	ld	(hl+), a
    00000FFB 13               [ 8] 3248 	inc	de
    00000FFC 1A               [ 8] 3249 	ld	a, (de)
    00000FFD 77               [ 8] 3250 	ld	(hl), a
    00000FFE 3A               [ 8] 3251 	ld	a, (hl-)
    00000FFF B6               [ 8] 3252 	or	a, (hl)
    00001000 28 2C            [12] 3253 	jr	Z, 00186$
    00001002 11rD3r13         [12] 3254 	ld	de, #___str_3
    00001005 D5               [16] 3255 	push	de
    00001006 2A               [ 8] 3256 	ld	a, (hl+)
    00001007 5F               [ 4] 3257 	ld	e, a
    00001008 56               [ 8] 3258 	ld	d, (hl)
    00001009 D5               [16] 3259 	push	de
    0000100A CDr00r00         [24] 3260 	call	_strcmp
    0000100D E8 04            [16] 3261 	add	sp, #4
    0000100F F8 0D            [12] 3262 	ldhl	sp,	#13
    00001011 7B               [ 4] 3263 	ld	a, e
    00001012 22               [ 8] 3264 	ld	(hl+), a
    00001013 72               [ 8] 3265 	ld	(hl), d
    00001014 F8 0E            [12] 3266 	ldhl	sp,	#14
    00001016 3A               [ 8] 3267 	ld	a, (hl-)
    00001017 B6               [ 8] 3268 	or	a, (hl)
    00001018 20 14            [12] 3269 	jr	NZ, 00186$
                                   3270 ;src/states/game.c:447: inventory_add_item("ARMA", "Un arma cargada", 41);
    0000101A 3E 29            [ 8] 3271 	ld	a, #0x29
    0000101C F5               [16] 3272 	push	af
    0000101D 33               [ 8] 3273 	inc	sp
    0000101E 01rD8r13         [12] 3274 	ld	bc, #___str_4
    00001021 11rD3r13         [12] 3275 	ld	de, #___str_3
    00001024 CDr00r00         [24] 3276 	call	_inventory_add_item
                                   3277 ;src/states/game.c:448: player_ammo = 10;
    00001027 21r16r00         [12] 3278 	ld	hl, #_player_ammo
    0000102A 36 0A            [12] 3279 	ld	(hl), #0x0a
    0000102C 18 0D            [12] 3280 	jr	00187$
    0000102E                       3281 00186$:
                                   3282 ;src/states/game.c:450: inventory_add_item("FLOR", "Una hermosa\nflor silvestre", 41);
    0000102E 3E 29            [ 8] 3283 	ld	a, #0x29
    00001030 F5               [16] 3284 	push	af
    00001031 33               [ 8] 3285 	inc	sp
    00001032 01rE8r13         [12] 3286 	ld	bc, #___str_5
    00001035 11r24r13         [12] 3287 	ld	de, #___str_1
    00001038 CDr00r00         [24] 3288 	call	_inventory_add_item
    0000103B                       3289 00187$:
                                   3290 ;src/states/game.c:452: hud_update();
    0000103B CDr4Cr01         [24] 3291 	call	_hud_update
                                   3292 ;src/states/game.c:453: sfx_pickup();
    0000103E CDr00r00         [24] 3293 	call	_sfx_pickup
                                   3294 ;src/states/game.c:454: e->active = 0;
    00001041 F8 03            [12] 3295 	ldhl	sp,	#3
    00001043 2A               [ 8] 3296 	ld	a, (hl+)
    00001044 66               [ 8] 3297 	ld	h, (hl)
    00001045 6F               [ 4] 3298 	ld	l, a
    00001046 36 00            [12] 3299 	ld	(hl), #0x00
    00001048                       3300 00198$:
                                   3301 ;src/states/game.c:419: for (int i = 0; i < current_map->num_entities; i++) {
    00001048 F8 09            [12] 3302 	ldhl	sp,	#9
    0000104A 34               [12] 3303 	inc	(hl)
    0000104B C2r2Cr0E         [16] 3304 	jp	NZ, 00282$
    0000104E 23               [ 8] 3305 	inc	hl
    0000104F 34               [12] 3306 	inc	(hl)
    00001050 C3r2Cr0E         [16] 3307 	jp	00282$
    00001053                       3308 00199$:
                                   3309 ;src/states/game.c:461: if (!interacted && input_pressed(J_B)) {
    00001053 F8 00            [12] 3310 	ldhl	sp,	#0
    00001055 7E               [ 8] 3311 	ld	a, (hl)
    00001056 B7               [ 4] 3312 	or	a, a
    00001057 C2r0Fr11         [16] 3313 	jp	NZ, 00215$
    0000105A 3E 20            [ 8] 3314 	ld	a, #0x20
    0000105C CDr00r00         [24] 3315 	call	_input_pressed
    0000105F B7               [ 4] 3316 	or	a, a
    00001060 CAr0Fr11         [16] 3317 	jp	Z, 00215$
                                   3318 ;src/states/game.c:462: if (inventory_has_item("ARMA") && player_ammo > 0) {
    00001063 11rD3r13         [12] 3319 	ld	de, #___str_3
    00001066 CDr00r00         [24] 3320 	call	_inventory_has_item
    00001069 B7               [ 4] 3321 	or	a, a
    0000106A CAr0Fr11         [16] 3322 	jp	Z, 00215$
    0000106D FAr16r00         [16] 3323 	ld	a, (#_player_ammo)
    00001070 B7               [ 4] 3324 	or	a, a
    00001071 CAr0Fr11         [16] 3325 	jp	Z, 00215$
                                   3326 ;src/states/game.c:463: int8_t vx = 0, vy = 0;
    00001074 F8 09            [12] 3327 	ldhl	sp,	#9
    00001076 AF               [ 4] 3328 	xor	a, a
    00001077 22               [ 8] 3329 	ld	(hl+), a
    00001078 77               [ 8] 3330 	ld	(hl), a
                                   3331 ;src/states/game.c:464: if (player_dir == 0)
    00001079 FAr08r00         [16] 3332 	ld	a, (#_player_dir)
    0000107C B7               [ 4] 3333 	or	a, a
    0000107D 20 06            [12] 3334 	jr	NZ, 00209$
                                   3335 ;src/states/game.c:465: vy = 2; // DOWN
    0000107F F8 0A            [12] 3336 	ldhl	sp,	#10
    00001081 36 02            [12] 3337 	ld	(hl), #0x02
    00001083 18 24            [12] 3338 	jr	00210$
    00001085                       3339 00209$:
                                   3340 ;src/states/game.c:466: else if (player_dir == 1)
    00001085 FAr08r00         [16] 3341 	ld	a, (#_player_dir)
    00001088 3D               [ 4] 3342 	dec	a
    00001089 20 06            [12] 3343 	jr	NZ, 00206$
                                   3344 ;src/states/game.c:467: vy = -2; // UP
    0000108B F8 0A            [12] 3345 	ldhl	sp,	#10
    0000108D 36 FE            [12] 3346 	ld	(hl), #0xfe
    0000108F 18 18            [12] 3347 	jr	00210$
    00001091                       3348 00206$:
                                   3349 ;src/states/game.c:468: else if (player_dir == 2)
    00001091 FAr08r00         [16] 3350 	ld	a, (#_player_dir)
    00001094 D6 02            [ 8] 3351 	sub	a, #0x02
    00001096 20 06            [12] 3352 	jr	NZ, 00203$
                                   3353 ;src/states/game.c:469: vx = -2; // LEFT
    00001098 F8 09            [12] 3354 	ldhl	sp,	#9
    0000109A 36 FE            [12] 3355 	ld	(hl), #0xfe
    0000109C 18 0B            [12] 3356 	jr	00210$
    0000109E                       3357 00203$:
                                   3358 ;src/states/game.c:470: else if (player_dir == 3)
    0000109E FAr08r00         [16] 3359 	ld	a, (#_player_dir)
    000010A1 D6 03            [ 8] 3360 	sub	a, #0x03
    000010A3 20 04            [12] 3361 	jr	NZ, 00210$
                                   3362 ;src/states/game.c:471: vx = 2; // RIGHT
    000010A5 F8 09            [12] 3363 	ldhl	sp,	#9
    000010A7 36 02            [12] 3364 	ld	(hl), #0x02
    000010A9                       3365 00210$:
                                   3366 ;src/states/game.c:473: projectile_spawn(player_x + 4, player_y + 4, vx, vy, 1);
    000010A9 FAr02r00         [16] 3367 	ld	a, (#_player_y)
    000010AC F8 0B            [12] 3368 	ldhl	sp,	#11
    000010AE 77               [ 8] 3369 	ld	(hl), a
    000010AF FAr03r00         [16] 3370 	ld	a, (#_player_y + 1)
    000010B2 F8 0C            [12] 3371 	ldhl	sp,	#12
    000010B4 32               [ 8] 3372 	ld	(hl-), a
    000010B5 2A               [ 8] 3373 	ld	a, (hl+)
    000010B6 5F               [ 4] 3374 	ld	e, a
    000010B7 56               [ 8] 3375 	ld	d, (hl)
    000010B8 21 04 00         [12] 3376 	ld	hl, #0x0004
    000010BB 19               [ 8] 3377 	add	hl, de
    000010BC E5               [16] 3378 	push	hl
    000010BD 7D               [ 4] 3379 	ld	a, l
    000010BE F8 0F            [12] 3380 	ldhl	sp,	#15
    000010C0 77               [ 8] 3381 	ld	(hl), a
    000010C1 E1               [12] 3382 	pop	hl
    000010C2 7C               [ 4] 3383 	ld	a, h
    000010C3 F8 0E            [12] 3384 	ldhl	sp,	#14
    000010C5 32               [ 8] 3385 	ld	(hl-), a
    000010C6 3A               [ 8] 3386 	ld	a, (hl-)
    000010C7 2B               [ 8] 3387 	dec	hl
    000010C8 77               [ 8] 3388 	ld	(hl), a
    000010C9 F8 0E            [12] 3389 	ldhl	sp,	#14
    000010CB 3A               [ 8] 3390 	ld	a, (hl-)
    000010CC 2B               [ 8] 3391 	dec	hl
    000010CD 77               [ 8] 3392 	ld	(hl), a
    000010CE FAr00r00         [16] 3393 	ld	a, (#_player_x)
    000010D1 F8 07            [12] 3394 	ldhl	sp,	#7
    000010D3 77               [ 8] 3395 	ld	(hl), a
    000010D4 FAr01r00         [16] 3396 	ld	a, (#_player_x + 1)
    000010D7 F8 08            [12] 3397 	ldhl	sp,	#8
    000010D9 32               [ 8] 3398 	ld	(hl-), a
    000010DA 2A               [ 8] 3399 	ld	a, (hl+)
    000010DB 5F               [ 4] 3400 	ld	e, a
    000010DC 56               [ 8] 3401 	ld	d, (hl)
    000010DD 21 04 00         [12] 3402 	ld	hl, #0x0004
    000010E0 19               [ 8] 3403 	add	hl, de
    000010E1 E5               [16] 3404 	push	hl
    000010E2 7D               [ 4] 3405 	ld	a, l
    000010E3 F8 0F            [12] 3406 	ldhl	sp,	#15
    000010E5 77               [ 8] 3407 	ld	(hl), a
    000010E6 E1               [12] 3408 	pop	hl
    000010E7 7C               [ 4] 3409 	ld	a, h
    000010E8 F8 0E            [12] 3410 	ldhl	sp,	#14
    000010EA 77               [ 8] 3411 	ld	(hl), a
    000010EB 3E 01            [ 8] 3412 	ld	a, #0x01
    000010ED F5               [16] 3413 	push	af
    000010EE 33               [ 8] 3414 	inc	sp
    000010EF F8 0B            [12] 3415 	ldhl	sp,	#11
    000010F1 3A               [ 8] 3416 	ld	a, (hl-)
    000010F2 57               [ 4] 3417 	ld	d, a
    000010F3 2A               [ 8] 3418 	ld	a, (hl+)
    000010F4 23               [ 8] 3419 	inc	hl
    000010F5 5F               [ 4] 3420 	ld	e, a
    000010F6 D5               [16] 3421 	push	de
    000010F7 2A               [ 8] 3422 	ld	a, (hl+)
    000010F8 4F               [ 4] 3423 	ld	c, a
    000010F9 2A               [ 8] 3424 	ld	a, (hl+)
    000010FA 47               [ 4] 3425 	ld	b, a
    000010FB 2A               [ 8] 3426 	ld	a, (hl+)
    000010FC 5F               [ 4] 3427 	ld	e, a
    000010FD 56               [ 8] 3428 	ld	d, (hl)
    000010FE CDr00r00         [24] 3429 	call	_projectile_spawn
                                   3430 ;src/states/game.c:474: player_ammo--;
    00001101 21r16r00         [12] 3431 	ld	hl, #_player_ammo
    00001104 35               [12] 3432 	dec	(hl)
                                   3433 ;src/states/game.c:475: sfx_pickup(); // Reuse pickup sound as temporary fire sound
    00001105 CDr00r00         [24] 3434 	call	_sfx_pickup
                                   3435 ;src/states/game.c:476: hud_update();
    00001108 CDr4Cr01         [24] 3436 	call	_hud_update
                                   3437 ;src/states/game.c:477: interacted = 1;
    0000110B F8 00            [12] 3438 	ldhl	sp,	#0
    0000110D 36 01            [12] 3439 	ld	(hl), #0x01
    0000110F                       3440 00215$:
                                   3441 ;src/states/game.c:481: if (interacted)
    0000110F F8 00            [12] 3442 	ldhl	sp,	#0
    00001111 7E               [ 8] 3443 	ld	a, (hl)
    00001112 B7               [ 4] 3444 	or	a, a
                                   3445 ;src/states/game.c:482: return;
    00001113 C2r21r13         [16] 3446 	jp	NZ, 00283$
    00001116                       3447 00220$:
                                   3448 ;src/states/game.c:486: uint16_t ix = player_x + 8;
    00001116 FAr00r00         [16] 3449 	ld	a, (_player_x)
    00001119 21r01r00         [12] 3450 	ld	hl, #_player_x + 1
    0000111C 4E               [ 8] 3451 	ld	c, (hl)
    0000111D C6 08            [ 8] 3452 	add	a, #0x08
    0000111F 47               [ 4] 3453 	ld	b, a
    00001120 79               [ 4] 3454 	ld	a, c
    00001121 CE 00            [ 8] 3455 	adc	a, #0x00
    00001123 F8 0D            [12] 3456 	ldhl	sp,	#13
    00001125 70               [ 8] 3457 	ld	(hl), b
    00001126 23               [ 8] 3458 	inc	hl
    00001127 77               [ 8] 3459 	ld	(hl), a
                                   3460 ;src/states/game.c:487: uint16_t iy = player_y + 8;
    00001128 FAr02r00         [16] 3461 	ld	a, (_player_y)
    0000112B 21r03r00         [12] 3462 	ld	hl, #_player_y + 1
    0000112E 46               [ 8] 3463 	ld	b, (hl)
    0000112F C6 08            [ 8] 3464 	add	a, #0x08
    00001131 4F               [ 4] 3465 	ld	c, a
    00001132 30 01            [12] 3466 	jr	NC, 01004$
    00001134 04               [ 4] 3467 	inc	b
    00001135                       3468 01004$:
                                   3469 ;src/states/game.c:489: iy += 8;
    00001135 59               [ 4] 3470 	ld	e, c
    00001136 50               [ 4] 3471 	ld	d, b
                                   3472 ;src/states/game.c:488: if (player_dir == 0) // DOWN
    00001137 FAr08r00         [16] 3473 	ld	a, (#_player_dir)
    0000113A B7               [ 4] 3474 	or	a, a
    0000113B 20 08            [12] 3475 	jr	NZ, 00230$
                                   3476 ;src/states/game.c:489: iy += 8;
    0000113D 21 08 00         [12] 3477 	ld	hl, #0x0008
    00001140 19               [ 8] 3478 	add	hl, de
    00001141 4D               [ 4] 3479 	ld	c, l
    00001142 44               [ 4] 3480 	ld	b, h
    00001143 18 3C            [12] 3481 	jr	00231$
    00001145                       3482 00230$:
                                   3483 ;src/states/game.c:490: else if (player_dir == 1) // UP
    00001145 FAr08r00         [16] 3484 	ld	a, (#_player_dir)
    00001148 3D               [ 4] 3485 	dec	a
    00001149 20 0A            [12] 3486 	jr	NZ, 00227$
                                   3487 ;src/states/game.c:491: iy -= 8;
    0000114B 7B               [ 4] 3488 	ld	a, e
    0000114C C6 F8            [ 8] 3489 	add	a, #0xf8
    0000114E 4F               [ 4] 3490 	ld	c, a
    0000114F 7A               [ 4] 3491 	ld	a, d
    00001150 CE FF            [ 8] 3492 	adc	a, #0xff
    00001152 47               [ 4] 3493 	ld	b, a
    00001153 18 2C            [12] 3494 	jr	00231$
    00001155                       3495 00227$:
                                   3496 ;src/states/game.c:493: ix -= 8;
    00001155 F8 0D            [12] 3497 	ldhl	sp,	#13
    00001157 2A               [ 8] 3498 	ld	a, (hl+)
    00001158 5F               [ 4] 3499 	ld	e, a
    00001159 56               [ 8] 3500 	ld	d, (hl)
                                   3501 ;src/states/game.c:492: else if (player_dir == 2) // LEFT
    0000115A FAr08r00         [16] 3502 	ld	a, (#_player_dir)
    0000115D D6 02            [ 8] 3503 	sub	a, #0x02
    0000115F 20 0E            [12] 3504 	jr	NZ, 00224$
                                   3505 ;src/states/game.c:493: ix -= 8;
    00001161 7B               [ 4] 3506 	ld	a, e
    00001162 C6 F8            [ 8] 3507 	add	a, #0xf8
    00001164 5F               [ 4] 3508 	ld	e, a
    00001165 7A               [ 4] 3509 	ld	a, d
    00001166 CE FF            [ 8] 3510 	adc	a, #0xff
    00001168 F8 0D            [12] 3511 	ldhl	sp,	#13
    0000116A 73               [ 8] 3512 	ld	(hl), e
    0000116B 23               [ 8] 3513 	inc	hl
    0000116C 77               [ 8] 3514 	ld	(hl), a
    0000116D 18 12            [12] 3515 	jr	00231$
    0000116F                       3516 00224$:
                                   3517 ;src/states/game.c:494: else if (player_dir == 3) // RIGHT
    0000116F FAr08r00         [16] 3518 	ld	a, (#_player_dir)
    00001172 D6 03            [ 8] 3519 	sub	a, #0x03
    00001174 20 0B            [12] 3520 	jr	NZ, 00231$
                                   3521 ;src/states/game.c:495: ix += 8;
    00001176 21 08 00         [12] 3522 	ld	hl, #0x0008
    00001179 19               [ 8] 3523 	add	hl, de
    0000117A 5D               [ 4] 3524 	ld	e, l
    0000117B 7C               [ 4] 3525 	ld	a, h
    0000117C F8 0D            [12] 3526 	ldhl	sp,	#13
    0000117E 73               [ 8] 3527 	ld	(hl), e
    0000117F 23               [ 8] 3528 	inc	hl
    00001180 77               [ 8] 3529 	ld	(hl), a
    00001181                       3530 00231$:
                                   3531 ;src/states/game.c:497: uint8_t tid = get_tile_at(ix, iy);
    00001181 F8 0D            [12] 3532 	ldhl	sp,	#13
    00001183 2A               [ 8] 3533 	ld	a, (hl+)
    00001184 5F               [ 4] 3534 	ld	e, a
    00001185 56               [ 8] 3535 	ld	d, (hl)
    00001186 CDr00r00         [24] 3536 	call	_get_tile_at
    00001189 F8 09            [12] 3537 	ldhl	sp,	#9
    0000118B 77               [ 8] 3538 	ld	(hl), a
                                   3539 ;src/states/game.c:500: if (current_map == &maps[0]) { // WORLD_MAP
    0000118C 21r00r00         [12] 3540 	ld	hl, #_current_map
    0000118F 7E               [ 8] 3541 	ld	a, (hl)
    00001190 D6r00            [ 8] 3542 	sub	a, #<(_maps)
    00001192 20 4F            [12] 3543 	jr	NZ, 00243$
    00001194 23               [ 8] 3544 	inc	hl
    00001195 7E               [ 8] 3545 	ld	a, (hl)
    00001196 D6s00            [ 8] 3546 	sub	a, #>(_maps)
    00001198 20 49            [12] 3547 	jr	NZ, 00243$
                                   3548 ;src/states/game.c:501: if (tid >= 6 && tid <= 24) {
    0000119A F8 09            [12] 3549 	ldhl	sp,	#9
    0000119C 7E               [ 8] 3550 	ld	a, (hl)
    0000119D D6 06            [ 8] 3551 	sub	a, #0x06
    0000119F 38 42            [12] 3552 	jr	C, 00243$
    000011A1 3E 18            [ 8] 3553 	ld	a, #0x18
    000011A3 96               [ 8] 3554 	sub	a, (hl)
    000011A4 38 3D            [12] 3555 	jr	C, 00243$
                                   3556 ;src/states/game.c:503: if (!((tid == 21 || tid == 22) && player_x > 160 && player_y > 160)) {
    000011A6 7E               [ 8] 3557 	ld	a, (hl)
    000011A7 D6 15            [ 8] 3558 	sub	a, #0x15
    000011A9 28 07            [12] 3559 	jr	Z, 00237$
    000011AB F8 09            [12] 3560 	ldhl	sp,	#9
    000011AD 7E               [ 8] 3561 	ld	a, (hl)
    000011AE D6 16            [ 8] 3562 	sub	a, #0x16
    000011B0 20 20            [12] 3563 	jr	NZ, 00234$
    000011B2                       3564 00237$:
    000011B2 FAr00r00         [16] 3565 	ld	a, (_player_x)
    000011B5 4F               [ 4] 3566 	ld	c, a
    000011B6 21r01r00         [12] 3567 	ld	hl, #_player_x + 1
    000011B9 46               [ 8] 3568 	ld	b, (hl)
    000011BA 3E A0            [ 8] 3569 	ld	a, #0xa0
    000011BC B9               [ 4] 3570 	cp	a, c
    000011BD 3E 00            [ 8] 3571 	ld	a, #0x00
    000011BF 98               [ 4] 3572 	sbc	a, b
    000011C0 30 10            [12] 3573 	jr	NC, 00234$
    000011C2 FAr02r00         [16] 3574 	ld	a, (_player_y)
    000011C5 4F               [ 4] 3575 	ld	c, a
    000011C6 21r03r00         [12] 3576 	ld	hl, #_player_y + 1
    000011C9 46               [ 8] 3577 	ld	b, (hl)
    000011CA 3E A0            [ 8] 3578 	ld	a, #0xa0
    000011CC B9               [ 4] 3579 	cp	a, c
    000011CD 3E 00            [ 8] 3580 	ld	a, #0x00
    000011CF 98               [ 4] 3581 	sbc	a, b
    000011D0 38 11            [12] 3582 	jr	C, 00243$
    000011D2                       3583 00234$:
                                   3584 ;src/states/game.c:504: if (input_pressed(J_A)) {
    000011D2 3E 10            [ 8] 3585 	ld	a, #0x10
    000011D4 CDr00r00         [24] 3586 	call	_input_pressed
    000011D7 B7               [ 4] 3587 	or	a, a
    000011D8 28 09            [12] 3588 	jr	Z, 00243$
                                   3589 ;src/states/game.c:505: text_dialogue(DIALOGUE_HOUSE_CLOSED);
    000011DA 11r03r14         [12] 3590 	ld	de, #___str_6
    000011DD CDr00r00         [24] 3591 	call	_text_dialogue
                                   3592 ;src/states/game.c:506: return;
    000011E0 C3r21r13         [16] 3593 	jp	00283$
    000011E3                       3594 00243$:
                                   3595 ;src/states/game.c:512: if (current_map == &maps[1] && // HOUSE_MAP
                                   3596 ;src/states/game.c:513: (tid == 31 || tid == 32 || tid == 33 || tid == 34)) {
    000011E3 F8 09            [12] 3597 	ldhl	sp,	#9
    000011E5 7E               [ 8] 3598 	ld	a, (hl)
    000011E6 D6 1F            [ 8] 3599 	sub	a, #0x1f
    000011E8 3E 01            [ 8] 3600 	ld	a, #0x01
    000011EA 28 01            [12] 3601 	jr	Z, 01017$
    000011EC AF               [ 4] 3602 	xor	a, a
    000011ED                       3603 01017$:
    000011ED F8 0A            [12] 3604 	ldhl	sp,	#10
    000011EF 32               [ 8] 3605 	ld	(hl-), a
    000011F0 7E               [ 8] 3606 	ld	a, (hl)
    000011F1 D6 20            [ 8] 3607 	sub	a, #0x20
    000011F3 3E 01            [ 8] 3608 	ld	a, #0x01
    000011F5 28 01            [12] 3609 	jr	Z, 01019$
    000011F7 AF               [ 4] 3610 	xor	a, a
    000011F8                       3611 01019$:
    000011F8 F8 0B            [12] 3612 	ldhl	sp,	#11
    000011FA 32               [ 8] 3613 	ld	(hl-), a
    000011FB 2B               [ 8] 3614 	dec	hl
    000011FC 7E               [ 8] 3615 	ld	a, (hl)
    000011FD D6 21            [ 8] 3616 	sub	a, #0x21
    000011FF 3E 01            [ 8] 3617 	ld	a, #0x01
    00001201 28 01            [12] 3618 	jr	Z, 01021$
    00001203 AF               [ 4] 3619 	xor	a, a
    00001204                       3620 01021$:
    00001204 F8 0C            [12] 3621 	ldhl	sp,	#12
    00001206 77               [ 8] 3622 	ld	(hl), a
    00001207 F8 09            [12] 3623 	ldhl	sp,	#9
    00001209 7E               [ 8] 3624 	ld	a, (hl)
    0000120A D6 22            [ 8] 3625 	sub	a, #0x22
    0000120C 3E 01            [ 8] 3626 	ld	a, #0x01
    0000120E 28 01            [12] 3627 	jr	Z, 01023$
    00001210 AF               [ 4] 3628 	xor	a, a
    00001211                       3629 01023$:
    00001211 F8 0D            [12] 3630 	ldhl	sp,	#13
    00001213 77               [ 8] 3631 	ld	(hl), a
                                   3632 ;src/states/game.c:512: if (current_map == &maps[1] && // HOUSE_MAP
    00001214 21r00r00         [12] 3633 	ld	hl, #_current_map
    00001217 7E               [ 8] 3634 	ld	a, (hl)
    00001218 D6r1A            [ 8] 3635 	sub	a, #<((_maps + 26))
    0000121A 20 52            [12] 3636 	jr	NZ, 00250$
    0000121C 23               [ 8] 3637 	inc	hl
    0000121D 7E               [ 8] 3638 	ld	a, (hl)
    0000121E D6s00            [ 8] 3639 	sub	a, #>((_maps + 26))
    00001220 20 4C            [12] 3640 	jr	NZ, 00250$
                                   3641 ;src/states/game.c:513: (tid == 31 || tid == 32 || tid == 33 || tid == 34)) {
    00001222 F8 0A            [12] 3642 	ldhl	sp,	#10
    00001224 7E               [ 8] 3643 	ld	a, (hl)
    00001225 B7               [ 4] 3644 	or	a, a
    00001226 20 0F            [12] 3645 	jr	NZ, 00249$
    00001228 23               [ 8] 3646 	inc	hl
    00001229 7E               [ 8] 3647 	ld	a, (hl)
    0000122A B7               [ 4] 3648 	or	a, a
    0000122B 20 0A            [12] 3649 	jr	NZ, 00249$
    0000122D 23               [ 8] 3650 	inc	hl
    0000122E 7E               [ 8] 3651 	ld	a, (hl)
    0000122F B7               [ 4] 3652 	or	a, a
    00001230 20 05            [12] 3653 	jr	NZ, 00249$
    00001232 23               [ 8] 3654 	inc	hl
    00001233 7E               [ 8] 3655 	ld	a, (hl)
    00001234 B7               [ 4] 3656 	or	a, a
    00001235 28 37            [12] 3657 	jr	Z, 00250$
    00001237                       3658 00249$:
                                   3659 ;src/states/game.c:514: if (input_pressed(J_B)) {
    00001237 3E 20            [ 8] 3660 	ld	a, #0x20
    00001239 CDr00r00         [24] 3661 	call	_input_pressed
    0000123C F8 0E            [12] 3662 	ldhl	sp,#14
    0000123E 77               [ 8] 3663 	ld	(hl), a
    0000123F 7E               [ 8] 3664 	ld	a, (hl)
    00001240 B7               [ 4] 3665 	or	a, a
    00001241 28 2B            [12] 3666 	jr	Z, 00250$
                                   3667 ;src/states/game.c:515: if (!inventory_has_item("LLAVE")) {
    00001243 11r1Br14         [12] 3668 	ld	de, #___str_7
    00001246 CDr00r00         [24] 3669 	call	_inventory_has_item
    00001249 F8 0E            [12] 3670 	ldhl	sp,#14
    0000124B 77               [ 8] 3671 	ld	(hl), a
    0000124C 7E               [ 8] 3672 	ld	a, (hl)
    0000124D B7               [ 4] 3673 	or	a, a
    0000124E 20 18            [12] 3674 	jr	NZ, 00245$
                                   3675 ;src/states/game.c:516: text_dialogue(DIALOGUE_FOUND_KEY);
    00001250 11r21r14         [12] 3676 	ld	de, #___str_8
    00001253 CDr00r00         [24] 3677 	call	_text_dialogue
                                   3678 ;src/states/game.c:517: inventory_add_item("LLAVE", "Abre el porton norte", 41);
    00001256 3E 29            [ 8] 3679 	ld	a, #0x29
    00001258 F5               [16] 3680 	push	af
    00001259 33               [ 8] 3681 	inc	sp
    0000125A 01rA3r14         [12] 3682 	ld	bc, #___str_9
    0000125D 11r1Br14         [12] 3683 	ld	de, #___str_7
    00001260 CDr00r00         [24] 3684 	call	_inventory_add_item
                                   3685 ;src/states/game.c:518: sfx_pickup();
    00001263 CDr00r00         [24] 3686 	call	_sfx_pickup
    00001266 18 06            [12] 3687 	jr	00250$
    00001268                       3688 00245$:
                                   3689 ;src/states/game.c:520: text_dialogue(DIALOGUE_EMPTY_CHEST);
    00001268 11rB8r14         [12] 3690 	ld	de, #___str_10
    0000126B CDr00r00         [24] 3691 	call	_text_dialogue
    0000126E                       3692 00250$:
                                   3693 ;src/states/game.c:524: if (current_map == &maps[5] && // SANCTUARY_MAP
    0000126E 21r00r00         [12] 3694 	ld	hl, #_current_map
    00001271 7E               [ 8] 3695 	ld	a, (hl)
    00001272 D6r82            [ 8] 3696 	sub	a, #<((_maps + 130))
    00001274 20 34            [12] 3697 	jr	NZ, 00258$
    00001276 23               [ 8] 3698 	inc	hl
    00001277 7E               [ 8] 3699 	ld	a, (hl)
    00001278 D6s00            [ 8] 3700 	sub	a, #>((_maps + 130))
    0000127A 20 2E            [12] 3701 	jr	NZ, 00258$
                                   3702 ;src/states/game.c:525: (tid == 31 || tid == 32 || tid == 33 || tid == 34)) {
    0000127C F8 0A            [12] 3703 	ldhl	sp,	#10
    0000127E 7E               [ 8] 3704 	ld	a, (hl)
    0000127F B7               [ 4] 3705 	or	a, a
    00001280 20 0F            [12] 3706 	jr	NZ, 00257$
    00001282 23               [ 8] 3707 	inc	hl
    00001283 7E               [ 8] 3708 	ld	a, (hl)
    00001284 B7               [ 4] 3709 	or	a, a
    00001285 20 0A            [12] 3710 	jr	NZ, 00257$
    00001287 23               [ 8] 3711 	inc	hl
    00001288 7E               [ 8] 3712 	ld	a, (hl)
    00001289 B7               [ 4] 3713 	or	a, a
    0000128A 20 05            [12] 3714 	jr	NZ, 00257$
    0000128C 23               [ 8] 3715 	inc	hl
    0000128D 7E               [ 8] 3716 	ld	a, (hl)
    0000128E B7               [ 4] 3717 	or	a, a
    0000128F 28 19            [12] 3718 	jr	Z, 00258$
    00001291                       3719 00257$:
                                   3720 ;src/states/game.c:526: if (input_pressed(J_A)) {
    00001291 3E 10            [ 8] 3721 	ld	a, #0x10
    00001293 CDr00r00         [24] 3722 	call	_input_pressed
    00001296 B7               [ 4] 3723 	or	a, a
    00001297 28 11            [12] 3724 	jr	Z, 00258$
                                   3725 ;src/states/game.c:527: text_dialogue("HAS COMPLETADO\nTU MISION...");
    00001299 11r19r15         [12] 3726 	ld	de, #___str_11
    0000129C CDr00r00         [24] 3727 	call	_text_dialogue
                                   3728 ;src/states/game.c:528: text_dialogue("VOLVIENDO AL\n PRINCIPIO");
    0000129F 11r35r15         [12] 3729 	ld	de, #___str_12
    000012A2 CDr00r00         [24] 3730 	call	_text_dialogue
                                   3731 ;src/states/game.c:529: game_init(); // Reset to World Map
    000012A5 CDr16r06         [24] 3732 	call	_game_init
                                   3733 ;src/states/game.c:530: return;
    000012A8 18 77            [12] 3734 	jr	00283$
    000012AA                       3735 00258$:
                                   3736 ;src/states/game.c:534: if (current_map == &maps[0] && (tid >= 41 && tid <= 44)) { // WORLD_MAP
    000012AA 21r00r00         [12] 3737 	ld	hl, #_current_map
    000012AD 7E               [ 8] 3738 	ld	a, (hl)
    000012AE D6r00            [ 8] 3739 	sub	a, #<(_maps)
    000012B0 20 41            [12] 3740 	jr	NZ, 00269$
    000012B2 23               [ 8] 3741 	inc	hl
    000012B3 7E               [ 8] 3742 	ld	a, (hl)
    000012B4 D6s00            [ 8] 3743 	sub	a, #>(_maps)
    000012B6 20 3B            [12] 3744 	jr	NZ, 00269$
    000012B8 F8 09            [12] 3745 	ldhl	sp,	#9
    000012BA 7E               [ 8] 3746 	ld	a, (hl)
    000012BB D6 29            [ 8] 3747 	sub	a, #0x29
    000012BD 38 34            [12] 3748 	jr	C, 00269$
    000012BF 3E 2C            [ 8] 3749 	ld	a, #0x2c
    000012C1 96               [ 8] 3750 	sub	a, (hl)
    000012C2 38 2F            [12] 3751 	jr	C, 00269$
                                   3752 ;src/states/game.c:535: if (input_pressed(J_A)) { // Assuming interaction with gate is J_A
    000012C4 3E 10            [ 8] 3753 	ld	a, #0x10
    000012C6 CDr00r00         [24] 3754 	call	_input_pressed
    000012C9 B7               [ 4] 3755 	or	a, a
    000012CA 28 27            [12] 3756 	jr	Z, 00269$
                                   3757 ;src/states/game.c:536: if (inventory_has_item("LLAVE")) {
    000012CC 11r1Br14         [12] 3758 	ld	de, #___str_7
    000012CF CDr00r00         [24] 3759 	call	_inventory_has_item
    000012D2 B7               [ 4] 3760 	or	a, a
    000012D3 28 18            [12] 3761 	jr	Z, 00264$
                                   3762 ;src/states/game.c:537: text_dialogue(DIALOGUE_USE_KEY);
    000012D5 11r4Dr15         [12] 3763 	ld	de, #___str_13
    000012D8 CDr00r00         [24] 3764 	call	_text_dialogue
                                   3765 ;src/states/game.c:538: sfx_success();
    000012DB CDr00r00         [24] 3766 	call	_sfx_success
                                   3767 ;src/states/game.c:539: switch_map(&maps[2], 128, 224); // LEVEL2_MAP
    000012DE 11 E0 00         [12] 3768 	ld	de, #0x00e0
    000012E1 D5               [16] 3769 	push	de
    000012E2 01 80 00         [12] 3770 	ld	bc, #0x0080
    000012E5 11r34r00         [12] 3771 	ld	de, #(_maps + 52)
    000012E8 CDr00r04         [24] 3772 	call	_switch_map
                                   3773 ;src/states/game.c:540: return;
    000012EB 18 34            [12] 3774 	jr	00283$
    000012ED                       3775 00264$:
                                   3776 ;src/states/game.c:542: text_dialogue(DIALOGUE_LOCKED_GATE);
    000012ED 11rE4r15         [12] 3777 	ld	de, #___str_14
    000012F0 CDr00r00         [24] 3778 	call	_text_dialogue
    000012F3                       3779 00269$:
                                   3780 ;src/states/game.c:547: if ((env_anim_timer % 32) == 0) {
    000012F3 FAr13r00         [16] 3781 	ld	a, (_env_anim_timer)
    000012F6 E6 1F            [ 8] 3782 	and	a, #0x1f
    000012F8 20 20            [12] 3783 	jr	NZ, 00273$
                                   3784 ;src/states/game.c:548: env_anim_frame = !env_anim_frame;
    000012FA 21r14r00         [12] 3785 	ld	hl, #_env_anim_frame
    000012FD 7E               [ 8] 3786 	ld	a, (hl)
    000012FE D6 01            [ 8] 3787 	sub	a, #0x01
    00001300 3E 00            [ 8] 3788 	ld	a, #0x00
    00001302 17               [ 4] 3789 	rla
    00001303 77               [ 8] 3790 	ld	(hl), a
                                   3791 ;src/states/game.c:552: set_bkg_data(2, 1, env_anim_frame ? &tiles_anim_data[0] : &tiles_data[32]);
    00001304 7E               [ 8] 3792 	ld	a, (hl)
    00001305 B7               [ 4] 3793 	or	a, a
    00001306 28 05            [12] 3794 	jr	Z, 00289$
    00001308 01r00r00         [12] 3795 	ld	bc, #_tiles_anim_data+0
    0000130B 18 03            [12] 3796 	jr	00290$
    0000130D                       3797 00289$:
    0000130D 01r20r00         [12] 3798 	ld	bc, #_tiles_data+32
    00001310                       3799 00290$:
    00001310 C5               [16] 3800 	push	bc
    00001311 21 02 01         [12] 3801 	ld	hl, #0x102
    00001314 E5               [16] 3802 	push	hl
    00001315 CDr00r00         [24] 3803 	call	_set_bkg_data
    00001318 E8 04            [16] 3804 	add	sp, #4
    0000131A                       3805 00273$:
                                   3806 ;src/states/game.c:554: hud_update();
    0000131A CDr4Cr01         [24] 3807 	call	_hud_update
                                   3808 ;src/states/game.c:555: env_anim_timer++;
    0000131D 21r13r00         [12] 3809 	ld	hl, #_env_anim_timer
    00001320 34               [12] 3810 	inc	(hl)
    00001321                       3811 00283$:
                                   3812 ;src/states/game.c:556: }
    00001321 E8 0F            [16] 3813 	add	sp, #15
    00001323 C9               [16] 3814 	ret
    00001324                       3815 ___str_1:
    00001324 46 4C 4F 52           3816 	.ascii "FLOR"
    00001328 00                    3817 	.db 0x00
    00001329                       3818 ___str_2:
    00001329 47 72 61 63 69 61 73  3819 	.ascii "Gracias! Esta flor"
             21 20 45 73 74 61 20
             66 6C 6F 72
    0000133B 0A                    3820 	.db 0x0a
    0000133C 6D 65 20 72 65 63 75  3821 	.ascii "me recuerda a mi"
             65 72 64 61 20 61 20
             6D 69
    0000134C 0A                    3822 	.db 0x0a
    0000134D 68 6F 67 61 72 2E     3823 	.ascii "hogar."
    00001353 0A                    3824 	.db 0x0a
    00001354 54 65 20 64 69 72 65  3825 	.ascii "Te dire lo que se."
             20 6C 6F 20 71 75 65
             20 73 65 2E
    00001366 0A                    3826 	.db 0x0a
    00001367 42 75 73 63 61 20 6C  3827 	.ascii "Busca la cueva al"
             61 20 63 75 65 76 61
             20 61 6C
    00001378 0A                    3828 	.db 0x0a
    00001379 65 73 74 65 20 64 65  3829 	.ascii "este del rio."
             6C 20 72 69 6F 2E
    00001386 0A                    3830 	.db 0x0a
    00001387 41 6C 6C 69 20 65 6E  3831 	.ascii "Alli encontraras"
             63 6F 6E 74 72 61 72
             61 73
    00001397 0A                    3832 	.db 0x0a
    00001398 6C 6F 20 71 75 65 20  3833 	.ascii "lo que buscas."
             62 75 73 63 61 73 2E
    000013A6 0A                    3834 	.db 0x0a
    000013A7 53 69 67 75 65 20 65  3835 	.ascii "Sigue el camino"
             6C 20 63 61 6D 69 6E
             6F
    000013B6 0A                    3836 	.db 0x0a
    000013B7 64 65 20 70 69 65 64  3837 	.ascii "de piedras y no"
             72 61 73 20 79 20 6E
             6F
    000013C6 0A                    3838 	.db 0x0a
    000013C7 74 65 20 70 69 65 72  3839 	.ascii "te pierdas."
             64 61 73 2E
    000013D2 00                    3840 	.db 0x00
    000013D3                       3841 ___str_3:
    000013D3 41 52 4D 41           3842 	.ascii "ARMA"
    000013D7 00                    3843 	.db 0x00
    000013D8                       3844 ___str_4:
    000013D8 55 6E 20 61 72 6D 61  3845 	.ascii "Un arma cargada"
             20 63 61 72 67 61 64
             61
    000013E7 00                    3846 	.db 0x00
    000013E8                       3847 ___str_5:
    000013E8 55 6E 61 20 68 65 72  3848 	.ascii "Una hermosa"
             6D 6F 73 61
    000013F3 0A                    3849 	.db 0x0a
    000013F4 66 6C 6F 72 20 73 69  3850 	.ascii "flor silvestre"
             6C 76 65 73 74 72 65
    00001402 00                    3851 	.db 0x00
    00001403                       3852 ___str_6:
    00001403 45 73 74 61 20 63 61  3853 	.ascii "Esta casa esta"
             73 61 20 65 73 74 61
    00001411 0A                    3854 	.db 0x0a
    00001412 63 65 72 72 61 64 61  3855 	.ascii "cerrada."
             2E
    0000141A 00                    3856 	.db 0x00
    0000141B                       3857 ___str_7:
    0000141B 4C 4C 41 56 45        3858 	.ascii "LLAVE"
    00001420 00                    3859 	.db 0x00
    00001421                       3860 ___str_8:
    00001421 49 6E 63 72 65 69 62  3861 	.ascii "Increible!"
             6C 65 21
    0000142B 0A                    3862 	.db 0x0a
    0000142C 48 61 73 20 65 6E 63  3863 	.ascii "Has encontrado la"
             6F 6E 74 72 61 64 6F
             20 6C 61
    0000143D 0A                    3864 	.db 0x0a
    0000143E 6C 6C 61 76 65 20 64  3865 	.ascii "llave del porton!"
             65 6C 20 70 6F 72 74
             6F 6E 21
    0000144F 0A                    3866 	.db 0x0a
    00001450 45 73 74 61 20 6C 6C  3867 	.ascii "Esta llave abre"
             61 76 65 20 61 62 72
             65
    0000145F 0A                    3868 	.db 0x0a
    00001460 6C 61 20 70 75 65 72  3869 	.ascii "la puerta que"
             74 61 20 71 75 65
    0000146D 0A                    3870 	.db 0x0a
    0000146E 6C 6C 65 76 61 20 61  3871 	.ascii "lleva al bosque."
             6C 20 62 6F 73 71 75
             65 2E
    0000147E 0A                    3872 	.db 0x0a
    0000147F 41 68 6F 72 61 20 70  3873 	.ascii "Ahora podras"
             6F 64 72 61 73
    0000148B 0A                    3874 	.db 0x0a
    0000148C 63 6F 6E 74 69 6E 75  3875 	.ascii "continuar tu"
             61 72 20 74 75
    00001498 0A                    3876 	.db 0x0a
    00001499 61 76 65 6E 74 75 72  3877 	.ascii "aventura!"
             61 21
    000014A2 00                    3878 	.db 0x00
    000014A3                       3879 ___str_9:
    000014A3 41 62 72 65 20 65 6C  3880 	.ascii "Abre el porton norte"
             20 70 6F 72 74 6F 6E
             20 6E 6F 72 74 65
    000014B7 00                    3881 	.db 0x00
    000014B8                       3882 ___str_10:
    000014B8 41 62 72 65 73 20 65  3883 	.ascii "Abres el ropero"
             6C 20 72 6F 70 65 72
             6F
    000014C7 0A                    3884 	.db 0x0a
    000014C8 63 6F 6E 20 63 75 69  3885 	.ascii "con cuidado..."
             64 61 64 6F 2E 2E 2E
    000014D6 0A                    3886 	.db 0x0a
    000014D7 50 65 72 6F 20 65 73  3887 	.ascii "Pero esta"
             74 61
    000014E0 0A                    3888 	.db 0x0a
    000014E1 63 6F 6D 70 6C 65 74  3889 	.ascii "completamente"
             61 6D 65 6E 74 65
    000014EE 0A                    3890 	.db 0x0a
    000014EF 76 61 63 69 6F 2E     3891 	.ascii "vacio."
    000014F5 0A                    3892 	.db 0x0a
    000014F6 41 6C 67 75 69 65 6E  3893 	.ascii "Alguien ya tomo"
             20 79 61 20 74 6F 6D
             6F
    00001505 0A                    3894 	.db 0x0a
    00001506 6C 6F 20 71 75 65 20  3895 	.ascii "lo que habia"
             68 61 62 69 61
    00001512 0A                    3896 	.db 0x0a
    00001513 61 71 75 69 2E        3897 	.ascii "aqui."
    00001518 00                    3898 	.db 0x00
    00001519                       3899 ___str_11:
    00001519 48 41 53 20 43 4F 4D  3900 	.ascii "HAS COMPLETADO"
             50 4C 45 54 41 44 4F
    00001527 0A                    3901 	.db 0x0a
    00001528 54 55 20 4D 49 53 49  3902 	.ascii "TU MISION..."
             4F 4E 2E 2E 2E
    00001534 00                    3903 	.db 0x00
    00001535                       3904 ___str_12:
    00001535 56 4F 4C 56 49 45 4E  3905 	.ascii "VOLVIENDO AL"
             44 4F 20 41 4C
    00001541 0A                    3906 	.db 0x0a
    00001542 20 50 52 49 4E 43 49  3907 	.ascii " PRINCIPIO"
             50 49 4F
    0000154C 00                    3908 	.db 0x00
    0000154D                       3909 ___str_13:
    0000154D 49 6E 73 65 72 74 61  3910 	.ascii "Insertas la llave"
             73 20 6C 61 20 6C 6C
             61 76 65
    0000155E 0A                    3911 	.db 0x0a
    0000155F 65 6E 20 6C 61 20 63  3912 	.ascii "en la cerradura"
             65 72 72 61 64 75 72
             61
    0000156E 0A                    3913 	.db 0x0a
    0000156F 64 65 6C 20 70 6F 72  3914 	.ascii "del porton..."
             74 6F 6E 2E 2E 2E
    0000157C 0A                    3915 	.db 0x0a
    0000157D 47 69 72 61 73 20 6C  3916 	.ascii "Giras la llave"
             61 20 6C 6C 61 76 65
    0000158B 0A                    3917 	.db 0x0a
    0000158C 79 20 65 73 63 75 63  3918 	.ascii "y escuchas un"
             68 61 73 20 75 6E
    00001599 0A                    3919 	.db 0x0a
    0000159A 63 6C 69 63 21        3920 	.ascii "clic!"
    0000159F 0A                    3921 	.db 0x0a
    000015A0 45 6C 20 70 6F 72 74  3922 	.ascii "El porton se abre"
             6F 6E 20 73 65 20 61
             62 72 65
    000015B1 0A                    3923 	.db 0x0a
    000015B2 6C 65 6E 74 61 6D 65  3924 	.ascii "lentamente con un"
             6E 74 65 20 63 6F 6E
             20 75 6E
    000015C3 0A                    3925 	.db 0x0a
    000015C4 63 68 69 72 72 69 64  3926 	.ascii "chirrido."
             6F 2E
    000015CD 0A                    3927 	.db 0x0a
    000015CE 45 6C 20 63 61 6D 69  3928 	.ascii "El camino esta"
             6E 6F 20 65 73 74 61
    000015DC 0A                    3929 	.db 0x0a
    000015DD 6C 69 62 72 65 21     3930 	.ascii "libre!"
    000015E3 00                    3931 	.db 0x00
    000015E4                       3932 ___str_14:
    000015E4 45 6C 20 70 6F 72 74  3933 	.ascii "El porton esta"
             6F 6E 20 65 73 74 61
    000015F2 0A                    3934 	.db 0x0a
    000015F3 66 69 72 6D 65 6D 65  3935 	.ascii "firmemente"
             6E 74 65
    000015FD 0A                    3936 	.db 0x0a
    000015FE 63 65 72 72 61 64 6F  3937 	.ascii "cerrado."
             2E
    00001606 0A                    3938 	.db 0x0a
    00001607 4E 65 63 65 73 69 74  3939 	.ascii "Necesitas una"
             61 73 20 75 6E 61
    00001614 0A                    3940 	.db 0x0a
    00001615 6C 6C 61 76 65 20 70  3941 	.ascii "llave para poder"
             61 72 61 20 70 6F 64
             65 72
    00001625 0A                    3942 	.db 0x0a
    00001626 61 62 72 69 72 6C 6F  3943 	.ascii "abrirlo."
             2E
    0000162E 0A                    3944 	.db 0x0a
    0000162F 51 75 69 7A 61 73 20  3945 	.ascii "Quizas alguien"
             61 6C 67 75 69 65 6E
    0000163D 0A                    3946 	.db 0x0a
    0000163E 63 65 72 63 61 20 73  3947 	.ascii "cerca sepa donde"
             65 70 61 20 64 6F 6E
             64 65
    0000164E 0A                    3948 	.db 0x0a
    0000164F 65 6E 63 6F 6E 74 72  3949 	.ascii "encontrarla."
             61 72 6C 61 2E
    0000165B 00                    3950 	.db 0x00
                                   3951 ;src/states/game.c:558: void game_reset(void) {
                                   3952 ;	---------------------------------
                                   3953 ; Function game_reset
                                   3954 ; ---------------------------------
    0000165C                       3955 _game_reset::
                                   3956 ;src/states/game.c:559: player_x = 128;
    0000165C 21r00r00         [12] 3957 	ld	hl, #_player_x
    0000165F 3E 80            [ 8] 3958 	ld	a, #0x80
    00001661 22               [ 8] 3959 	ld	(hl+), a
    00001662 AF               [ 4] 3960 	xor	a, a
    00001663 77               [ 8] 3961 	ld	(hl), a
                                   3962 ;src/states/game.c:560: player_y = 128;
    00001664 21r02r00         [12] 3963 	ld	hl, #_player_y
    00001667 3E 80            [ 8] 3964 	ld	a, #0x80
    00001669 22               [ 8] 3965 	ld	(hl+), a
    0000166A AF               [ 4] 3966 	xor	a, a
    0000166B 77               [ 8] 3967 	ld	(hl), a
                                   3968 ;src/states/game.c:561: enter_x = 128;
    0000166C 21r04r00         [12] 3969 	ld	hl, #_enter_x
    0000166F 3E 80            [ 8] 3970 	ld	a, #0x80
    00001671 22               [ 8] 3971 	ld	(hl+), a
    00001672 AF               [ 4] 3972 	xor	a, a
    00001673 77               [ 8] 3973 	ld	(hl), a
                                   3974 ;src/states/game.c:562: enter_y = 128;
    00001674 21r06r00         [12] 3975 	ld	hl, #_enter_y
    00001677 3E 80            [ 8] 3976 	ld	a, #0x80
    00001679 22               [ 8] 3977 	ld	(hl+), a
    0000167A AF               [ 4] 3978 	xor	a, a
    0000167B 77               [ 8] 3979 	ld	(hl), a
                                   3980 ;src/states/game.c:563: player_lives = 3;
    0000167C 21r15r00         [12] 3981 	ld	hl, #_player_lives
    0000167F 36 03            [12] 3982 	ld	(hl), #0x03
                                   3983 ;src/states/game.c:564: inventory_init();
    00001681 CDr00r00         [24] 3984 	call	_inventory_init
                                   3985 ;src/states/game.c:565: projectile_init();
    00001684 CDr00r00         [24] 3986 	call	_projectile_init
                                   3987 ;src/states/game.c:566: game_ready = 0;
    00001687 AF               [ 4] 3988 	xor	a, a
    00001688 EAr17r00         [16] 3989 	ld	(#_game_ready),a
                                   3990 ;src/states/game.c:567: }
    0000168B C9               [16] 3991 	ret
                                   3992 	.area _CODE
                                   3993 	.area _INITIALIZER
    00000000                       3994 __xinit__player_x:
    00000000 80 00                 3995 	.dw #0x0080
    00000002                       3996 __xinit__player_y:
    00000002 80 00                 3997 	.dw #0x0080
    00000004                       3998 __xinit__enter_x:
    00000004 80 00                 3999 	.dw #0x0080
    00000006                       4000 __xinit__enter_y:
    00000006 80 00                 4001 	.dw #0x0080
    00000008                       4002 __xinit__player_dir:
    00000008 00                    4003 	.db #0x00	; 0
    00000009                       4004 __xinit__anim_frame:
    00000009 00                    4005 	.db #0x00	; 0
    0000000A                       4006 __xinit__anim_timer:
    0000000A 00                    4007 	.db #0x00	; 0
    0000000B                       4008 __xinit__camera_x:
    0000000B 00 00                 4009 	.dw #0x0000
    0000000D                       4010 __xinit__camera_y:
    0000000D 00 00                 4011 	.dw #0x0000
    0000000F                       4012 __xinit__level2_door_x:
    0000000F 00 00                 4013 	.dw #0x0000
    00000011                       4014 __xinit__level2_door_y:
    00000011 00 00                 4015 	.dw #0x0000
    00000013                       4016 __xinit__env_anim_timer:
    00000013 00                    4017 	.db #0x00	; 0
    00000014                       4018 __xinit__env_anim_frame:
    00000014 00                    4019 	.db #0x00	; 0
    00000015                       4020 __xinit__player_lives:
    00000015 03                    4021 	.db #0x03	; 3
    00000016                       4022 __xinit__player_ammo:
    00000016 00                    4023 	.db #0x00	; 0
    00000017                       4024 __xinit__game_ready:
    00000017 00                    4025 	.db #0x00	; 0
                                   4026 	.area _CABS (ABS)
