                                      1 ;--------------------------------------------------------
                                      2 ; File Created by SDCC : free open source ISO C Compiler
                                      3 ; Version 4.5.1 #15267 (Mac OS X ppc)
                                      4 ;--------------------------------------------------------
                                      5 	.module assets
                                      6 	
                                      7 ;--------------------------------------------------------
                                      8 ; Public variables in this module
                                      9 ;--------------------------------------------------------
                                     10 	.globl _level3_map
                                     11 	.globl _projectile_sprite
                                     12 	.globl _npc_woman_sprite
                                     13 	.globl _font_data
                                     14 	.globl _guard_sprite_data
                                     15 	.globl _npc_child_sprite
                                     16 	.globl _player_sprites
                                     17 	.globl _level2_map
                                     18 	.globl _house_map
                                     19 	.globl _map_data
                                     20 	.globl _tiles_anim_data
                                     21 	.globl _tiles_data
                                     22 	.globl _flower_sprite
                                     23 ;--------------------------------------------------------
                                     24 ; special function registers
                                     25 ;--------------------------------------------------------
                                     26 	.area _HRAM
                                     27 ;--------------------------------------------------------
                                     28 ; ram data
                                     29 ;--------------------------------------------------------
                                     30 	.area _DATA
                                     31 ;--------------------------------------------------------
                                     32 ; ram data
                                     33 ;--------------------------------------------------------
                                     34 	.area _INITIALIZED
                                     35 ;--------------------------------------------------------
                                     36 ; absolute external ram data
                                     37 ;--------------------------------------------------------
                                     38 	.area _DABS (ABS)
                                     39 ;--------------------------------------------------------
                                     40 ; global & static initialisations
                                     41 ;--------------------------------------------------------
                                     42 	.area _HOME
                                     43 	.area _GSINIT
                                     44 	.area _GSFINAL
                                     45 	.area _GSINIT
                                     46 ;--------------------------------------------------------
                                     47 ; Home
                                     48 ;--------------------------------------------------------
                                     49 	.area _HOME
                                     50 	.area _HOME
                                     51 ;--------------------------------------------------------
                                     52 ; code
                                     53 ;--------------------------------------------------------
                                     54 	.area _CODE
                                     55 	.area _CODE
    00000000                         56 _flower_sprite:
    00000000 3C                      57 	.db #0x3c	; 60
    00000001 3C                      58 	.db #0x3c	; 60
    00000002 7E                      59 	.db #0x7e	; 126
    00000003 42                      60 	.db #0x42	; 66	'B'
    00000004 DB                      61 	.db #0xdb	; 219
    00000005 DB                      62 	.db #0xdb	; 219
    00000006 FF                      63 	.db #0xff	; 255
    00000007 BD                      64 	.db #0xbd	; 189
    00000008 FF                      65 	.db #0xff	; 255
    00000009 BD                      66 	.db #0xbd	; 189
    0000000A DB                      67 	.db #0xdb	; 219
    0000000B DB                      68 	.db #0xdb	; 219
    0000000C 7E                      69 	.db #0x7e	; 126
    0000000D 42                      70 	.db #0x42	; 66	'B'
    0000000E 3C                      71 	.db #0x3c	; 60
    0000000F 3C                      72 	.db #0x3c	; 60
    00000010                         73 _tiles_data:
    00000010 F3                      74 	.db #0xf3	; 243
    00000011 0C                      75 	.db #0x0c	; 12
    00000012 E3                      76 	.db #0xe3	; 227
    00000013 7E                      77 	.db #0x7e	; 126
    00000014 5B                      78 	.db #0x5b	; 91
    00000015 E6                      79 	.db #0xe6	; 230
    00000016 33                      80 	.db #0x33	; 51	'3'
    00000017 CC                      81 	.db #0xcc	; 204
    00000018 CF                      82 	.db #0xcf	; 207
    00000019 76                      83 	.db #0x76	; 118	'v'
    0000001A FC                      84 	.db #0xfc	; 252
    0000001B 67                      85 	.db #0x67	; 103	'g'
    0000001C C3                      86 	.db #0xc3	; 195
    0000001D 3C                      87 	.db #0x3c	; 60
    0000001E FF                      88 	.db #0xff	; 255
    0000001F 00                      89 	.db #0x00	; 0
    00000020 FF                      90 	.db #0xff	; 255
    00000021 FF                      91 	.db #0xff	; 255
    00000022 FF                      92 	.db #0xff	; 255
    00000023 00                      93 	.db #0x00	; 0
    00000024 FF                      94 	.db #0xff	; 255
    00000025 BB                      95 	.db #0xbb	; 187
    00000026 FF                      96 	.db #0xff	; 255
    00000027 BB                      97 	.db #0xbb	; 187
    00000028 FF                      98 	.db #0xff	; 255
    00000029 FF                      99 	.db #0xff	; 255
    0000002A FF                     100 	.db #0xff	; 255
    0000002B 00                     101 	.db #0x00	; 0
    0000002C FF                     102 	.db #0xff	; 255
    0000002D BB                     103 	.db #0xbb	; 187
    0000002E 00                     104 	.db #0x00	; 0
    0000002F FF                     105 	.db #0xff	; 255
    00000030 FF                     106 	.db #0xff	; 255
    00000031 00                     107 	.db #0x00	; 0
    00000032 BF                     108 	.db #0xbf	; 191
    00000033 40                     109 	.db #0x40	; 64
    00000034 FB                     110 	.db #0xfb	; 251
    00000035 04                     111 	.db #0x04	; 4
    00000036 DF                     112 	.db #0xdf	; 223
    00000037 20                     113 	.db #0x20	; 32
    00000038 FF                     114 	.db #0xff	; 255
    00000039 00                     115 	.db #0x00	; 0
    0000003A AF                     116 	.db #0xaf	; 175
    0000003B 50                     117 	.db #0x50	; 80	'P'
    0000003C FF                     118 	.db #0xff	; 255
    0000003D 00                     119 	.db #0x00	; 0
    0000003E F3                     120 	.db #0xf3	; 243
    0000003F 0C                     121 	.db #0x0c	; 12
    00000040 FF                     122 	.db #0xff	; 255
    00000041 00                     123 	.db #0x00	; 0
    00000042 E7                     124 	.db #0xe7	; 231
    00000043 00                     125 	.db #0x00	; 0
    00000044 DB                     126 	.db #0xdb	; 219
    00000045 18                     127 	.db #0x18	; 24
    00000046 DB                     128 	.db #0xdb	; 219
    00000047 10                     129 	.db #0x10	; 16
    00000048 E7                     130 	.db #0xe7	; 231
    00000049 00                     131 	.db #0x00	; 0
    0000004A FF                     132 	.db #0xff	; 255
    0000004B 00                     133 	.db #0x00	; 0
    0000004C FF                     134 	.db #0xff	; 255
    0000004D 00                     135 	.db #0x00	; 0
    0000004E FF                     136 	.db #0xff	; 255
    0000004F 00                     137 	.db #0x00	; 0
    00000050 F3                     138 	.db #0xf3	; 243
    00000051 0F                     139 	.db #0x0f	; 15
    00000052 CF                     140 	.db #0xcf	; 207
    00000053 3F                     141 	.db #0x3f	; 63
    00000054 9B                     142 	.db #0x9b	; 155
    00000055 7D                     143 	.db #0x7d	; 125
    00000056 B5                     144 	.db #0xb5	; 181
    00000057 7B                     145 	.db #0x7b	; 123
    00000058 69                     146 	.db #0x69	; 105	'i'
    00000059 F7                     147 	.db #0xf7	; 247
    0000005A 63                     148 	.db #0x63	; 99	'c'
    0000005B FF                     149 	.db #0xff	; 255
    0000005C 7F                     150 	.db #0x7f	; 127
    0000005D FF                     151 	.db #0xff	; 255
    0000005E 7F                     152 	.db #0x7f	; 127
    0000005F FF                     153 	.db #0xff	; 255
    00000060 CF                     154 	.db #0xcf	; 207
    00000061 F0                     155 	.db #0xf0	; 240
    00000062 F3                     156 	.db #0xf3	; 243
    00000063 FC                     157 	.db #0xfc	; 252
    00000064 D9                     158 	.db #0xd9	; 217
    00000065 BE                     159 	.db #0xbe	; 190
    00000066 AD                     160 	.db #0xad	; 173
    00000067 DE                     161 	.db #0xde	; 222
    00000068 96                     162 	.db #0x96	; 150
    00000069 EF                     163 	.db #0xef	; 239
    0000006A C6                     164 	.db #0xc6	; 198
    0000006B FF                     165 	.db #0xff	; 255
    0000006C FE                     166 	.db #0xfe	; 254
    0000006D FF                     167 	.db #0xff	; 255
    0000006E FE                     168 	.db #0xfe	; 254
    0000006F FF                     169 	.db #0xff	; 255
    00000070 7F                     170 	.db #0x7f	; 127
    00000071 FF                     171 	.db #0xff	; 255
    00000072 3F                     172 	.db #0x3f	; 63
    00000073 FF                     173 	.db #0xff	; 255
    00000074 9E                     174 	.db #0x9e	; 158
    00000075 7F                     175 	.db #0x7f	; 127
    00000076 EE                     176 	.db #0xee	; 238
    00000077 13                     177 	.db #0x13	; 19
    00000078 FE                     178 	.db #0xfe	; 254
    00000079 0F                     179 	.db #0x0f	; 15
    0000007A F8                     180 	.db #0xf8	; 248
    0000007B 0F                     181 	.db #0x0f	; 15
    0000007C FF                     182 	.db #0xff	; 255
    0000007D 0F                     183 	.db #0x0f	; 15
    0000007E FF                     184 	.db #0xff	; 255
    0000007F 00                     185 	.db #0x00	; 0
    00000080 FF                     186 	.db #0xff	; 255
    00000081 00                     187 	.db #0x00	; 0
    00000082 FF                     188 	.db #0xff	; 255
    00000083 00                     189 	.db #0x00	; 0
    00000084 FF                     190 	.db #0xff	; 255
    00000085 00                     191 	.db #0x00	; 0
    00000086 FF                     192 	.db #0xff	; 255
    00000087 00                     193 	.db #0x00	; 0
    00000088 FF                     194 	.db #0xff	; 255
    00000089 07                     195 	.db #0x07	; 7
    0000008A F8                     196 	.db #0xf8	; 248
    0000008B 0F                     197 	.db #0x0f	; 15
    0000008C F0                     198 	.db #0xf0	; 240
    0000008D 1F                     199 	.db #0x1f	; 31
    0000008E E0                     200 	.db #0xe0	; 224
    0000008F 3F                     201 	.db #0x3f	; 63
    00000090 FF                     202 	.db #0xff	; 255
    00000091 00                     203 	.db #0x00	; 0
    00000092 FF                     204 	.db #0xff	; 255
    00000093 00                     205 	.db #0x00	; 0
    00000094 FF                     206 	.db #0xff	; 255
    00000095 00                     207 	.db #0x00	; 0
    00000096 FF                     208 	.db #0xff	; 255
    00000097 00                     209 	.db #0x00	; 0
    00000098 FF                     210 	.db #0xff	; 255
    00000099 E0                     211 	.db #0xe0	; 224
    0000009A 1F                     212 	.db #0x1f	; 31
    0000009B F0                     213 	.db #0xf0	; 240
    0000009C 0F                     214 	.db #0x0f	; 15
    0000009D F8                     215 	.db #0xf8	; 248
    0000009E 07                     216 	.db #0x07	; 7
    0000009F FC                     217 	.db #0xfc	; 252
    000000A0 FF                     218 	.db #0xff	; 255
    000000A1 00                     219 	.db #0x00	; 0
    000000A2 FF                     220 	.db #0xff	; 255
    000000A3 00                     221 	.db #0x00	; 0
    000000A4 FF                     222 	.db #0xff	; 255
    000000A5 00                     223 	.db #0x00	; 0
    000000A6 FF                     224 	.db #0xff	; 255
    000000A7 00                     225 	.db #0x00	; 0
    000000A8 FF                     226 	.db #0xff	; 255
    000000A9 00                     227 	.db #0x00	; 0
    000000AA FF                     228 	.db #0xff	; 255
    000000AB 00                     229 	.db #0x00	; 0
    000000AC FF                     230 	.db #0xff	; 255
    000000AD 00                     231 	.db #0x00	; 0
    000000AE FF                     232 	.db #0xff	; 255
    000000AF 00                     233 	.db #0x00	; 0
    000000B0 FF                     234 	.db #0xff	; 255
    000000B1 00                     235 	.db #0x00	; 0
    000000B2 FF                     236 	.db #0xff	; 255
    000000B3 00                     237 	.db #0x00	; 0
    000000B4 FF                     238 	.db #0xff	; 255
    000000B5 00                     239 	.db #0x00	; 0
    000000B6 FF                     240 	.db #0xff	; 255
    000000B7 00                     241 	.db #0x00	; 0
    000000B8 FF                     242 	.db #0xff	; 255
    000000B9 00                     243 	.db #0x00	; 0
    000000BA FF                     244 	.db #0xff	; 255
    000000BB 00                     245 	.db #0x00	; 0
    000000BC FF                     246 	.db #0xff	; 255
    000000BD 00                     247 	.db #0x00	; 0
    000000BE FF                     248 	.db #0xff	; 255
    000000BF 00                     249 	.db #0x00	; 0
    000000C0 80                     250 	.db #0x80	; 128
    000000C1 FF                     251 	.db #0xff	; 255
    000000C2 00                     252 	.db #0x00	; 0
    000000C3 FF                     253 	.db #0xff	; 255
    000000C4 00                     254 	.db #0x00	; 0
    000000C5 FF                     255 	.db #0xff	; 255
    000000C6 00                     256 	.db #0x00	; 0
    000000C7 FF                     257 	.db #0xff	; 255
    000000C8 00                     258 	.db #0x00	; 0
    000000C9 FF                     259 	.db #0xff	; 255
    000000CA 00                     260 	.db #0x00	; 0
    000000CB FF                     261 	.db #0xff	; 255
    000000CC 00                     262 	.db #0x00	; 0
    000000CD FF                     263 	.db #0xff	; 255
    000000CE FF                     264 	.db #0xff	; 255
    000000CF FF                     265 	.db #0xff	; 255
    000000D0 FE                     266 	.db #0xfe	; 254
    000000D1 FF                     267 	.db #0xff	; 255
    000000D2 FC                     268 	.db #0xfc	; 252
    000000D3 FF                     269 	.db #0xff	; 255
    000000D4 79                     270 	.db #0x79	; 121	'y'
    000000D5 FE                     271 	.db #0xfe	; 254
    000000D6 77                     272 	.db #0x77	; 119	'w'
    000000D7 C8                     273 	.db #0xc8	; 200
    000000D8 7F                     274 	.db #0x7f	; 127
    000000D9 F0                     275 	.db #0xf0	; 240
    000000DA 1F                     276 	.db #0x1f	; 31
    000000DB F0                     277 	.db #0xf0	; 240
    000000DC FF                     278 	.db #0xff	; 255
    000000DD F0                     279 	.db #0xf0	; 240
    000000DE FF                     280 	.db #0xff	; 255
    000000DF 00                     281 	.db #0x00	; 0
    000000E0 03                     282 	.db #0x03	; 3
    000000E1 FE                     283 	.db #0xfe	; 254
    000000E2 01                     284 	.db #0x01	; 1
    000000E3 FF                     285 	.db #0xff	; 255
    000000E4 00                     286 	.db #0x00	; 0
    000000E5 FF                     287 	.db #0xff	; 255
    000000E6 00                     288 	.db #0x00	; 0
    000000E7 FF                     289 	.db #0xff	; 255
    000000E8 00                     290 	.db #0x00	; 0
    000000E9 FF                     291 	.db #0xff	; 255
    000000EA 00                     292 	.db #0x00	; 0
    000000EB FF                     293 	.db #0xff	; 255
    000000EC 00                     294 	.db #0x00	; 0
    000000ED FF                     295 	.db #0xff	; 255
    000000EE FF                     296 	.db #0xff	; 255
    000000EF FF                     297 	.db #0xff	; 255
    000000F0 00                     298 	.db #0x00	; 0
    000000F1 FF                     299 	.db #0xff	; 255
    000000F2 00                     300 	.db #0x00	; 0
    000000F3 FF                     301 	.db #0xff	; 255
    000000F4 00                     302 	.db #0x00	; 0
    000000F5 FF                     303 	.db #0xff	; 255
    000000F6 FF                     304 	.db #0xff	; 255
    000000F7 FF                     305 	.db #0xff	; 255
    000000F8 00                     306 	.db #0x00	; 0
    000000F9 FF                     307 	.db #0xff	; 255
    000000FA 00                     308 	.db #0x00	; 0
    000000FB FF                     309 	.db #0xff	; 255
    000000FC 00                     310 	.db #0x00	; 0
    000000FD FF                     311 	.db #0xff	; 255
    000000FE FF                     312 	.db #0xff	; 255
    000000FF FF                     313 	.db #0xff	; 255
    00000100 00                     314 	.db #0x00	; 0
    00000101 FF                     315 	.db #0xff	; 255
    00000102 00                     316 	.db #0x00	; 0
    00000103 FF                     317 	.db #0xff	; 255
    00000104 00                     318 	.db #0x00	; 0
    00000105 FF                     319 	.db #0xff	; 255
    00000106 FF                     320 	.db #0xff	; 255
    00000107 FF                     321 	.db #0xff	; 255
    00000108 00                     322 	.db #0x00	; 0
    00000109 FF                     323 	.db #0xff	; 255
    0000010A 00                     324 	.db #0x00	; 0
    0000010B FF                     325 	.db #0xff	; 255
    0000010C 00                     326 	.db #0x00	; 0
    0000010D FF                     327 	.db #0xff	; 255
    0000010E FF                     328 	.db #0xff	; 255
    0000010F FF                     329 	.db #0xff	; 255
    00000110 FF                     330 	.db #0xff	; 255
    00000111 FF                     331 	.db #0xff	; 255
    00000112 80                     332 	.db #0x80	; 128
    00000113 80                     333 	.db #0x80	; 128
    00000114 80                     334 	.db #0x80	; 128
    00000115 BF                     335 	.db #0xbf	; 191
    00000116 80                     336 	.db #0x80	; 128
    00000117 A1                     337 	.db #0xa1	; 161
    00000118 80                     338 	.db #0x80	; 128
    00000119 AD                     339 	.db #0xad	; 173
    0000011A 80                     340 	.db #0x80	; 128
    0000011B A1                     341 	.db #0xa1	; 161
    0000011C 80                     342 	.db #0x80	; 128
    0000011D BF                     343 	.db #0xbf	; 191
    0000011E FF                     344 	.db #0xff	; 255
    0000011F FF                     345 	.db #0xff	; 255
    00000120 FF                     346 	.db #0xff	; 255
    00000121 FF                     347 	.db #0xff	; 255
    00000122 00                     348 	.db #0x00	; 0
    00000123 00                     349 	.db #0x00	; 0
    00000124 DB                     350 	.db #0xdb	; 219
    00000125 DB                     351 	.db #0xdb	; 219
    00000126 00                     352 	.db #0x00	; 0
    00000127 00                     353 	.db #0x00	; 0
    00000128 DB                     354 	.db #0xdb	; 219
    00000129 DB                     355 	.db #0xdb	; 219
    0000012A 00                     356 	.db #0x00	; 0
    0000012B 00                     357 	.db #0x00	; 0
    0000012C DB                     358 	.db #0xdb	; 219
    0000012D DB                     359 	.db #0xdb	; 219
    0000012E FF                     360 	.db #0xff	; 255
    0000012F FF                     361 	.db #0xff	; 255
    00000130 FF                     362 	.db #0xff	; 255
    00000131 FF                     363 	.db #0xff	; 255
    00000132 01                     364 	.db #0x01	; 1
    00000133 01                     365 	.db #0x01	; 1
    00000134 01                     366 	.db #0x01	; 1
    00000135 FD                     367 	.db #0xfd	; 253
    00000136 01                     368 	.db #0x01	; 1
    00000137 85                     369 	.db #0x85	; 133
    00000138 01                     370 	.db #0x01	; 1
    00000139 B5                     371 	.db #0xb5	; 181
    0000013A 01                     372 	.db #0x01	; 1
    0000013B 85                     373 	.db #0x85	; 133
    0000013C 01                     374 	.db #0x01	; 1
    0000013D FD                     375 	.db #0xfd	; 253
    0000013E FF                     376 	.db #0xff	; 255
    0000013F FF                     377 	.db #0xff	; 255
    00000140 FF                     378 	.db #0xff	; 255
    00000141 FF                     379 	.db #0xff	; 255
    00000142 00                     380 	.db #0x00	; 0
    00000143 00                     381 	.db #0x00	; 0
    00000144 FF                     382 	.db #0xff	; 255
    00000145 FF                     383 	.db #0xff	; 255
    00000146 00                     384 	.db #0x00	; 0
    00000147 00                     385 	.db #0x00	; 0
    00000148 FF                     386 	.db #0xff	; 255
    00000149 FF                     387 	.db #0xff	; 255
    0000014A 00                     388 	.db #0x00	; 0
    0000014B 00                     389 	.db #0x00	; 0
    0000014C FF                     390 	.db #0xff	; 255
    0000014D FF                     391 	.db #0xff	; 255
    0000014E FF                     392 	.db #0xff	; 255
    0000014F FF                     393 	.db #0xff	; 255
    00000150 FF                     394 	.db #0xff	; 255
    00000151 FF                     395 	.db #0xff	; 255
    00000152 80                     396 	.db #0x80	; 128
    00000153 80                     397 	.db #0x80	; 128
    00000154 80                     398 	.db #0x80	; 128
    00000155 80                     399 	.db #0x80	; 128
    00000156 80                     400 	.db #0x80	; 128
    00000157 80                     401 	.db #0x80	; 128
    00000158 80                     402 	.db #0x80	; 128
    00000159 80                     403 	.db #0x80	; 128
    0000015A 80                     404 	.db #0x80	; 128
    0000015B 80                     405 	.db #0x80	; 128
    0000015C FF                     406 	.db #0xff	; 255
    0000015D FF                     407 	.db #0xff	; 255
    0000015E FF                     408 	.db #0xff	; 255
    0000015F 00                     409 	.db #0x00	; 0
    00000160 FF                     410 	.db #0xff	; 255
    00000161 FF                     411 	.db #0xff	; 255
    00000162 3F                     412 	.db #0x3f	; 63
    00000163 00                     413 	.db #0x00	; 0
    00000164 20                     414 	.db #0x20	; 32
    00000165 00                     415 	.db #0x00	; 0
    00000166 2F                     416 	.db #0x2f	; 47
    00000167 0F                     417 	.db #0x0f	; 15
    00000168 29                     418 	.db #0x29	; 41
    00000169 00                     419 	.db #0x00	; 0
    0000016A 2F                     420 	.db #0x2f	; 47
    0000016B 0F                     421 	.db #0x0f	; 15
    0000016C 29                     422 	.db #0x29	; 41
    0000016D 00                     423 	.db #0x00	; 0
    0000016E FF                     424 	.db #0xff	; 255
    0000016F FF                     425 	.db #0xff	; 255
    00000170 FF                     426 	.db #0xff	; 255
    00000171 FF                     427 	.db #0xff	; 255
    00000172 FC                     428 	.db #0xfc	; 252
    00000173 00                     429 	.db #0x00	; 0
    00000174 04                     430 	.db #0x04	; 4
    00000175 00                     431 	.db #0x00	; 0
    00000176 F4                     432 	.db #0xf4	; 244
    00000177 F0                     433 	.db #0xf0	; 240
    00000178 94                     434 	.db #0x94	; 148
    00000179 00                     435 	.db #0x00	; 0
    0000017A F4                     436 	.db #0xf4	; 244
    0000017B F0                     437 	.db #0xf0	; 240
    0000017C 94                     438 	.db #0x94	; 148
    0000017D 00                     439 	.db #0x00	; 0
    0000017E FF                     440 	.db #0xff	; 255
    0000017F FF                     441 	.db #0xff	; 255
    00000180 E3                     442 	.db #0xe3	; 227
    00000181 1C                     443 	.db #0x1c	; 28
    00000182 99                     444 	.db #0x99	; 153
    00000183 7E                     445 	.db #0x7e	; 126
    00000184 3C                     446 	.db #0x3c	; 60
    00000185 FF                     447 	.db #0xff	; 255
    00000186 7E                     448 	.db #0x7e	; 126
    00000187 FF                     449 	.db #0xff	; 255
    00000188 7E                     450 	.db #0x7e	; 126
    00000189 F7                     451 	.db #0xf7	; 247
    0000018A 28                     452 	.db #0x28	; 40
    0000018B F7                     453 	.db #0xf7	; 247
    0000018C C3                     454 	.db #0xc3	; 195
    0000018D 3C                     455 	.db #0x3c	; 60
    0000018E FF                     456 	.db #0xff	; 255
    0000018F 00                     457 	.db #0x00	; 0
    00000190 FF                     458 	.db #0xff	; 255
    00000191 FF                     459 	.db #0xff	; 255
    00000192 01                     460 	.db #0x01	; 1
    00000193 01                     461 	.db #0x01	; 1
    00000194 01                     462 	.db #0x01	; 1
    00000195 01                     463 	.db #0x01	; 1
    00000196 01                     464 	.db #0x01	; 1
    00000197 01                     465 	.db #0x01	; 1
    00000198 01                     466 	.db #0x01	; 1
    00000199 01                     467 	.db #0x01	; 1
    0000019A 01                     468 	.db #0x01	; 1
    0000019B 01                     469 	.db #0x01	; 1
    0000019C FF                     470 	.db #0xff	; 255
    0000019D FF                     471 	.db #0xff	; 255
    0000019E FF                     472 	.db #0xff	; 255
    0000019F 00                     473 	.db #0x00	; 0
    000001A0 FF                     474 	.db #0xff	; 255
    000001A1 00                     475 	.db #0x00	; 0
    000001A2 FF                     476 	.db #0xff	; 255
    000001A3 00                     477 	.db #0x00	; 0
    000001A4 FF                     478 	.db #0xff	; 255
    000001A5 FF                     479 	.db #0xff	; 255
    000001A6 FF                     480 	.db #0xff	; 255
    000001A7 00                     481 	.db #0x00	; 0
    000001A8 FF                     482 	.db #0xff	; 255
    000001A9 00                     483 	.db #0x00	; 0
    000001AA FF                     484 	.db #0xff	; 255
    000001AB FF                     485 	.db #0xff	; 255
    000001AC FF                     486 	.db #0xff	; 255
    000001AD 00                     487 	.db #0x00	; 0
    000001AE FF                     488 	.db #0xff	; 255
    000001AF 00                     489 	.db #0x00	; 0
    000001B0 FF                     490 	.db #0xff	; 255
    000001B1 FF                     491 	.db #0xff	; 255
    000001B2 93                     492 	.db #0x93	; 147
    000001B3 FF                     493 	.db #0xff	; 255
    000001B4 93                     494 	.db #0x93	; 147
    000001B5 FF                     495 	.db #0xff	; 255
    000001B6 FF                     496 	.db #0xff	; 255
    000001B7 FF                     497 	.db #0xff	; 255
    000001B8 49                     498 	.db #0x49	; 73	'I'
    000001B9 FF                     499 	.db #0xff	; 255
    000001BA 49                     500 	.db #0x49	; 73	'I'
    000001BB FF                     501 	.db #0xff	; 255
    000001BC FF                     502 	.db #0xff	; 255
    000001BD FF                     503 	.db #0xff	; 255
    000001BE 00                     504 	.db #0x00	; 0
    000001BF FF                     505 	.db #0xff	; 255
    000001C0 FF                     506 	.db #0xff	; 255
    000001C1 00                     507 	.db #0x00	; 0
    000001C2 FF                     508 	.db #0xff	; 255
    000001C3 FF                     509 	.db #0xff	; 255
    000001C4 81                     510 	.db #0x81	; 129
    000001C5 81                     511 	.db #0x81	; 129
    000001C6 81                     512 	.db #0x81	; 129
    000001C7 81                     513 	.db #0x81	; 129
    000001C8 81                     514 	.db #0x81	; 129
    000001C9 81                     515 	.db #0x81	; 129
    000001CA FF                     516 	.db #0xff	; 255
    000001CB FF                     517 	.db #0xff	; 255
    000001CC FF                     518 	.db #0xff	; 255
    000001CD 80                     519 	.db #0x80	; 128
    000001CE FF                     520 	.db #0xff	; 255
    000001CF 80                     521 	.db #0x80	; 128
    000001D0 FF                     522 	.db #0xff	; 255
    000001D1 00                     523 	.db #0x00	; 0
    000001D2 FF                     524 	.db #0xff	; 255
    000001D3 FF                     525 	.db #0xff	; 255
    000001D4 FF                     526 	.db #0xff	; 255
    000001D5 81                     527 	.db #0x81	; 129
    000001D6 FF                     528 	.db #0xff	; 255
    000001D7 81                     529 	.db #0x81	; 129
    000001D8 FF                     530 	.db #0xff	; 255
    000001D9 81                     531 	.db #0x81	; 129
    000001DA FF                     532 	.db #0xff	; 255
    000001DB FF                     533 	.db #0xff	; 255
    000001DC 81                     534 	.db #0x81	; 129
    000001DD FE                     535 	.db #0xfe	; 254
    000001DE 81                     536 	.db #0x81	; 129
    000001DF FE                     537 	.db #0xfe	; 254
    000001E0 FF                     538 	.db #0xff	; 255
    000001E1 80                     539 	.db #0x80	; 128
    000001E2 FF                     540 	.db #0xff	; 255
    000001E3 80                     541 	.db #0x80	; 128
    000001E4 FF                     542 	.db #0xff	; 255
    000001E5 80                     543 	.db #0x80	; 128
    000001E6 FF                     544 	.db #0xff	; 255
    000001E7 80                     545 	.db #0x80	; 128
    000001E8 FF                     546 	.db #0xff	; 255
    000001E9 80                     547 	.db #0x80	; 128
    000001EA FF                     548 	.db #0xff	; 255
    000001EB 80                     549 	.db #0x80	; 128
    000001EC FF                     550 	.db #0xff	; 255
    000001ED FF                     551 	.db #0xff	; 255
    000001EE FF                     552 	.db #0xff	; 255
    000001EF 00                     553 	.db #0x00	; 0
    000001F0 81                     554 	.db #0x81	; 129
    000001F1 FE                     555 	.db #0xfe	; 254
    000001F2 81                     556 	.db #0x81	; 129
    000001F3 FE                     557 	.db #0xfe	; 254
    000001F4 81                     558 	.db #0x81	; 129
    000001F5 FE                     559 	.db #0xfe	; 254
    000001F6 81                     560 	.db #0x81	; 129
    000001F7 FE                     561 	.db #0xfe	; 254
    000001F8 81                     562 	.db #0x81	; 129
    000001F9 FE                     563 	.db #0xfe	; 254
    000001FA 81                     564 	.db #0x81	; 129
    000001FB FE                     565 	.db #0xfe	; 254
    000001FC FF                     566 	.db #0xff	; 255
    000001FD FF                     567 	.db #0xff	; 255
    000001FE FF                     568 	.db #0xff	; 255
    000001FF 00                     569 	.db #0x00	; 0
    00000200 FF                     570 	.db #0xff	; 255
    00000201 FF                     571 	.db #0xff	; 255
    00000202 80                     572 	.db #0x80	; 128
    00000203 FF                     573 	.db #0xff	; 255
    00000204 B8                     574 	.db #0xb8	; 184
    00000205 C7                     575 	.db #0xc7	; 199
    00000206 B8                     576 	.db #0xb8	; 184
    00000207 C7                     577 	.db #0xc7	; 199
    00000208 B8                     578 	.db #0xb8	; 184
    00000209 C7                     579 	.db #0xc7	; 199
    0000020A 80                     580 	.db #0x80	; 128
    0000020B FF                     581 	.db #0xff	; 255
    0000020C 80                     582 	.db #0x80	; 128
    0000020D FF                     583 	.db #0xff	; 255
    0000020E 80                     584 	.db #0x80	; 128
    0000020F FF                     585 	.db #0xff	; 255
    00000210 FF                     586 	.db #0xff	; 255
    00000211 FF                     587 	.db #0xff	; 255
    00000212 01                     588 	.db #0x01	; 1
    00000213 FF                     589 	.db #0xff	; 255
    00000214 1D                     590 	.db #0x1d	; 29
    00000215 E3                     591 	.db #0xe3	; 227
    00000216 1D                     592 	.db #0x1d	; 29
    00000217 E3                     593 	.db #0xe3	; 227
    00000218 1D                     594 	.db #0x1d	; 29
    00000219 E3                     595 	.db #0xe3	; 227
    0000021A 01                     596 	.db #0x01	; 1
    0000021B FF                     597 	.db #0xff	; 255
    0000021C 01                     598 	.db #0x01	; 1
    0000021D FF                     599 	.db #0xff	; 255
    0000021E 01                     600 	.db #0x01	; 1
    0000021F FF                     601 	.db #0xff	; 255
    00000220 80                     602 	.db #0x80	; 128
    00000221 FF                     603 	.db #0xff	; 255
    00000222 90                     604 	.db #0x90	; 144
    00000223 FF                     605 	.db #0xff	; 255
    00000224 80                     606 	.db #0x80	; 128
    00000225 FF                     607 	.db #0xff	; 255
    00000226 80                     608 	.db #0x80	; 128
    00000227 FF                     609 	.db #0xff	; 255
    00000228 80                     610 	.db #0x80	; 128
    00000229 FF                     611 	.db #0xff	; 255
    0000022A 80                     612 	.db #0x80	; 128
    0000022B FF                     613 	.db #0xff	; 255
    0000022C FF                     614 	.db #0xff	; 255
    0000022D FF                     615 	.db #0xff	; 255
    0000022E FF                     616 	.db #0xff	; 255
    0000022F 00                     617 	.db #0x00	; 0
    00000230 01                     618 	.db #0x01	; 1
    00000231 FF                     619 	.db #0xff	; 255
    00000232 09                     620 	.db #0x09	; 9
    00000233 FF                     621 	.db #0xff	; 255
    00000234 01                     622 	.db #0x01	; 1
    00000235 FF                     623 	.db #0xff	; 255
    00000236 01                     624 	.db #0x01	; 1
    00000237 FF                     625 	.db #0xff	; 255
    00000238 01                     626 	.db #0x01	; 1
    00000239 FF                     627 	.db #0xff	; 255
    0000023A 01                     628 	.db #0x01	; 1
    0000023B FF                     629 	.db #0xff	; 255
    0000023C FF                     630 	.db #0xff	; 255
    0000023D FF                     631 	.db #0xff	; 255
    0000023E FF                     632 	.db #0xff	; 255
    0000023F 00                     633 	.db #0x00	; 0
    00000240 FF                     634 	.db #0xff	; 255
    00000241 00                     635 	.db #0x00	; 0
    00000242 81                     636 	.db #0x81	; 129
    00000243 7E                     637 	.db #0x7e	; 126
    00000244 BD                     638 	.db #0xbd	; 189
    00000245 42                     639 	.db #0x42	; 66	'B'
    00000246 BD                     640 	.db #0xbd	; 189
    00000247 42                     641 	.db #0x42	; 66	'B'
    00000248 BD                     642 	.db #0xbd	; 189
    00000249 42                     643 	.db #0x42	; 66	'B'
    0000024A 81                     644 	.db #0x81	; 129
    0000024B 7E                     645 	.db #0x7e	; 126
    0000024C FF                     646 	.db #0xff	; 255
    0000024D 00                     647 	.db #0x00	; 0
    0000024E FF                     648 	.db #0xff	; 255
    0000024F 00                     649 	.db #0x00	; 0
    00000250 FF                     650 	.db #0xff	; 255
    00000251 FF                     651 	.db #0xff	; 255
    00000252 80                     652 	.db #0x80	; 128
    00000253 80                     653 	.db #0x80	; 128
    00000254 BF                     654 	.db #0xbf	; 191
    00000255 BF                     655 	.db #0xbf	; 191
    00000256 BF                     656 	.db #0xbf	; 191
    00000257 A0                     657 	.db #0xa0	; 160
    00000258 B0                     658 	.db #0xb0	; 176
    00000259 A0                     659 	.db #0xa0	; 160
    0000025A B7                     660 	.db #0xb7	; 183
    0000025B A7                     661 	.db #0xa7	; 167
    0000025C B4                     662 	.db #0xb4	; 180
    0000025D A4                     663 	.db #0xa4	; 164
    0000025E B4                     664 	.db #0xb4	; 180
    0000025F A4                     665 	.db #0xa4	; 164
    00000260 FF                     666 	.db #0xff	; 255
    00000261 FF                     667 	.db #0xff	; 255
    00000262 01                     668 	.db #0x01	; 1
    00000263 01                     669 	.db #0x01	; 1
    00000264 FD                     670 	.db #0xfd	; 253
    00000265 FD                     671 	.db #0xfd	; 253
    00000266 FD                     672 	.db #0xfd	; 253
    00000267 05                     673 	.db #0x05	; 5
    00000268 0D                     674 	.db #0x0d	; 13
    00000269 05                     675 	.db #0x05	; 5
    0000026A ED                     676 	.db #0xed	; 237
    0000026B E5                     677 	.db #0xe5	; 229
    0000026C 2D                     678 	.db #0x2d	; 45
    0000026D 25                     679 	.db #0x25	; 37
    0000026E 2D                     680 	.db #0x2d	; 45
    0000026F 25                     681 	.db #0x25	; 37
    00000270 B4                     682 	.db #0xb4	; 180
    00000271 A4                     683 	.db #0xa4	; 164
    00000272 B7                     684 	.db #0xb7	; 183
    00000273 A7                     685 	.db #0xa7	; 167
    00000274 B0                     686 	.db #0xb0	; 176
    00000275 A0                     687 	.db #0xa0	; 160
    00000276 BF                     688 	.db #0xbf	; 191
    00000277 BF                     689 	.db #0xbf	; 191
    00000278 80                     690 	.db #0x80	; 128
    00000279 80                     691 	.db #0x80	; 128
    0000027A BF                     692 	.db #0xbf	; 191
    0000027B BF                     693 	.db #0xbf	; 191
    0000027C FF                     694 	.db #0xff	; 255
    0000027D FF                     695 	.db #0xff	; 255
    0000027E FF                     696 	.db #0xff	; 255
    0000027F 00                     697 	.db #0x00	; 0
    00000280 2D                     698 	.db #0x2d	; 45
    00000281 25                     699 	.db #0x25	; 37
    00000282 ED                     700 	.db #0xed	; 237
    00000283 E5                     701 	.db #0xe5	; 229
    00000284 0D                     702 	.db #0x0d	; 13
    00000285 05                     703 	.db #0x05	; 5
    00000286 FD                     704 	.db #0xfd	; 253
    00000287 FD                     705 	.db #0xfd	; 253
    00000288 01                     706 	.db #0x01	; 1
    00000289 01                     707 	.db #0x01	; 1
    0000028A FD                     708 	.db #0xfd	; 253
    0000028B FD                     709 	.db #0xfd	; 253
    0000028C FF                     710 	.db #0xff	; 255
    0000028D FF                     711 	.db #0xff	; 255
    0000028E FF                     712 	.db #0xff	; 255
    0000028F 00                     713 	.db #0x00	; 0
    00000290 00                     714 	.db #0x00	; 0
    00000291 00                     715 	.db #0x00	; 0
    00000292 00                     716 	.db #0x00	; 0
    00000293 00                     717 	.db #0x00	; 0
    00000294 00                     718 	.db #0x00	; 0
    00000295 00                     719 	.db #0x00	; 0
    00000296 00                     720 	.db #0x00	; 0
    00000297 00                     721 	.db #0x00	; 0
    00000298 00                     722 	.db #0x00	; 0
    00000299 00                     723 	.db #0x00	; 0
    0000029A 00                     724 	.db #0x00	; 0
    0000029B 00                     725 	.db #0x00	; 0
    0000029C 00                     726 	.db #0x00	; 0
    0000029D 00                     727 	.db #0x00	; 0
    0000029E 00                     728 	.db #0x00	; 0
    0000029F 00                     729 	.db #0x00	; 0
    000002A0 00                     730 	.db #0x00	; 0
    000002A1 00                     731 	.db #0x00	; 0
    000002A2 00                     732 	.db #0x00	; 0
    000002A3 00                     733 	.db #0x00	; 0
    000002A4 00                     734 	.db #0x00	; 0
    000002A5 00                     735 	.db #0x00	; 0
    000002A6 00                     736 	.db #0x00	; 0
    000002A7 00                     737 	.db #0x00	; 0
    000002A8 00                     738 	.db #0x00	; 0
    000002A9 00                     739 	.db #0x00	; 0
    000002AA 00                     740 	.db #0x00	; 0
    000002AB 00                     741 	.db #0x00	; 0
    000002AC 00                     742 	.db #0x00	; 0
    000002AD 00                     743 	.db #0x00	; 0
    000002AE 00                     744 	.db #0x00	; 0
    000002AF 00                     745 	.db #0x00	; 0
    000002B0 00                     746 	.db #0x00	; 0
    000002B1 00                     747 	.db #0x00	; 0
    000002B2 00                     748 	.db #0x00	; 0
    000002B3 00                     749 	.db #0x00	; 0
    000002B4 00                     750 	.db #0x00	; 0
    000002B5 00                     751 	.db #0x00	; 0
    000002B6 00                     752 	.db #0x00	; 0
    000002B7 00                     753 	.db #0x00	; 0
    000002B8 00                     754 	.db #0x00	; 0
    000002B9 00                     755 	.db #0x00	; 0
    000002BA 00                     756 	.db #0x00	; 0
    000002BB 00                     757 	.db #0x00	; 0
    000002BC 00                     758 	.db #0x00	; 0
    000002BD 00                     759 	.db #0x00	; 0
    000002BE 00                     760 	.db #0x00	; 0
    000002BF 00                     761 	.db #0x00	; 0
    000002C0 00                     762 	.db #0x00	; 0
    000002C1 00                     763 	.db #0x00	; 0
    000002C2 00                     764 	.db #0x00	; 0
    000002C3 00                     765 	.db #0x00	; 0
    000002C4 00                     766 	.db #0x00	; 0
    000002C5 00                     767 	.db #0x00	; 0
    000002C6 00                     768 	.db #0x00	; 0
    000002C7 00                     769 	.db #0x00	; 0
    000002C8 00                     770 	.db #0x00	; 0
    000002C9 00                     771 	.db #0x00	; 0
    000002CA 00                     772 	.db #0x00	; 0
    000002CB 00                     773 	.db #0x00	; 0
    000002CC 00                     774 	.db #0x00	; 0
    000002CD 00                     775 	.db #0x00	; 0
    000002CE 00                     776 	.db #0x00	; 0
    000002CF 00                     777 	.db #0x00	; 0
    000002D0 00                     778 	.db #0x00	; 0
    000002D1 00                     779 	.db #0x00	; 0
    000002D2 00                     780 	.db #0x00	; 0
    000002D3 00                     781 	.db #0x00	; 0
    000002D4 00                     782 	.db #0x00	; 0
    000002D5 00                     783 	.db #0x00	; 0
    000002D6 00                     784 	.db #0x00	; 0
    000002D7 00                     785 	.db #0x00	; 0
    000002D8 00                     786 	.db #0x00	; 0
    000002D9 00                     787 	.db #0x00	; 0
    000002DA 00                     788 	.db #0x00	; 0
    000002DB 00                     789 	.db #0x00	; 0
    000002DC 00                     790 	.db #0x00	; 0
    000002DD 00                     791 	.db #0x00	; 0
    000002DE 00                     792 	.db #0x00	; 0
    000002DF 00                     793 	.db #0x00	; 0
    000002E0 00                     794 	.db #0x00	; 0
    000002E1 00                     795 	.db #0x00	; 0
    000002E2 00                     796 	.db #0x00	; 0
    000002E3 00                     797 	.db #0x00	; 0
    000002E4 00                     798 	.db #0x00	; 0
    000002E5 00                     799 	.db #0x00	; 0
    000002E6 00                     800 	.db #0x00	; 0
    000002E7 00                     801 	.db #0x00	; 0
    000002E8 00                     802 	.db #0x00	; 0
    000002E9 00                     803 	.db #0x00	; 0
    000002EA 00                     804 	.db #0x00	; 0
    000002EB 00                     805 	.db #0x00	; 0
    000002EC 00                     806 	.db #0x00	; 0
    000002ED 00                     807 	.db #0x00	; 0
    000002EE 00                     808 	.db #0x00	; 0
    000002EF 00                     809 	.db #0x00	; 0
    000002F0 00                     810 	.db #0x00	; 0
    000002F1 00                     811 	.db #0x00	; 0
    000002F2 00                     812 	.db #0x00	; 0
    000002F3 00                     813 	.db #0x00	; 0
    000002F4 00                     814 	.db #0x00	; 0
    000002F5 00                     815 	.db #0x00	; 0
    000002F6 00                     816 	.db #0x00	; 0
    000002F7 00                     817 	.db #0x00	; 0
    000002F8 00                     818 	.db #0x00	; 0
    000002F9 00                     819 	.db #0x00	; 0
    000002FA 00                     820 	.db #0x00	; 0
    000002FB 00                     821 	.db #0x00	; 0
    000002FC 00                     822 	.db #0x00	; 0
    000002FD 00                     823 	.db #0x00	; 0
    000002FE 00                     824 	.db #0x00	; 0
    000002FF 00                     825 	.db #0x00	; 0
    00000300 00                     826 	.db #0x00	; 0
    00000301 00                     827 	.db #0x00	; 0
    00000302 00                     828 	.db #0x00	; 0
    00000303 00                     829 	.db #0x00	; 0
    00000304 00                     830 	.db #0x00	; 0
    00000305 00                     831 	.db #0x00	; 0
    00000306 00                     832 	.db #0x00	; 0
    00000307 00                     833 	.db #0x00	; 0
    00000308 00                     834 	.db #0x00	; 0
    00000309 00                     835 	.db #0x00	; 0
    0000030A 00                     836 	.db #0x00	; 0
    0000030B 00                     837 	.db #0x00	; 0
    0000030C 00                     838 	.db #0x00	; 0
    0000030D 00                     839 	.db #0x00	; 0
    0000030E 00                     840 	.db #0x00	; 0
    0000030F 00                     841 	.db #0x00	; 0
    00000310 00                     842 	.db #0x00	; 0
    00000311 00                     843 	.db #0x00	; 0
    00000312 00                     844 	.db #0x00	; 0
    00000313 00                     845 	.db #0x00	; 0
    00000314 00                     846 	.db #0x00	; 0
    00000315 00                     847 	.db #0x00	; 0
    00000316 00                     848 	.db #0x00	; 0
    00000317 00                     849 	.db #0x00	; 0
    00000318 00                     850 	.db #0x00	; 0
    00000319 00                     851 	.db #0x00	; 0
    0000031A 00                     852 	.db #0x00	; 0
    0000031B 00                     853 	.db #0x00	; 0
    0000031C 00                     854 	.db #0x00	; 0
    0000031D 00                     855 	.db #0x00	; 0
    0000031E 00                     856 	.db #0x00	; 0
    0000031F 00                     857 	.db #0x00	; 0
    00000320 00                     858 	.db #0x00	; 0
    00000321 00                     859 	.db #0x00	; 0
    00000322 00                     860 	.db #0x00	; 0
    00000323 00                     861 	.db #0x00	; 0
    00000324 00                     862 	.db #0x00	; 0
    00000325 00                     863 	.db #0x00	; 0
    00000326 00                     864 	.db #0x00	; 0
    00000327 00                     865 	.db #0x00	; 0
    00000328 00                     866 	.db #0x00	; 0
    00000329 00                     867 	.db #0x00	; 0
    0000032A 00                     868 	.db #0x00	; 0
    0000032B 00                     869 	.db #0x00	; 0
    0000032C 00                     870 	.db #0x00	; 0
    0000032D 00                     871 	.db #0x00	; 0
    0000032E 00                     872 	.db #0x00	; 0
    0000032F 00                     873 	.db #0x00	; 0
    00000330 00                     874 	.db #0x00	; 0
    00000331 00                     875 	.db #0x00	; 0
    00000332 00                     876 	.db #0x00	; 0
    00000333 00                     877 	.db #0x00	; 0
    00000334 00                     878 	.db #0x00	; 0
    00000335 00                     879 	.db #0x00	; 0
    00000336 00                     880 	.db #0x00	; 0
    00000337 00                     881 	.db #0x00	; 0
    00000338 00                     882 	.db #0x00	; 0
    00000339 00                     883 	.db #0x00	; 0
    0000033A 00                     884 	.db #0x00	; 0
    0000033B 00                     885 	.db #0x00	; 0
    0000033C 00                     886 	.db #0x00	; 0
    0000033D 00                     887 	.db #0x00	; 0
    0000033E 00                     888 	.db #0x00	; 0
    0000033F 00                     889 	.db #0x00	; 0
    00000340 00                     890 	.db #0x00	; 0
    00000341 00                     891 	.db #0x00	; 0
    00000342 00                     892 	.db #0x00	; 0
    00000343 00                     893 	.db #0x00	; 0
    00000344 00                     894 	.db #0x00	; 0
    00000345 00                     895 	.db #0x00	; 0
    00000346 00                     896 	.db #0x00	; 0
    00000347 00                     897 	.db #0x00	; 0
    00000348 00                     898 	.db #0x00	; 0
    00000349 00                     899 	.db #0x00	; 0
    0000034A 00                     900 	.db #0x00	; 0
    0000034B 00                     901 	.db #0x00	; 0
    0000034C 00                     902 	.db #0x00	; 0
    0000034D 00                     903 	.db #0x00	; 0
    0000034E 00                     904 	.db #0x00	; 0
    0000034F 00                     905 	.db #0x00	; 0
    00000350 00                     906 	.db #0x00	; 0
    00000351 00                     907 	.db #0x00	; 0
    00000352 00                     908 	.db #0x00	; 0
    00000353 00                     909 	.db #0x00	; 0
    00000354 00                     910 	.db #0x00	; 0
    00000355 00                     911 	.db #0x00	; 0
    00000356 00                     912 	.db #0x00	; 0
    00000357 00                     913 	.db #0x00	; 0
    00000358 00                     914 	.db #0x00	; 0
    00000359 00                     915 	.db #0x00	; 0
    0000035A 00                     916 	.db #0x00	; 0
    0000035B 00                     917 	.db #0x00	; 0
    0000035C 00                     918 	.db #0x00	; 0
    0000035D 00                     919 	.db #0x00	; 0
    0000035E 00                     920 	.db #0x00	; 0
    0000035F 00                     921 	.db #0x00	; 0
    00000360 00                     922 	.db #0x00	; 0
    00000361 00                     923 	.db #0x00	; 0
    00000362 00                     924 	.db #0x00	; 0
    00000363 00                     925 	.db #0x00	; 0
    00000364 00                     926 	.db #0x00	; 0
    00000365 00                     927 	.db #0x00	; 0
    00000366 00                     928 	.db #0x00	; 0
    00000367 00                     929 	.db #0x00	; 0
    00000368 00                     930 	.db #0x00	; 0
    00000369 00                     931 	.db #0x00	; 0
    0000036A 00                     932 	.db #0x00	; 0
    0000036B 00                     933 	.db #0x00	; 0
    0000036C 00                     934 	.db #0x00	; 0
    0000036D 00                     935 	.db #0x00	; 0
    0000036E 00                     936 	.db #0x00	; 0
    0000036F 00                     937 	.db #0x00	; 0
    00000370 00                     938 	.db #0x00	; 0
    00000371 00                     939 	.db #0x00	; 0
    00000372 00                     940 	.db #0x00	; 0
    00000373 00                     941 	.db #0x00	; 0
    00000374 00                     942 	.db #0x00	; 0
    00000375 00                     943 	.db #0x00	; 0
    00000376 00                     944 	.db #0x00	; 0
    00000377 00                     945 	.db #0x00	; 0
    00000378 00                     946 	.db #0x00	; 0
    00000379 00                     947 	.db #0x00	; 0
    0000037A 00                     948 	.db #0x00	; 0
    0000037B 00                     949 	.db #0x00	; 0
    0000037C 00                     950 	.db #0x00	; 0
    0000037D 00                     951 	.db #0x00	; 0
    0000037E 00                     952 	.db #0x00	; 0
    0000037F 00                     953 	.db #0x00	; 0
    00000380 00                     954 	.db #0x00	; 0
    00000381 00                     955 	.db #0x00	; 0
    00000382 00                     956 	.db #0x00	; 0
    00000383 00                     957 	.db #0x00	; 0
    00000384 00                     958 	.db #0x00	; 0
    00000385 00                     959 	.db #0x00	; 0
    00000386 00                     960 	.db #0x00	; 0
    00000387 00                     961 	.db #0x00	; 0
    00000388 00                     962 	.db #0x00	; 0
    00000389 00                     963 	.db #0x00	; 0
    0000038A 00                     964 	.db #0x00	; 0
    0000038B 00                     965 	.db #0x00	; 0
    0000038C 00                     966 	.db #0x00	; 0
    0000038D 00                     967 	.db #0x00	; 0
    0000038E 00                     968 	.db #0x00	; 0
    0000038F 00                     969 	.db #0x00	; 0
    00000390 00                     970 	.db #0x00	; 0
    00000391 00                     971 	.db #0x00	; 0
    00000392 00                     972 	.db #0x00	; 0
    00000393 00                     973 	.db #0x00	; 0
    00000394 00                     974 	.db #0x00	; 0
    00000395 00                     975 	.db #0x00	; 0
    00000396 00                     976 	.db #0x00	; 0
    00000397 00                     977 	.db #0x00	; 0
    00000398 00                     978 	.db #0x00	; 0
    00000399 00                     979 	.db #0x00	; 0
    0000039A 00                     980 	.db #0x00	; 0
    0000039B 00                     981 	.db #0x00	; 0
    0000039C 00                     982 	.db #0x00	; 0
    0000039D 00                     983 	.db #0x00	; 0
    0000039E 00                     984 	.db #0x00	; 0
    0000039F 00                     985 	.db #0x00	; 0
    000003A0 00                     986 	.db #0x00	; 0
    000003A1 00                     987 	.db #0x00	; 0
    000003A2 00                     988 	.db #0x00	; 0
    000003A3 00                     989 	.db #0x00	; 0
    000003A4 00                     990 	.db #0x00	; 0
    000003A5 00                     991 	.db #0x00	; 0
    000003A6 00                     992 	.db #0x00	; 0
    000003A7 00                     993 	.db #0x00	; 0
    000003A8 00                     994 	.db #0x00	; 0
    000003A9 00                     995 	.db #0x00	; 0
    000003AA 00                     996 	.db #0x00	; 0
    000003AB 00                     997 	.db #0x00	; 0
    000003AC 00                     998 	.db #0x00	; 0
    000003AD 00                     999 	.db #0x00	; 0
    000003AE 00                    1000 	.db #0x00	; 0
    000003AF 00                    1001 	.db #0x00	; 0
    000003B0 00                    1002 	.db #0x00	; 0
    000003B1 00                    1003 	.db #0x00	; 0
    000003B2 00                    1004 	.db #0x00	; 0
    000003B3 00                    1005 	.db #0x00	; 0
    000003B4 00                    1006 	.db #0x00	; 0
    000003B5 00                    1007 	.db #0x00	; 0
    000003B6 00                    1008 	.db #0x00	; 0
    000003B7 00                    1009 	.db #0x00	; 0
    000003B8 00                    1010 	.db #0x00	; 0
    000003B9 00                    1011 	.db #0x00	; 0
    000003BA 00                    1012 	.db #0x00	; 0
    000003BB 00                    1013 	.db #0x00	; 0
    000003BC 00                    1014 	.db #0x00	; 0
    000003BD 00                    1015 	.db #0x00	; 0
    000003BE 00                    1016 	.db #0x00	; 0
    000003BF 00                    1017 	.db #0x00	; 0
    000003C0 00                    1018 	.db #0x00	; 0
    000003C1 00                    1019 	.db #0x00	; 0
    000003C2 00                    1020 	.db #0x00	; 0
    000003C3 00                    1021 	.db #0x00	; 0
    000003C4 00                    1022 	.db #0x00	; 0
    000003C5 00                    1023 	.db #0x00	; 0
    000003C6 00                    1024 	.db #0x00	; 0
    000003C7 00                    1025 	.db #0x00	; 0
    000003C8 00                    1026 	.db #0x00	; 0
    000003C9 00                    1027 	.db #0x00	; 0
    000003CA 00                    1028 	.db #0x00	; 0
    000003CB 00                    1029 	.db #0x00	; 0
    000003CC 00                    1030 	.db #0x00	; 0
    000003CD 00                    1031 	.db #0x00	; 0
    000003CE 00                    1032 	.db #0x00	; 0
    000003CF 00                    1033 	.db #0x00	; 0
    000003D0 00                    1034 	.db #0x00	; 0
    000003D1 00                    1035 	.db #0x00	; 0
    000003D2 00                    1036 	.db #0x00	; 0
    000003D3 00                    1037 	.db #0x00	; 0
    000003D4 00                    1038 	.db #0x00	; 0
    000003D5 00                    1039 	.db #0x00	; 0
    000003D6 00                    1040 	.db #0x00	; 0
    000003D7 00                    1041 	.db #0x00	; 0
    000003D8 00                    1042 	.db #0x00	; 0
    000003D9 00                    1043 	.db #0x00	; 0
    000003DA 00                    1044 	.db #0x00	; 0
    000003DB 00                    1045 	.db #0x00	; 0
    000003DC 00                    1046 	.db #0x00	; 0
    000003DD 00                    1047 	.db #0x00	; 0
    000003DE 00                    1048 	.db #0x00	; 0
    000003DF 00                    1049 	.db #0x00	; 0
    000003E0 00                    1050 	.db #0x00	; 0
    000003E1 00                    1051 	.db #0x00	; 0
    000003E2 00                    1052 	.db #0x00	; 0
    000003E3 00                    1053 	.db #0x00	; 0
    000003E4 00                    1054 	.db #0x00	; 0
    000003E5 00                    1055 	.db #0x00	; 0
    000003E6 00                    1056 	.db #0x00	; 0
    000003E7 00                    1057 	.db #0x00	; 0
    000003E8 00                    1058 	.db #0x00	; 0
    000003E9 00                    1059 	.db #0x00	; 0
    000003EA 00                    1060 	.db #0x00	; 0
    000003EB 00                    1061 	.db #0x00	; 0
    000003EC 00                    1062 	.db #0x00	; 0
    000003ED 00                    1063 	.db #0x00	; 0
    000003EE 00                    1064 	.db #0x00	; 0
    000003EF 00                    1065 	.db #0x00	; 0
    000003F0 00                    1066 	.db #0x00	; 0
    000003F1 00                    1067 	.db #0x00	; 0
    000003F2 00                    1068 	.db #0x00	; 0
    000003F3 00                    1069 	.db #0x00	; 0
    000003F4 00                    1070 	.db #0x00	; 0
    000003F5 00                    1071 	.db #0x00	; 0
    000003F6 00                    1072 	.db #0x00	; 0
    000003F7 00                    1073 	.db #0x00	; 0
    000003F8 00                    1074 	.db #0x00	; 0
    000003F9 00                    1075 	.db #0x00	; 0
    000003FA 00                    1076 	.db #0x00	; 0
    000003FB 00                    1077 	.db #0x00	; 0
    000003FC 00                    1078 	.db #0x00	; 0
    000003FD 00                    1079 	.db #0x00	; 0
    000003FE 00                    1080 	.db #0x00	; 0
    000003FF 00                    1081 	.db #0x00	; 0
    00000400 00                    1082 	.db #0x00	; 0
    00000401 00                    1083 	.db #0x00	; 0
    00000402 00                    1084 	.db #0x00	; 0
    00000403 00                    1085 	.db #0x00	; 0
    00000404 00                    1086 	.db #0x00	; 0
    00000405 00                    1087 	.db #0x00	; 0
    00000406 00                    1088 	.db #0x00	; 0
    00000407 00                    1089 	.db #0x00	; 0
    00000408 00                    1090 	.db #0x00	; 0
    00000409 00                    1091 	.db #0x00	; 0
    0000040A 00                    1092 	.db #0x00	; 0
    0000040B 00                    1093 	.db #0x00	; 0
    0000040C 00                    1094 	.db #0x00	; 0
    0000040D 00                    1095 	.db #0x00	; 0
    0000040E 00                    1096 	.db #0x00	; 0
    0000040F 00                    1097 	.db #0x00	; 0
    00000410 00                    1098 	.db #0x00	; 0
    00000411 00                    1099 	.db #0x00	; 0
    00000412 00                    1100 	.db #0x00	; 0
    00000413 00                    1101 	.db #0x00	; 0
    00000414 00                    1102 	.db #0x00	; 0
    00000415 00                    1103 	.db #0x00	; 0
    00000416 00                    1104 	.db #0x00	; 0
    00000417 00                    1105 	.db #0x00	; 0
    00000418 00                    1106 	.db #0x00	; 0
    00000419 00                    1107 	.db #0x00	; 0
    0000041A 00                    1108 	.db #0x00	; 0
    0000041B 00                    1109 	.db #0x00	; 0
    0000041C 00                    1110 	.db #0x00	; 0
    0000041D 00                    1111 	.db #0x00	; 0
    0000041E 00                    1112 	.db #0x00	; 0
    0000041F 00                    1113 	.db #0x00	; 0
    00000420 00                    1114 	.db #0x00	; 0
    00000421 00                    1115 	.db #0x00	; 0
    00000422 00                    1116 	.db #0x00	; 0
    00000423 00                    1117 	.db #0x00	; 0
    00000424 00                    1118 	.db #0x00	; 0
    00000425 00                    1119 	.db #0x00	; 0
    00000426 00                    1120 	.db #0x00	; 0
    00000427 00                    1121 	.db #0x00	; 0
    00000428 00                    1122 	.db #0x00	; 0
    00000429 00                    1123 	.db #0x00	; 0
    0000042A 00                    1124 	.db #0x00	; 0
    0000042B 00                    1125 	.db #0x00	; 0
    0000042C 00                    1126 	.db #0x00	; 0
    0000042D 00                    1127 	.db #0x00	; 0
    0000042E 00                    1128 	.db #0x00	; 0
    0000042F 00                    1129 	.db #0x00	; 0
    00000430 00                    1130 	.db #0x00	; 0
    00000431 00                    1131 	.db #0x00	; 0
    00000432 00                    1132 	.db #0x00	; 0
    00000433 00                    1133 	.db #0x00	; 0
    00000434 00                    1134 	.db #0x00	; 0
    00000435 00                    1135 	.db #0x00	; 0
    00000436 00                    1136 	.db #0x00	; 0
    00000437 00                    1137 	.db #0x00	; 0
    00000438 00                    1138 	.db #0x00	; 0
    00000439 00                    1139 	.db #0x00	; 0
    0000043A 00                    1140 	.db #0x00	; 0
    0000043B 00                    1141 	.db #0x00	; 0
    0000043C 00                    1142 	.db #0x00	; 0
    0000043D 00                    1143 	.db #0x00	; 0
    0000043E 00                    1144 	.db #0x00	; 0
    0000043F 00                    1145 	.db #0x00	; 0
    00000440 00                    1146 	.db #0x00	; 0
    00000441 00                    1147 	.db #0x00	; 0
    00000442 00                    1148 	.db #0x00	; 0
    00000443 00                    1149 	.db #0x00	; 0
    00000444 00                    1150 	.db #0x00	; 0
    00000445 00                    1151 	.db #0x00	; 0
    00000446 00                    1152 	.db #0x00	; 0
    00000447 00                    1153 	.db #0x00	; 0
    00000448 00                    1154 	.db #0x00	; 0
    00000449 00                    1155 	.db #0x00	; 0
    0000044A 00                    1156 	.db #0x00	; 0
    0000044B 00                    1157 	.db #0x00	; 0
    0000044C 00                    1158 	.db #0x00	; 0
    0000044D 00                    1159 	.db #0x00	; 0
    0000044E 00                    1160 	.db #0x00	; 0
    0000044F 00                    1161 	.db #0x00	; 0
    00000450 00                    1162 	.db #0x00	; 0
    00000451 00                    1163 	.db #0x00	; 0
    00000452 00                    1164 	.db #0x00	; 0
    00000453 00                    1165 	.db #0x00	; 0
    00000454 00                    1166 	.db #0x00	; 0
    00000455 00                    1167 	.db #0x00	; 0
    00000456 00                    1168 	.db #0x00	; 0
    00000457 00                    1169 	.db #0x00	; 0
    00000458 00                    1170 	.db #0x00	; 0
    00000459 00                    1171 	.db #0x00	; 0
    0000045A 00                    1172 	.db #0x00	; 0
    0000045B 00                    1173 	.db #0x00	; 0
    0000045C 00                    1174 	.db #0x00	; 0
    0000045D 00                    1175 	.db #0x00	; 0
    0000045E 00                    1176 	.db #0x00	; 0
    0000045F 00                    1177 	.db #0x00	; 0
    00000460 00                    1178 	.db #0x00	; 0
    00000461 00                    1179 	.db #0x00	; 0
    00000462 00                    1180 	.db #0x00	; 0
    00000463 00                    1181 	.db #0x00	; 0
    00000464 00                    1182 	.db #0x00	; 0
    00000465 00                    1183 	.db #0x00	; 0
    00000466 00                    1184 	.db #0x00	; 0
    00000467 00                    1185 	.db #0x00	; 0
    00000468 00                    1186 	.db #0x00	; 0
    00000469 00                    1187 	.db #0x00	; 0
    0000046A 00                    1188 	.db #0x00	; 0
    0000046B 00                    1189 	.db #0x00	; 0
    0000046C 00                    1190 	.db #0x00	; 0
    0000046D 00                    1191 	.db #0x00	; 0
    0000046E 00                    1192 	.db #0x00	; 0
    0000046F 00                    1193 	.db #0x00	; 0
    00000470 00                    1194 	.db #0x00	; 0
    00000471 00                    1195 	.db #0x00	; 0
    00000472 00                    1196 	.db #0x00	; 0
    00000473 00                    1197 	.db #0x00	; 0
    00000474 00                    1198 	.db #0x00	; 0
    00000475 00                    1199 	.db #0x00	; 0
    00000476 00                    1200 	.db #0x00	; 0
    00000477 00                    1201 	.db #0x00	; 0
    00000478 00                    1202 	.db #0x00	; 0
    00000479 00                    1203 	.db #0x00	; 0
    0000047A 00                    1204 	.db #0x00	; 0
    0000047B 00                    1205 	.db #0x00	; 0
    0000047C 00                    1206 	.db #0x00	; 0
    0000047D 00                    1207 	.db #0x00	; 0
    0000047E 00                    1208 	.db #0x00	; 0
    0000047F 00                    1209 	.db #0x00	; 0
    00000480 00                    1210 	.db #0x00	; 0
    00000481 00                    1211 	.db #0x00	; 0
    00000482 00                    1212 	.db #0x00	; 0
    00000483 00                    1213 	.db #0x00	; 0
    00000484 00                    1214 	.db #0x00	; 0
    00000485 00                    1215 	.db #0x00	; 0
    00000486 00                    1216 	.db #0x00	; 0
    00000487 00                    1217 	.db #0x00	; 0
    00000488 00                    1218 	.db #0x00	; 0
    00000489 00                    1219 	.db #0x00	; 0
    0000048A 00                    1220 	.db #0x00	; 0
    0000048B 00                    1221 	.db #0x00	; 0
    0000048C 00                    1222 	.db #0x00	; 0
    0000048D 00                    1223 	.db #0x00	; 0
    0000048E 00                    1224 	.db #0x00	; 0
    0000048F 00                    1225 	.db #0x00	; 0
    00000490                       1226 _tiles_anim_data:
    00000490 FF                    1227 	.db #0xff	; 255
    00000491 00                    1228 	.db #0x00	; 0
    00000492 FF                    1229 	.db #0xff	; 255
    00000493 00                    1230 	.db #0x00	; 0
    00000494 DF                    1231 	.db #0xdf	; 223
    00000495 20                    1232 	.db #0x20	; 32
    00000496 F3                    1233 	.db #0xf3	; 243
    00000497 0C                    1234 	.db #0x0c	; 12
    00000498 FF                    1235 	.db #0xff	; 255
    00000499 00                    1236 	.db #0x00	; 0
    0000049A F3                    1237 	.db #0xf3	; 243
    0000049B 0C                    1238 	.db #0x0c	; 12
    0000049C CF                    1239 	.db #0xcf	; 207
    0000049D 30                    1240 	.db #0x30	; 48	'0'
    0000049E FF                    1241 	.db #0xff	; 255
    0000049F 00                    1242 	.db #0x00	; 0
    000004A0 E7                    1243 	.db #0xe7	; 231
    000004A1 1F                    1244 	.db #0x1f	; 31
    000004A2 CF                    1245 	.db #0xcf	; 207
    000004A3 3F                    1246 	.db #0x3f	; 63
    000004A4 9B                    1247 	.db #0x9b	; 155
    000004A5 7D                    1248 	.db #0x7d	; 125
    000004A6 B5                    1249 	.db #0xb5	; 181
    000004A7 7B                    1250 	.db #0x7b	; 123
    000004A8 E9                    1251 	.db #0xe9	; 233
    000004A9 77                    1252 	.db #0x77	; 119	'w'
    000004AA 63                    1253 	.db #0x63	; 99	'c'
    000004AB FF                    1254 	.db #0xff	; 255
    000004AC 7F                    1255 	.db #0x7f	; 127
    000004AD FF                    1256 	.db #0xff	; 255
    000004AE 7F                    1257 	.db #0x7f	; 127
    000004AF FF                    1258 	.db #0xff	; 255
    000004B0 9F                    1259 	.db #0x9f	; 159
    000004B1 E0                    1260 	.db #0xe0	; 224
    000004B2 E7                    1261 	.db #0xe7	; 231
    000004B3 F8                    1262 	.db #0xf8	; 248
    000004B4 B3                    1263 	.db #0xb3	; 179
    000004B5 7C                    1264 	.db #0x7c	; 124
    000004B6 5B                    1265 	.db #0x5b	; 91
    000004B7 BC                    1266 	.db #0xbc	; 188
    000004B8 2D                    1267 	.db #0x2d	; 45
    000004B9 DE                    1268 	.db #0xde	; 222
    000004BA 1B                    1269 	.db #0x1b	; 27
    000004BB FC                    1270 	.db #0xfc	; 252
    000004BC FD                    1271 	.db #0xfd	; 253
    000004BD FE                    1272 	.db #0xfe	; 254
    000004BE FD                    1273 	.db #0xfd	; 253
    000004BF FE                    1274 	.db #0xfe	; 254
    000004C0 3F                    1275 	.db #0x3f	; 63
    000004C1 FF                    1276 	.db #0xff	; 255
    000004C2 BF                    1277 	.db #0xbf	; 191
    000004C3 7F                    1278 	.db #0x7f	; 127
    000004C4 DC                    1279 	.db #0xdc	; 220
    000004C5 3F                    1280 	.db #0x3f	; 63
    000004C6 EE                    1281 	.db #0xee	; 238
    000004C7 13                    1282 	.db #0x13	; 19
    000004C8 FE                    1283 	.db #0xfe	; 254
    000004C9 0F                    1284 	.db #0x0f	; 15
    000004CA F8                    1285 	.db #0xf8	; 248
    000004CB 0F                    1286 	.db #0x0f	; 15
    000004CC FF                    1287 	.db #0xff	; 255
    000004CD 0F                    1288 	.db #0x0f	; 15
    000004CE FF                    1289 	.db #0xff	; 255
    000004CF 00                    1290 	.db #0x00	; 0
    000004D0 F9                    1291 	.db #0xf9	; 249
    000004D1 FE                    1292 	.db #0xfe	; 254
    000004D2 F3                    1293 	.db #0xf3	; 243
    000004D3 FC                    1294 	.db #0xfc	; 252
    000004D4 67                    1295 	.db #0x67	; 103	'g'
    000004D5 F8                    1296 	.db #0xf8	; 248
    000004D6 EF                    1297 	.db #0xef	; 239
    000004D7 10                    1298 	.db #0x10	; 16
    000004D8 FF                    1299 	.db #0xff	; 255
    000004D9 E0                    1300 	.db #0xe0	; 224
    000004DA 3F                    1301 	.db #0x3f	; 63
    000004DB E0                    1302 	.db #0xe0	; 224
    000004DC FF                    1303 	.db #0xff	; 255
    000004DD E0                    1304 	.db #0xe0	; 224
    000004DE FF                    1305 	.db #0xff	; 255
    000004DF 00                    1306 	.db #0x00	; 0
    000004E0                       1307 _map_data:
    000004E0 01                    1308 	.db #0x01	; 1
    000004E1 01                    1309 	.db #0x01	; 1
    000004E2 01                    1310 	.db #0x01	; 1
    000004E3 01                    1311 	.db #0x01	; 1
    000004E4 01                    1312 	.db #0x01	; 1
    000004E5 01                    1313 	.db #0x01	; 1
    000004E6 01                    1314 	.db #0x01	; 1
    000004E7 01                    1315 	.db #0x01	; 1
    000004E8 01                    1316 	.db #0x01	; 1
    000004E9 01                    1317 	.db #0x01	; 1
    000004EA 01                    1318 	.db #0x01	; 1
    000004EB 01                    1319 	.db #0x01	; 1
    000004EC 01                    1320 	.db #0x01	; 1
    000004ED 01                    1321 	.db #0x01	; 1
    000004EE 01                    1322 	.db #0x01	; 1
    000004EF 00                    1323 	.db #0x00	; 0
    000004F0 00                    1324 	.db #0x00	; 0
    000004F1 01                    1325 	.db #0x01	; 1
    000004F2 01                    1326 	.db #0x01	; 1
    000004F3 01                    1327 	.db #0x01	; 1
    000004F4 01                    1328 	.db #0x01	; 1
    000004F5 01                    1329 	.db #0x01	; 1
    000004F6 01                    1330 	.db #0x01	; 1
    000004F7 01                    1331 	.db #0x01	; 1
    000004F8 01                    1332 	.db #0x01	; 1
    000004F9 01                    1333 	.db #0x01	; 1
    000004FA 01                    1334 	.db #0x01	; 1
    000004FB 01                    1335 	.db #0x01	; 1
    000004FC 01                    1336 	.db #0x01	; 1
    000004FD 01                    1337 	.db #0x01	; 1
    000004FE 01                    1338 	.db #0x01	; 1
    000004FF 01                    1339 	.db #0x01	; 1
    00000500 01                    1340 	.db #0x01	; 1
    00000501 02                    1341 	.db #0x02	; 2
    00000502 02                    1342 	.db #0x02	; 2
    00000503 02                    1343 	.db #0x02	; 2
    00000504 02                    1344 	.db #0x02	; 2
    00000505 02                    1345 	.db #0x02	; 2
    00000506 02                    1346 	.db #0x02	; 2
    00000507 02                    1347 	.db #0x02	; 2
    00000508 02                    1348 	.db #0x02	; 2
    00000509 02                    1349 	.db #0x02	; 2
    0000050A 02                    1350 	.db #0x02	; 2
    0000050B 02                    1351 	.db #0x02	; 2
    0000050C 02                    1352 	.db #0x02	; 2
    0000050D 02                    1353 	.db #0x02	; 2
    0000050E 02                    1354 	.db #0x02	; 2
    0000050F 24                    1355 	.db #0x24	; 36
    00000510 25                    1356 	.db #0x25	; 37
    00000511 02                    1357 	.db #0x02	; 2
    00000512 02                    1358 	.db #0x02	; 2
    00000513 02                    1359 	.db #0x02	; 2
    00000514 02                    1360 	.db #0x02	; 2
    00000515 02                    1361 	.db #0x02	; 2
    00000516 02                    1362 	.db #0x02	; 2
    00000517 02                    1363 	.db #0x02	; 2
    00000518 02                    1364 	.db #0x02	; 2
    00000519 02                    1365 	.db #0x02	; 2
    0000051A 02                    1366 	.db #0x02	; 2
    0000051B 02                    1367 	.db #0x02	; 2
    0000051C 03                    1368 	.db #0x03	; 3
    0000051D 02                    1369 	.db #0x02	; 2
    0000051E 02                    1370 	.db #0x02	; 2
    0000051F 01                    1371 	.db #0x01	; 1
    00000520 01                    1372 	.db #0x01	; 1
    00000521 02                    1373 	.db #0x02	; 2
    00000522 02                    1374 	.db #0x02	; 2
    00000523 04                    1375 	.db #0x04	; 4
    00000524 05                    1376 	.db #0x05	; 5
    00000525 02                    1377 	.db #0x02	; 2
    00000526 02                    1378 	.db #0x02	; 2
    00000527 02                    1379 	.db #0x02	; 2
    00000528 02                    1380 	.db #0x02	; 2
    00000529 02                    1381 	.db #0x02	; 2
    0000052A 02                    1382 	.db #0x02	; 2
    0000052B 02                    1383 	.db #0x02	; 2
    0000052C 02                    1384 	.db #0x02	; 2
    0000052D 02                    1385 	.db #0x02	; 2
    0000052E 02                    1386 	.db #0x02	; 2
    0000052F 26                    1387 	.db #0x26	; 38
    00000530 27                    1388 	.db #0x27	; 39
    00000531 02                    1389 	.db #0x02	; 2
    00000532 02                    1390 	.db #0x02	; 2
    00000533 02                    1391 	.db #0x02	; 2
    00000534 02                    1392 	.db #0x02	; 2
    00000535 04                    1393 	.db #0x04	; 4
    00000536 05                    1394 	.db #0x05	; 5
    00000537 02                    1395 	.db #0x02	; 2
    00000538 02                    1396 	.db #0x02	; 2
    00000539 02                    1397 	.db #0x02	; 2
    0000053A 03                    1398 	.db #0x03	; 3
    0000053B 02                    1399 	.db #0x02	; 2
    0000053C 02                    1400 	.db #0x02	; 2
    0000053D 02                    1401 	.db #0x02	; 2
    0000053E 02                    1402 	.db #0x02	; 2
    0000053F 01                    1403 	.db #0x01	; 1
    00000540 01                    1404 	.db #0x01	; 1
    00000541 02                    1405 	.db #0x02	; 2
    00000542 02                    1406 	.db #0x02	; 2
    00000543 06                    1407 	.db #0x06	; 6
    00000544 0C                    1408 	.db #0x0c	; 12
    00000545 02                    1409 	.db #0x02	; 2
    00000546 02                    1410 	.db #0x02	; 2
    00000547 02                    1411 	.db #0x02	; 2
    00000548 02                    1412 	.db #0x02	; 2
    00000549 02                    1413 	.db #0x02	; 2
    0000054A 02                    1414 	.db #0x02	; 2
    0000054B 02                    1415 	.db #0x02	; 2
    0000054C 02                    1416 	.db #0x02	; 2
    0000054D 02                    1417 	.db #0x02	; 2
    0000054E 02                    1418 	.db #0x02	; 2
    0000054F 00                    1419 	.db #0x00	; 0
    00000550 00                    1420 	.db #0x00	; 0
    00000551 02                    1421 	.db #0x02	; 2
    00000552 02                    1422 	.db #0x02	; 2
    00000553 02                    1423 	.db #0x02	; 2
    00000554 02                    1424 	.db #0x02	; 2
    00000555 06                    1425 	.db #0x06	; 6
    00000556 0C                    1426 	.db #0x0c	; 12
    00000557 02                    1427 	.db #0x02	; 2
    00000558 02                    1428 	.db #0x02	; 2
    00000559 02                    1429 	.db #0x02	; 2
    0000055A 02                    1430 	.db #0x02	; 2
    0000055B 02                    1431 	.db #0x02	; 2
    0000055C 02                    1432 	.db #0x02	; 2
    0000055D 02                    1433 	.db #0x02	; 2
    0000055E 02                    1434 	.db #0x02	; 2
    0000055F 01                    1435 	.db #0x01	; 1
    00000560 01                    1436 	.db #0x01	; 1
    00000561 02                    1437 	.db #0x02	; 2
    00000562 02                    1438 	.db #0x02	; 2
    00000563 02                    1439 	.db #0x02	; 2
    00000564 09                    1440 	.db #0x09	; 9
    00000565 07                    1441 	.db #0x07	; 7
    00000566 08                    1442 	.db #0x08	; 8
    00000567 0A                    1443 	.db #0x0a	; 10
    00000568 02                    1444 	.db #0x02	; 2
    00000569 02                    1445 	.db #0x02	; 2
    0000056A 02                    1446 	.db #0x02	; 2
    0000056B 03                    1447 	.db #0x03	; 3
    0000056C 02                    1448 	.db #0x02	; 2
    0000056D 02                    1449 	.db #0x02	; 2
    0000056E 02                    1450 	.db #0x02	; 2
    0000056F 00                    1451 	.db #0x00	; 0
    00000570 00                    1452 	.db #0x00	; 0
    00000571 02                    1453 	.db #0x02	; 2
    00000572 03                    1454 	.db #0x03	; 3
    00000573 04                    1455 	.db #0x04	; 4
    00000574 05                    1456 	.db #0x05	; 5
    00000575 02                    1457 	.db #0x02	; 2
    00000576 09                    1458 	.db #0x09	; 9
    00000577 07                    1459 	.db #0x07	; 7
    00000578 08                    1460 	.db #0x08	; 8
    00000579 0A                    1461 	.db #0x0a	; 10
    0000057A 02                    1462 	.db #0x02	; 2
    0000057B 02                    1463 	.db #0x02	; 2
    0000057C 02                    1464 	.db #0x02	; 2
    0000057D 02                    1465 	.db #0x02	; 2
    0000057E 02                    1466 	.db #0x02	; 2
    0000057F 01                    1467 	.db #0x01	; 1
    00000580 01                    1468 	.db #0x01	; 1
    00000581 02                    1469 	.db #0x02	; 2
    00000582 02                    1470 	.db #0x02	; 2
    00000583 02                    1471 	.db #0x02	; 2
    00000584 0B                    1472 	.db #0x0b	; 11
    00000585 0E                    1473 	.db #0x0e	; 14
    00000586 0F                    1474 	.db #0x0f	; 15
    00000587 0D                    1475 	.db #0x0d	; 13
    00000588 02                    1476 	.db #0x02	; 2
    00000589 03                    1477 	.db #0x03	; 3
    0000058A 02                    1478 	.db #0x02	; 2
    0000058B 02                    1479 	.db #0x02	; 2
    0000058C 02                    1480 	.db #0x02	; 2
    0000058D 02                    1481 	.db #0x02	; 2
    0000058E 02                    1482 	.db #0x02	; 2
    0000058F 00                    1483 	.db #0x00	; 0
    00000590 00                    1484 	.db #0x00	; 0
    00000591 02                    1485 	.db #0x02	; 2
    00000592 02                    1486 	.db #0x02	; 2
    00000593 06                    1487 	.db #0x06	; 6
    00000594 0C                    1488 	.db #0x0c	; 12
    00000595 02                    1489 	.db #0x02	; 2
    00000596 0B                    1490 	.db #0x0b	; 11
    00000597 0E                    1491 	.db #0x0e	; 14
    00000598 0F                    1492 	.db #0x0f	; 15
    00000599 0D                    1493 	.db #0x0d	; 13
    0000059A 02                    1494 	.db #0x02	; 2
    0000059B 02                    1495 	.db #0x02	; 2
    0000059C 02                    1496 	.db #0x02	; 2
    0000059D 02                    1497 	.db #0x02	; 2
    0000059E 02                    1498 	.db #0x02	; 2
    0000059F 01                    1499 	.db #0x01	; 1
    000005A0 01                    1500 	.db #0x01	; 1
    000005A1 02                    1501 	.db #0x02	; 2
    000005A2 02                    1502 	.db #0x02	; 2
    000005A3 02                    1503 	.db #0x02	; 2
    000005A4 10                    1504 	.db #0x10	; 16
    000005A5 11                    1505 	.db #0x11	; 17
    000005A6 13                    1506 	.db #0x13	; 19
    000005A7 12                    1507 	.db #0x12	; 18
    000005A8 02                    1508 	.db #0x02	; 2
    000005A9 04                    1509 	.db #0x04	; 4
    000005AA 05                    1510 	.db #0x05	; 5
    000005AB 02                    1511 	.db #0x02	; 2
    000005AC 02                    1512 	.db #0x02	; 2
    000005AD 02                    1513 	.db #0x02	; 2
    000005AE 02                    1514 	.db #0x02	; 2
    000005AF 00                    1515 	.db #0x00	; 0
    000005B0 00                    1516 	.db #0x00	; 0
    000005B1 02                    1517 	.db #0x02	; 2
    000005B2 02                    1518 	.db #0x02	; 2
    000005B3 02                    1519 	.db #0x02	; 2
    000005B4 02                    1520 	.db #0x02	; 2
    000005B5 02                    1521 	.db #0x02	; 2
    000005B6 10                    1522 	.db #0x10	; 16
    000005B7 11                    1523 	.db #0x11	; 17
    000005B8 13                    1524 	.db #0x13	; 19
    000005B9 12                    1525 	.db #0x12	; 18
    000005BA 02                    1526 	.db #0x02	; 2
    000005BB 02                    1527 	.db #0x02	; 2
    000005BC 02                    1528 	.db #0x02	; 2
    000005BD 02                    1529 	.db #0x02	; 2
    000005BE 02                    1530 	.db #0x02	; 2
    000005BF 01                    1531 	.db #0x01	; 1
    000005C0 01                    1532 	.db #0x01	; 1
    000005C1 02                    1533 	.db #0x02	; 2
    000005C2 02                    1534 	.db #0x02	; 2
    000005C3 02                    1535 	.db #0x02	; 2
    000005C4 14                    1536 	.db #0x14	; 20
    000005C5 15                    1537 	.db #0x15	; 21
    000005C6 16                    1538 	.db #0x16	; 22
    000005C7 18                    1539 	.db #0x18	; 24
    000005C8 00                    1540 	.db #0x00	; 0
    000005C9 06                    1541 	.db #0x06	; 6
    000005CA 0C                    1542 	.db #0x0c	; 12
    000005CB 00                    1543 	.db #0x00	; 0
    000005CC 00                    1544 	.db #0x00	; 0
    000005CD 00                    1545 	.db #0x00	; 0
    000005CE 00                    1546 	.db #0x00	; 0
    000005CF 00                    1547 	.db #0x00	; 0
    000005D0 00                    1548 	.db #0x00	; 0
    000005D1 00                    1549 	.db #0x00	; 0
    000005D2 00                    1550 	.db #0x00	; 0
    000005D3 00                    1551 	.db #0x00	; 0
    000005D4 00                    1552 	.db #0x00	; 0
    000005D5 00                    1553 	.db #0x00	; 0
    000005D6 14                    1554 	.db #0x14	; 20
    000005D7 15                    1555 	.db #0x15	; 21
    000005D8 16                    1556 	.db #0x16	; 22
    000005D9 18                    1557 	.db #0x18	; 24
    000005DA 02                    1558 	.db #0x02	; 2
    000005DB 02                    1559 	.db #0x02	; 2
    000005DC 02                    1560 	.db #0x02	; 2
    000005DD 02                    1561 	.db #0x02	; 2
    000005DE 02                    1562 	.db #0x02	; 2
    000005DF 01                    1563 	.db #0x01	; 1
    000005E0 01                    1564 	.db #0x01	; 1
    000005E1 02                    1565 	.db #0x02	; 2
    000005E2 02                    1566 	.db #0x02	; 2
    000005E3 02                    1567 	.db #0x02	; 2
    000005E4 04                    1568 	.db #0x04	; 4
    000005E5 05                    1569 	.db #0x05	; 5
    000005E6 02                    1570 	.db #0x02	; 2
    000005E7 02                    1571 	.db #0x02	; 2
    000005E8 02                    1572 	.db #0x02	; 2
    000005E9 02                    1573 	.db #0x02	; 2
    000005EA 02                    1574 	.db #0x02	; 2
    000005EB 02                    1575 	.db #0x02	; 2
    000005EC 02                    1576 	.db #0x02	; 2
    000005ED 02                    1577 	.db #0x02	; 2
    000005EE 03                    1578 	.db #0x03	; 3
    000005EF 00                    1579 	.db #0x00	; 0
    000005F0 00                    1580 	.db #0x00	; 0
    000005F1 02                    1581 	.db #0x02	; 2
    000005F2 02                    1582 	.db #0x02	; 2
    000005F3 04                    1583 	.db #0x04	; 4
    000005F4 05                    1584 	.db #0x05	; 5
    000005F5 02                    1585 	.db #0x02	; 2
    000005F6 17                    1586 	.db #0x17	; 23
    000005F7 02                    1587 	.db #0x02	; 2
    000005F8 02                    1588 	.db #0x02	; 2
    000005F9 02                    1589 	.db #0x02	; 2
    000005FA 02                    1590 	.db #0x02	; 2
    000005FB 02                    1591 	.db #0x02	; 2
    000005FC 02                    1592 	.db #0x02	; 2
    000005FD 02                    1593 	.db #0x02	; 2
    000005FE 02                    1594 	.db #0x02	; 2
    000005FF 01                    1595 	.db #0x01	; 1
    00000600 01                    1596 	.db #0x01	; 1
    00000601 02                    1597 	.db #0x02	; 2
    00000602 02                    1598 	.db #0x02	; 2
    00000603 02                    1599 	.db #0x02	; 2
    00000604 06                    1600 	.db #0x06	; 6
    00000605 0C                    1601 	.db #0x0c	; 12
    00000606 02                    1602 	.db #0x02	; 2
    00000607 02                    1603 	.db #0x02	; 2
    00000608 02                    1604 	.db #0x02	; 2
    00000609 02                    1605 	.db #0x02	; 2
    0000060A 04                    1606 	.db #0x04	; 4
    0000060B 05                    1607 	.db #0x05	; 5
    0000060C 02                    1608 	.db #0x02	; 2
    0000060D 02                    1609 	.db #0x02	; 2
    0000060E 02                    1610 	.db #0x02	; 2
    0000060F 00                    1611 	.db #0x00	; 0
    00000610 00                    1612 	.db #0x00	; 0
    00000611 02                    1613 	.db #0x02	; 2
    00000612 02                    1614 	.db #0x02	; 2
    00000613 06                    1615 	.db #0x06	; 6
    00000614 0C                    1616 	.db #0x0c	; 12
    00000615 02                    1617 	.db #0x02	; 2
    00000616 02                    1618 	.db #0x02	; 2
    00000617 02                    1619 	.db #0x02	; 2
    00000618 02                    1620 	.db #0x02	; 2
    00000619 02                    1621 	.db #0x02	; 2
    0000061A 02                    1622 	.db #0x02	; 2
    0000061B 02                    1623 	.db #0x02	; 2
    0000061C 02                    1624 	.db #0x02	; 2
    0000061D 02                    1625 	.db #0x02	; 2
    0000061E 02                    1626 	.db #0x02	; 2
    0000061F 01                    1627 	.db #0x01	; 1
    00000620 01                    1628 	.db #0x01	; 1
    00000621 02                    1629 	.db #0x02	; 2
    00000622 02                    1630 	.db #0x02	; 2
    00000623 02                    1631 	.db #0x02	; 2
    00000624 02                    1632 	.db #0x02	; 2
    00000625 02                    1633 	.db #0x02	; 2
    00000626 02                    1634 	.db #0x02	; 2
    00000627 02                    1635 	.db #0x02	; 2
    00000628 02                    1636 	.db #0x02	; 2
    00000629 02                    1637 	.db #0x02	; 2
    0000062A 06                    1638 	.db #0x06	; 6
    0000062B 0C                    1639 	.db #0x0c	; 12
    0000062C 02                    1640 	.db #0x02	; 2
    0000062D 02                    1641 	.db #0x02	; 2
    0000062E 02                    1642 	.db #0x02	; 2
    0000062F 00                    1643 	.db #0x00	; 0
    00000630 00                    1644 	.db #0x00	; 0
    00000631 02                    1645 	.db #0x02	; 2
    00000632 02                    1646 	.db #0x02	; 2
    00000633 02                    1647 	.db #0x02	; 2
    00000634 02                    1648 	.db #0x02	; 2
    00000635 02                    1649 	.db #0x02	; 2
    00000636 02                    1650 	.db #0x02	; 2
    00000637 02                    1651 	.db #0x02	; 2
    00000638 02                    1652 	.db #0x02	; 2
    00000639 17                    1653 	.db #0x17	; 23
    0000063A 02                    1654 	.db #0x02	; 2
    0000063B 02                    1655 	.db #0x02	; 2
    0000063C 02                    1656 	.db #0x02	; 2
    0000063D 02                    1657 	.db #0x02	; 2
    0000063E 02                    1658 	.db #0x02	; 2
    0000063F 01                    1659 	.db #0x01	; 1
    00000640 01                    1660 	.db #0x01	; 1
    00000641 02                    1661 	.db #0x02	; 2
    00000642 02                    1662 	.db #0x02	; 2
    00000643 02                    1663 	.db #0x02	; 2
    00000644 02                    1664 	.db #0x02	; 2
    00000645 02                    1665 	.db #0x02	; 2
    00000646 02                    1666 	.db #0x02	; 2
    00000647 02                    1667 	.db #0x02	; 2
    00000648 02                    1668 	.db #0x02	; 2
    00000649 02                    1669 	.db #0x02	; 2
    0000064A 02                    1670 	.db #0x02	; 2
    0000064B 02                    1671 	.db #0x02	; 2
    0000064C 02                    1672 	.db #0x02	; 2
    0000064D 02                    1673 	.db #0x02	; 2
    0000064E 03                    1674 	.db #0x03	; 3
    0000064F 00                    1675 	.db #0x00	; 0
    00000650 00                    1676 	.db #0x00	; 0
    00000651 02                    1677 	.db #0x02	; 2
    00000652 02                    1678 	.db #0x02	; 2
    00000653 02                    1679 	.db #0x02	; 2
    00000654 02                    1680 	.db #0x02	; 2
    00000655 02                    1681 	.db #0x02	; 2
    00000656 02                    1682 	.db #0x02	; 2
    00000657 02                    1683 	.db #0x02	; 2
    00000658 02                    1684 	.db #0x02	; 2
    00000659 02                    1685 	.db #0x02	; 2
    0000065A 02                    1686 	.db #0x02	; 2
    0000065B 02                    1687 	.db #0x02	; 2
    0000065C 02                    1688 	.db #0x02	; 2
    0000065D 02                    1689 	.db #0x02	; 2
    0000065E 02                    1690 	.db #0x02	; 2
    0000065F 01                    1691 	.db #0x01	; 1
    00000660 01                    1692 	.db #0x01	; 1
    00000661 02                    1693 	.db #0x02	; 2
    00000662 02                    1694 	.db #0x02	; 2
    00000663 02                    1695 	.db #0x02	; 2
    00000664 03                    1696 	.db #0x03	; 3
    00000665 02                    1697 	.db #0x02	; 2
    00000666 02                    1698 	.db #0x02	; 2
    00000667 02                    1699 	.db #0x02	; 2
    00000668 02                    1700 	.db #0x02	; 2
    00000669 02                    1701 	.db #0x02	; 2
    0000066A 02                    1702 	.db #0x02	; 2
    0000066B 02                    1703 	.db #0x02	; 2
    0000066C 02                    1704 	.db #0x02	; 2
    0000066D 02                    1705 	.db #0x02	; 2
    0000066E 02                    1706 	.db #0x02	; 2
    0000066F 00                    1707 	.db #0x00	; 0
    00000670 00                    1708 	.db #0x00	; 0
    00000671 02                    1709 	.db #0x02	; 2
    00000672 02                    1710 	.db #0x02	; 2
    00000673 02                    1711 	.db #0x02	; 2
    00000674 02                    1712 	.db #0x02	; 2
    00000675 02                    1713 	.db #0x02	; 2
    00000676 02                    1714 	.db #0x02	; 2
    00000677 02                    1715 	.db #0x02	; 2
    00000678 02                    1716 	.db #0x02	; 2
    00000679 02                    1717 	.db #0x02	; 2
    0000067A 02                    1718 	.db #0x02	; 2
    0000067B 02                    1719 	.db #0x02	; 2
    0000067C 03                    1720 	.db #0x03	; 3
    0000067D 02                    1721 	.db #0x02	; 2
    0000067E 02                    1722 	.db #0x02	; 2
    0000067F 01                    1723 	.db #0x01	; 1
    00000680 01                    1724 	.db #0x01	; 1
    00000681 02                    1725 	.db #0x02	; 2
    00000682 02                    1726 	.db #0x02	; 2
    00000683 03                    1727 	.db #0x03	; 3
    00000684 17                    1728 	.db #0x17	; 23
    00000685 02                    1729 	.db #0x02	; 2
    00000686 02                    1730 	.db #0x02	; 2
    00000687 02                    1731 	.db #0x02	; 2
    00000688 02                    1732 	.db #0x02	; 2
    00000689 02                    1733 	.db #0x02	; 2
    0000068A 02                    1734 	.db #0x02	; 2
    0000068B 02                    1735 	.db #0x02	; 2
    0000068C 02                    1736 	.db #0x02	; 2
    0000068D 02                    1737 	.db #0x02	; 2
    0000068E 02                    1738 	.db #0x02	; 2
    0000068F 00                    1739 	.db #0x00	; 0
    00000690 00                    1740 	.db #0x00	; 0
    00000691 02                    1741 	.db #0x02	; 2
    00000692 02                    1742 	.db #0x02	; 2
    00000693 02                    1743 	.db #0x02	; 2
    00000694 02                    1744 	.db #0x02	; 2
    00000695 02                    1745 	.db #0x02	; 2
    00000696 02                    1746 	.db #0x02	; 2
    00000697 02                    1747 	.db #0x02	; 2
    00000698 02                    1748 	.db #0x02	; 2
    00000699 02                    1749 	.db #0x02	; 2
    0000069A 02                    1750 	.db #0x02	; 2
    0000069B 02                    1751 	.db #0x02	; 2
    0000069C 02                    1752 	.db #0x02	; 2
    0000069D 02                    1753 	.db #0x02	; 2
    0000069E 03                    1754 	.db #0x03	; 3
    0000069F 01                    1755 	.db #0x01	; 1
    000006A0 01                    1756 	.db #0x01	; 1
    000006A1 02                    1757 	.db #0x02	; 2
    000006A2 02                    1758 	.db #0x02	; 2
    000006A3 02                    1759 	.db #0x02	; 2
    000006A4 02                    1760 	.db #0x02	; 2
    000006A5 02                    1761 	.db #0x02	; 2
    000006A6 02                    1762 	.db #0x02	; 2
    000006A7 02                    1763 	.db #0x02	; 2
    000006A8 02                    1764 	.db #0x02	; 2
    000006A9 02                    1765 	.db #0x02	; 2
    000006AA 02                    1766 	.db #0x02	; 2
    000006AB 02                    1767 	.db #0x02	; 2
    000006AC 02                    1768 	.db #0x02	; 2
    000006AD 02                    1769 	.db #0x02	; 2
    000006AE 02                    1770 	.db #0x02	; 2
    000006AF 00                    1771 	.db #0x00	; 0
    000006B0 00                    1772 	.db #0x00	; 0
    000006B1 02                    1773 	.db #0x02	; 2
    000006B2 02                    1774 	.db #0x02	; 2
    000006B3 02                    1775 	.db #0x02	; 2
    000006B4 02                    1776 	.db #0x02	; 2
    000006B5 02                    1777 	.db #0x02	; 2
    000006B6 02                    1778 	.db #0x02	; 2
    000006B7 02                    1779 	.db #0x02	; 2
    000006B8 02                    1780 	.db #0x02	; 2
    000006B9 02                    1781 	.db #0x02	; 2
    000006BA 02                    1782 	.db #0x02	; 2
    000006BB 02                    1783 	.db #0x02	; 2
    000006BC 02                    1784 	.db #0x02	; 2
    000006BD 02                    1785 	.db #0x02	; 2
    000006BE 02                    1786 	.db #0x02	; 2
    000006BF 01                    1787 	.db #0x01	; 1
    000006C0 00                    1788 	.db #0x00	; 0
    000006C1 00                    1789 	.db #0x00	; 0
    000006C2 00                    1790 	.db #0x00	; 0
    000006C3 00                    1791 	.db #0x00	; 0
    000006C4 00                    1792 	.db #0x00	; 0
    000006C5 00                    1793 	.db #0x00	; 0
    000006C6 00                    1794 	.db #0x00	; 0
    000006C7 00                    1795 	.db #0x00	; 0
    000006C8 00                    1796 	.db #0x00	; 0
    000006C9 00                    1797 	.db #0x00	; 0
    000006CA 00                    1798 	.db #0x00	; 0
    000006CB 00                    1799 	.db #0x00	; 0
    000006CC 00                    1800 	.db #0x00	; 0
    000006CD 00                    1801 	.db #0x00	; 0
    000006CE 00                    1802 	.db #0x00	; 0
    000006CF 00                    1803 	.db #0x00	; 0
    000006D0 00                    1804 	.db #0x00	; 0
    000006D1 00                    1805 	.db #0x00	; 0
    000006D2 00                    1806 	.db #0x00	; 0
    000006D3 00                    1807 	.db #0x00	; 0
    000006D4 00                    1808 	.db #0x00	; 0
    000006D5 00                    1809 	.db #0x00	; 0
    000006D6 00                    1810 	.db #0x00	; 0
    000006D7 00                    1811 	.db #0x00	; 0
    000006D8 00                    1812 	.db #0x00	; 0
    000006D9 00                    1813 	.db #0x00	; 0
    000006DA 00                    1814 	.db #0x00	; 0
    000006DB 00                    1815 	.db #0x00	; 0
    000006DC 00                    1816 	.db #0x00	; 0
    000006DD 00                    1817 	.db #0x00	; 0
    000006DE 00                    1818 	.db #0x00	; 0
    000006DF 00                    1819 	.db #0x00	; 0
    000006E0 00                    1820 	.db #0x00	; 0
    000006E1 00                    1821 	.db #0x00	; 0
    000006E2 00                    1822 	.db #0x00	; 0
    000006E3 00                    1823 	.db #0x00	; 0
    000006E4 00                    1824 	.db #0x00	; 0
    000006E5 00                    1825 	.db #0x00	; 0
    000006E6 00                    1826 	.db #0x00	; 0
    000006E7 00                    1827 	.db #0x00	; 0
    000006E8 00                    1828 	.db #0x00	; 0
    000006E9 00                    1829 	.db #0x00	; 0
    000006EA 00                    1830 	.db #0x00	; 0
    000006EB 00                    1831 	.db #0x00	; 0
    000006EC 00                    1832 	.db #0x00	; 0
    000006ED 00                    1833 	.db #0x00	; 0
    000006EE 00                    1834 	.db #0x00	; 0
    000006EF 00                    1835 	.db #0x00	; 0
    000006F0 00                    1836 	.db #0x00	; 0
    000006F1 00                    1837 	.db #0x00	; 0
    000006F2 00                    1838 	.db #0x00	; 0
    000006F3 00                    1839 	.db #0x00	; 0
    000006F4 00                    1840 	.db #0x00	; 0
    000006F5 00                    1841 	.db #0x00	; 0
    000006F6 00                    1842 	.db #0x00	; 0
    000006F7 00                    1843 	.db #0x00	; 0
    000006F8 00                    1844 	.db #0x00	; 0
    000006F9 00                    1845 	.db #0x00	; 0
    000006FA 00                    1846 	.db #0x00	; 0
    000006FB 00                    1847 	.db #0x00	; 0
    000006FC 00                    1848 	.db #0x00	; 0
    000006FD 00                    1849 	.db #0x00	; 0
    000006FE 00                    1850 	.db #0x00	; 0
    000006FF 00                    1851 	.db #0x00	; 0
    00000700 01                    1852 	.db #0x01	; 1
    00000701 02                    1853 	.db #0x02	; 2
    00000702 02                    1854 	.db #0x02	; 2
    00000703 02                    1855 	.db #0x02	; 2
    00000704 02                    1856 	.db #0x02	; 2
    00000705 02                    1857 	.db #0x02	; 2
    00000706 02                    1858 	.db #0x02	; 2
    00000707 02                    1859 	.db #0x02	; 2
    00000708 02                    1860 	.db #0x02	; 2
    00000709 02                    1861 	.db #0x02	; 2
    0000070A 02                    1862 	.db #0x02	; 2
    0000070B 02                    1863 	.db #0x02	; 2
    0000070C 02                    1864 	.db #0x02	; 2
    0000070D 02                    1865 	.db #0x02	; 2
    0000070E 02                    1866 	.db #0x02	; 2
    0000070F 00                    1867 	.db #0x00	; 0
    00000710 00                    1868 	.db #0x00	; 0
    00000711 02                    1869 	.db #0x02	; 2
    00000712 02                    1870 	.db #0x02	; 2
    00000713 02                    1871 	.db #0x02	; 2
    00000714 02                    1872 	.db #0x02	; 2
    00000715 02                    1873 	.db #0x02	; 2
    00000716 02                    1874 	.db #0x02	; 2
    00000717 02                    1875 	.db #0x02	; 2
    00000718 02                    1876 	.db #0x02	; 2
    00000719 02                    1877 	.db #0x02	; 2
    0000071A 02                    1878 	.db #0x02	; 2
    0000071B 02                    1879 	.db #0x02	; 2
    0000071C 02                    1880 	.db #0x02	; 2
    0000071D 02                    1881 	.db #0x02	; 2
    0000071E 02                    1882 	.db #0x02	; 2
    0000071F 01                    1883 	.db #0x01	; 1
    00000720 01                    1884 	.db #0x01	; 1
    00000721 02                    1885 	.db #0x02	; 2
    00000722 02                    1886 	.db #0x02	; 2
    00000723 03                    1887 	.db #0x03	; 3
    00000724 02                    1888 	.db #0x02	; 2
    00000725 02                    1889 	.db #0x02	; 2
    00000726 02                    1890 	.db #0x02	; 2
    00000727 02                    1891 	.db #0x02	; 2
    00000728 02                    1892 	.db #0x02	; 2
    00000729 04                    1893 	.db #0x04	; 4
    0000072A 05                    1894 	.db #0x05	; 5
    0000072B 02                    1895 	.db #0x02	; 2
    0000072C 02                    1896 	.db #0x02	; 2
    0000072D 02                    1897 	.db #0x02	; 2
    0000072E 02                    1898 	.db #0x02	; 2
    0000072F 00                    1899 	.db #0x00	; 0
    00000730 00                    1900 	.db #0x00	; 0
    00000731 02                    1901 	.db #0x02	; 2
    00000732 02                    1902 	.db #0x02	; 2
    00000733 02                    1903 	.db #0x02	; 2
    00000734 02                    1904 	.db #0x02	; 2
    00000735 02                    1905 	.db #0x02	; 2
    00000736 02                    1906 	.db #0x02	; 2
    00000737 02                    1907 	.db #0x02	; 2
    00000738 02                    1908 	.db #0x02	; 2
    00000739 02                    1909 	.db #0x02	; 2
    0000073A 02                    1910 	.db #0x02	; 2
    0000073B 02                    1911 	.db #0x02	; 2
    0000073C 02                    1912 	.db #0x02	; 2
    0000073D 02                    1913 	.db #0x02	; 2
    0000073E 02                    1914 	.db #0x02	; 2
    0000073F 01                    1915 	.db #0x01	; 1
    00000740 01                    1916 	.db #0x01	; 1
    00000741 02                    1917 	.db #0x02	; 2
    00000742 02                    1918 	.db #0x02	; 2
    00000743 02                    1919 	.db #0x02	; 2
    00000744 02                    1920 	.db #0x02	; 2
    00000745 02                    1921 	.db #0x02	; 2
    00000746 02                    1922 	.db #0x02	; 2
    00000747 02                    1923 	.db #0x02	; 2
    00000748 02                    1924 	.db #0x02	; 2
    00000749 06                    1925 	.db #0x06	; 6
    0000074A 0C                    1926 	.db #0x0c	; 12
    0000074B 02                    1927 	.db #0x02	; 2
    0000074C 17                    1928 	.db #0x17	; 23
    0000074D 02                    1929 	.db #0x02	; 2
    0000074E 02                    1930 	.db #0x02	; 2
    0000074F 00                    1931 	.db #0x00	; 0
    00000750 00                    1932 	.db #0x00	; 0
    00000751 02                    1933 	.db #0x02	; 2
    00000752 02                    1934 	.db #0x02	; 2
    00000753 02                    1935 	.db #0x02	; 2
    00000754 02                    1936 	.db #0x02	; 2
    00000755 02                    1937 	.db #0x02	; 2
    00000756 02                    1938 	.db #0x02	; 2
    00000757 02                    1939 	.db #0x02	; 2
    00000758 04                    1940 	.db #0x04	; 4
    00000759 05                    1941 	.db #0x05	; 5
    0000075A 02                    1942 	.db #0x02	; 2
    0000075B 02                    1943 	.db #0x02	; 2
    0000075C 02                    1944 	.db #0x02	; 2
    0000075D 02                    1945 	.db #0x02	; 2
    0000075E 02                    1946 	.db #0x02	; 2
    0000075F 01                    1947 	.db #0x01	; 1
    00000760 01                    1948 	.db #0x01	; 1
    00000761 02                    1949 	.db #0x02	; 2
    00000762 02                    1950 	.db #0x02	; 2
    00000763 02                    1951 	.db #0x02	; 2
    00000764 02                    1952 	.db #0x02	; 2
    00000765 02                    1953 	.db #0x02	; 2
    00000766 02                    1954 	.db #0x02	; 2
    00000767 02                    1955 	.db #0x02	; 2
    00000768 02                    1956 	.db #0x02	; 2
    00000769 02                    1957 	.db #0x02	; 2
    0000076A 02                    1958 	.db #0x02	; 2
    0000076B 02                    1959 	.db #0x02	; 2
    0000076C 02                    1960 	.db #0x02	; 2
    0000076D 02                    1961 	.db #0x02	; 2
    0000076E 02                    1962 	.db #0x02	; 2
    0000076F 00                    1963 	.db #0x00	; 0
    00000770 00                    1964 	.db #0x00	; 0
    00000771 02                    1965 	.db #0x02	; 2
    00000772 02                    1966 	.db #0x02	; 2
    00000773 02                    1967 	.db #0x02	; 2
    00000774 02                    1968 	.db #0x02	; 2
    00000775 17                    1969 	.db #0x17	; 23
    00000776 02                    1970 	.db #0x02	; 2
    00000777 02                    1971 	.db #0x02	; 2
    00000778 06                    1972 	.db #0x06	; 6
    00000779 0C                    1973 	.db #0x0c	; 12
    0000077A 02                    1974 	.db #0x02	; 2
    0000077B 02                    1975 	.db #0x02	; 2
    0000077C 02                    1976 	.db #0x02	; 2
    0000077D 02                    1977 	.db #0x02	; 2
    0000077E 02                    1978 	.db #0x02	; 2
    0000077F 01                    1979 	.db #0x01	; 1
    00000780 01                    1980 	.db #0x01	; 1
    00000781 02                    1981 	.db #0x02	; 2
    00000782 02                    1982 	.db #0x02	; 2
    00000783 02                    1983 	.db #0x02	; 2
    00000784 02                    1984 	.db #0x02	; 2
    00000785 02                    1985 	.db #0x02	; 2
    00000786 02                    1986 	.db #0x02	; 2
    00000787 02                    1987 	.db #0x02	; 2
    00000788 02                    1988 	.db #0x02	; 2
    00000789 02                    1989 	.db #0x02	; 2
    0000078A 02                    1990 	.db #0x02	; 2
    0000078B 02                    1991 	.db #0x02	; 2
    0000078C 02                    1992 	.db #0x02	; 2
    0000078D 02                    1993 	.db #0x02	; 2
    0000078E 02                    1994 	.db #0x02	; 2
    0000078F 00                    1995 	.db #0x00	; 0
    00000790 00                    1996 	.db #0x00	; 0
    00000791 02                    1997 	.db #0x02	; 2
    00000792 02                    1998 	.db #0x02	; 2
    00000793 02                    1999 	.db #0x02	; 2
    00000794 02                    2000 	.db #0x02	; 2
    00000795 02                    2001 	.db #0x02	; 2
    00000796 02                    2002 	.db #0x02	; 2
    00000797 02                    2003 	.db #0x02	; 2
    00000798 02                    2004 	.db #0x02	; 2
    00000799 02                    2005 	.db #0x02	; 2
    0000079A 02                    2006 	.db #0x02	; 2
    0000079B 02                    2007 	.db #0x02	; 2
    0000079C 02                    2008 	.db #0x02	; 2
    0000079D 02                    2009 	.db #0x02	; 2
    0000079E 02                    2010 	.db #0x02	; 2
    0000079F 01                    2011 	.db #0x01	; 1
    000007A0 01                    2012 	.db #0x01	; 1
    000007A1 02                    2013 	.db #0x02	; 2
    000007A2 02                    2014 	.db #0x02	; 2
    000007A3 02                    2015 	.db #0x02	; 2
    000007A4 09                    2016 	.db #0x09	; 9
    000007A5 07                    2017 	.db #0x07	; 7
    000007A6 08                    2018 	.db #0x08	; 8
    000007A7 0A                    2019 	.db #0x0a	; 10
    000007A8 02                    2020 	.db #0x02	; 2
    000007A9 02                    2021 	.db #0x02	; 2
    000007AA 02                    2022 	.db #0x02	; 2
    000007AB 02                    2023 	.db #0x02	; 2
    000007AC 02                    2024 	.db #0x02	; 2
    000007AD 02                    2025 	.db #0x02	; 2
    000007AE 02                    2026 	.db #0x02	; 2
    000007AF 00                    2027 	.db #0x00	; 0
    000007B0 00                    2028 	.db #0x00	; 0
    000007B1 02                    2029 	.db #0x02	; 2
    000007B2 02                    2030 	.db #0x02	; 2
    000007B3 02                    2031 	.db #0x02	; 2
    000007B4 02                    2032 	.db #0x02	; 2
    000007B5 02                    2033 	.db #0x02	; 2
    000007B6 09                    2034 	.db #0x09	; 9
    000007B7 07                    2035 	.db #0x07	; 7
    000007B8 08                    2036 	.db #0x08	; 8
    000007B9 0A                    2037 	.db #0x0a	; 10
    000007BA 02                    2038 	.db #0x02	; 2
    000007BB 02                    2039 	.db #0x02	; 2
    000007BC 02                    2040 	.db #0x02	; 2
    000007BD 02                    2041 	.db #0x02	; 2
    000007BE 02                    2042 	.db #0x02	; 2
    000007BF 01                    2043 	.db #0x01	; 1
    000007C0 01                    2044 	.db #0x01	; 1
    000007C1 02                    2045 	.db #0x02	; 2
    000007C2 02                    2046 	.db #0x02	; 2
    000007C3 02                    2047 	.db #0x02	; 2
    000007C4 0B                    2048 	.db #0x0b	; 11
    000007C5 0E                    2049 	.db #0x0e	; 14
    000007C6 0F                    2050 	.db #0x0f	; 15
    000007C7 0D                    2051 	.db #0x0d	; 13
    000007C8 02                    2052 	.db #0x02	; 2
    000007C9 02                    2053 	.db #0x02	; 2
    000007CA 02                    2054 	.db #0x02	; 2
    000007CB 02                    2055 	.db #0x02	; 2
    000007CC 02                    2056 	.db #0x02	; 2
    000007CD 02                    2057 	.db #0x02	; 2
    000007CE 02                    2058 	.db #0x02	; 2
    000007CF 00                    2059 	.db #0x00	; 0
    000007D0 00                    2060 	.db #0x00	; 0
    000007D1 02                    2061 	.db #0x02	; 2
    000007D2 02                    2062 	.db #0x02	; 2
    000007D3 02                    2063 	.db #0x02	; 2
    000007D4 02                    2064 	.db #0x02	; 2
    000007D5 02                    2065 	.db #0x02	; 2
    000007D6 0B                    2066 	.db #0x0b	; 11
    000007D7 0E                    2067 	.db #0x0e	; 14
    000007D8 0F                    2068 	.db #0x0f	; 15
    000007D9 0D                    2069 	.db #0x0d	; 13
    000007DA 02                    2070 	.db #0x02	; 2
    000007DB 02                    2071 	.db #0x02	; 2
    000007DC 02                    2072 	.db #0x02	; 2
    000007DD 02                    2073 	.db #0x02	; 2
    000007DE 02                    2074 	.db #0x02	; 2
    000007DF 01                    2075 	.db #0x01	; 1
    000007E0 01                    2076 	.db #0x01	; 1
    000007E1 02                    2077 	.db #0x02	; 2
    000007E2 02                    2078 	.db #0x02	; 2
    000007E3 02                    2079 	.db #0x02	; 2
    000007E4 10                    2080 	.db #0x10	; 16
    000007E5 11                    2081 	.db #0x11	; 17
    000007E6 13                    2082 	.db #0x13	; 19
    000007E7 12                    2083 	.db #0x12	; 18
    000007E8 02                    2084 	.db #0x02	; 2
    000007E9 02                    2085 	.db #0x02	; 2
    000007EA 02                    2086 	.db #0x02	; 2
    000007EB 02                    2087 	.db #0x02	; 2
    000007EC 02                    2088 	.db #0x02	; 2
    000007ED 02                    2089 	.db #0x02	; 2
    000007EE 02                    2090 	.db #0x02	; 2
    000007EF 00                    2091 	.db #0x00	; 0
    000007F0 00                    2092 	.db #0x00	; 0
    000007F1 02                    2093 	.db #0x02	; 2
    000007F2 02                    2094 	.db #0x02	; 2
    000007F3 02                    2095 	.db #0x02	; 2
    000007F4 02                    2096 	.db #0x02	; 2
    000007F5 02                    2097 	.db #0x02	; 2
    000007F6 10                    2098 	.db #0x10	; 16
    000007F7 11                    2099 	.db #0x11	; 17
    000007F8 13                    2100 	.db #0x13	; 19
    000007F9 12                    2101 	.db #0x12	; 18
    000007FA 02                    2102 	.db #0x02	; 2
    000007FB 02                    2103 	.db #0x02	; 2
    000007FC 02                    2104 	.db #0x02	; 2
    000007FD 02                    2105 	.db #0x02	; 2
    000007FE 02                    2106 	.db #0x02	; 2
    000007FF 01                    2107 	.db #0x01	; 1
    00000800 01                    2108 	.db #0x01	; 1
    00000801 02                    2109 	.db #0x02	; 2
    00000802 04                    2110 	.db #0x04	; 4
    00000803 05                    2111 	.db #0x05	; 5
    00000804 14                    2112 	.db #0x14	; 20
    00000805 15                    2113 	.db #0x15	; 21
    00000806 16                    2114 	.db #0x16	; 22
    00000807 18                    2115 	.db #0x18	; 24
    00000808 00                    2116 	.db #0x00	; 0
    00000809 00                    2117 	.db #0x00	; 0
    0000080A 00                    2118 	.db #0x00	; 0
    0000080B 00                    2119 	.db #0x00	; 0
    0000080C 00                    2120 	.db #0x00	; 0
    0000080D 00                    2121 	.db #0x00	; 0
    0000080E 00                    2122 	.db #0x00	; 0
    0000080F 00                    2123 	.db #0x00	; 0
    00000810 00                    2124 	.db #0x00	; 0
    00000811 00                    2125 	.db #0x00	; 0
    00000812 00                    2126 	.db #0x00	; 0
    00000813 00                    2127 	.db #0x00	; 0
    00000814 00                    2128 	.db #0x00	; 0
    00000815 00                    2129 	.db #0x00	; 0
    00000816 14                    2130 	.db #0x14	; 20
    00000817 15                    2131 	.db #0x15	; 21
    00000818 16                    2132 	.db #0x16	; 22
    00000819 18                    2133 	.db #0x18	; 24
    0000081A 02                    2134 	.db #0x02	; 2
    0000081B 02                    2135 	.db #0x02	; 2
    0000081C 02                    2136 	.db #0x02	; 2
    0000081D 02                    2137 	.db #0x02	; 2
    0000081E 02                    2138 	.db #0x02	; 2
    0000081F 01                    2139 	.db #0x01	; 1
    00000820 01                    2140 	.db #0x01	; 1
    00000821 02                    2141 	.db #0x02	; 2
    00000822 06                    2142 	.db #0x06	; 6
    00000823 0C                    2143 	.db #0x0c	; 12
    00000824 02                    2144 	.db #0x02	; 2
    00000825 02                    2145 	.db #0x02	; 2
    00000826 02                    2146 	.db #0x02	; 2
    00000827 02                    2147 	.db #0x02	; 2
    00000828 02                    2148 	.db #0x02	; 2
    00000829 03                    2149 	.db #0x03	; 3
    0000082A 02                    2150 	.db #0x02	; 2
    0000082B 02                    2151 	.db #0x02	; 2
    0000082C 02                    2152 	.db #0x02	; 2
    0000082D 02                    2153 	.db #0x02	; 2
    0000082E 02                    2154 	.db #0x02	; 2
    0000082F 00                    2155 	.db #0x00	; 0
    00000830 00                    2156 	.db #0x00	; 0
    00000831 02                    2157 	.db #0x02	; 2
    00000832 02                    2158 	.db #0x02	; 2
    00000833 02                    2159 	.db #0x02	; 2
    00000834 02                    2160 	.db #0x02	; 2
    00000835 02                    2161 	.db #0x02	; 2
    00000836 02                    2162 	.db #0x02	; 2
    00000837 02                    2163 	.db #0x02	; 2
    00000838 02                    2164 	.db #0x02	; 2
    00000839 03                    2165 	.db #0x03	; 3
    0000083A 02                    2166 	.db #0x02	; 2
    0000083B 02                    2167 	.db #0x02	; 2
    0000083C 02                    2168 	.db #0x02	; 2
    0000083D 02                    2169 	.db #0x02	; 2
    0000083E 02                    2170 	.db #0x02	; 2
    0000083F 01                    2171 	.db #0x01	; 1
    00000840 01                    2172 	.db #0x01	; 1
    00000841 02                    2173 	.db #0x02	; 2
    00000842 02                    2174 	.db #0x02	; 2
    00000843 02                    2175 	.db #0x02	; 2
    00000844 02                    2176 	.db #0x02	; 2
    00000845 02                    2177 	.db #0x02	; 2
    00000846 02                    2178 	.db #0x02	; 2
    00000847 02                    2179 	.db #0x02	; 2
    00000848 02                    2180 	.db #0x02	; 2
    00000849 02                    2181 	.db #0x02	; 2
    0000084A 03                    2182 	.db #0x03	; 3
    0000084B 02                    2183 	.db #0x02	; 2
    0000084C 02                    2184 	.db #0x02	; 2
    0000084D 02                    2185 	.db #0x02	; 2
    0000084E 02                    2186 	.db #0x02	; 2
    0000084F 00                    2187 	.db #0x00	; 0
    00000850 00                    2188 	.db #0x00	; 0
    00000851 02                    2189 	.db #0x02	; 2
    00000852 02                    2190 	.db #0x02	; 2
    00000853 02                    2191 	.db #0x02	; 2
    00000854 02                    2192 	.db #0x02	; 2
    00000855 02                    2193 	.db #0x02	; 2
    00000856 02                    2194 	.db #0x02	; 2
    00000857 02                    2195 	.db #0x02	; 2
    00000858 02                    2196 	.db #0x02	; 2
    00000859 02                    2197 	.db #0x02	; 2
    0000085A 02                    2198 	.db #0x02	; 2
    0000085B 02                    2199 	.db #0x02	; 2
    0000085C 02                    2200 	.db #0x02	; 2
    0000085D 02                    2201 	.db #0x02	; 2
    0000085E 02                    2202 	.db #0x02	; 2
    0000085F 01                    2203 	.db #0x01	; 1
    00000860 01                    2204 	.db #0x01	; 1
    00000861 02                    2205 	.db #0x02	; 2
    00000862 02                    2206 	.db #0x02	; 2
    00000863 17                    2207 	.db #0x17	; 23
    00000864 02                    2208 	.db #0x02	; 2
    00000865 02                    2209 	.db #0x02	; 2
    00000866 02                    2210 	.db #0x02	; 2
    00000867 02                    2211 	.db #0x02	; 2
    00000868 17                    2212 	.db #0x17	; 23
    00000869 02                    2213 	.db #0x02	; 2
    0000086A 02                    2214 	.db #0x02	; 2
    0000086B 02                    2215 	.db #0x02	; 2
    0000086C 02                    2216 	.db #0x02	; 2
    0000086D 02                    2217 	.db #0x02	; 2
    0000086E 02                    2218 	.db #0x02	; 2
    0000086F 00                    2219 	.db #0x00	; 0
    00000870 00                    2220 	.db #0x00	; 0
    00000871 02                    2221 	.db #0x02	; 2
    00000872 02                    2222 	.db #0x02	; 2
    00000873 02                    2223 	.db #0x02	; 2
    00000874 02                    2224 	.db #0x02	; 2
    00000875 02                    2225 	.db #0x02	; 2
    00000876 02                    2226 	.db #0x02	; 2
    00000877 02                    2227 	.db #0x02	; 2
    00000878 02                    2228 	.db #0x02	; 2
    00000879 02                    2229 	.db #0x02	; 2
    0000087A 02                    2230 	.db #0x02	; 2
    0000087B 02                    2231 	.db #0x02	; 2
    0000087C 02                    2232 	.db #0x02	; 2
    0000087D 17                    2233 	.db #0x17	; 23
    0000087E 02                    2234 	.db #0x02	; 2
    0000087F 01                    2235 	.db #0x01	; 1
    00000880 01                    2236 	.db #0x01	; 1
    00000881 02                    2237 	.db #0x02	; 2
    00000882 02                    2238 	.db #0x02	; 2
    00000883 02                    2239 	.db #0x02	; 2
    00000884 02                    2240 	.db #0x02	; 2
    00000885 02                    2241 	.db #0x02	; 2
    00000886 02                    2242 	.db #0x02	; 2
    00000887 02                    2243 	.db #0x02	; 2
    00000888 02                    2244 	.db #0x02	; 2
    00000889 02                    2245 	.db #0x02	; 2
    0000088A 02                    2246 	.db #0x02	; 2
    0000088B 02                    2247 	.db #0x02	; 2
    0000088C 02                    2248 	.db #0x02	; 2
    0000088D 02                    2249 	.db #0x02	; 2
    0000088E 02                    2250 	.db #0x02	; 2
    0000088F 00                    2251 	.db #0x00	; 0
    00000890 00                    2252 	.db #0x00	; 0
    00000891 02                    2253 	.db #0x02	; 2
    00000892 02                    2254 	.db #0x02	; 2
    00000893 02                    2255 	.db #0x02	; 2
    00000894 02                    2256 	.db #0x02	; 2
    00000895 02                    2257 	.db #0x02	; 2
    00000896 02                    2258 	.db #0x02	; 2
    00000897 02                    2259 	.db #0x02	; 2
    00000898 02                    2260 	.db #0x02	; 2
    00000899 02                    2261 	.db #0x02	; 2
    0000089A 02                    2262 	.db #0x02	; 2
    0000089B 02                    2263 	.db #0x02	; 2
    0000089C 02                    2264 	.db #0x02	; 2
    0000089D 02                    2265 	.db #0x02	; 2
    0000089E 02                    2266 	.db #0x02	; 2
    0000089F 01                    2267 	.db #0x01	; 1
    000008A0 01                    2268 	.db #0x01	; 1
    000008A1 02                    2269 	.db #0x02	; 2
    000008A2 02                    2270 	.db #0x02	; 2
    000008A3 02                    2271 	.db #0x02	; 2
    000008A4 02                    2272 	.db #0x02	; 2
    000008A5 02                    2273 	.db #0x02	; 2
    000008A6 02                    2274 	.db #0x02	; 2
    000008A7 02                    2275 	.db #0x02	; 2
    000008A8 02                    2276 	.db #0x02	; 2
    000008A9 02                    2277 	.db #0x02	; 2
    000008AA 02                    2278 	.db #0x02	; 2
    000008AB 02                    2279 	.db #0x02	; 2
    000008AC 02                    2280 	.db #0x02	; 2
    000008AD 02                    2281 	.db #0x02	; 2
    000008AE 02                    2282 	.db #0x02	; 2
    000008AF 00                    2283 	.db #0x00	; 0
    000008B0 00                    2284 	.db #0x00	; 0
    000008B1 02                    2285 	.db #0x02	; 2
    000008B2 02                    2286 	.db #0x02	; 2
    000008B3 02                    2287 	.db #0x02	; 2
    000008B4 02                    2288 	.db #0x02	; 2
    000008B5 02                    2289 	.db #0x02	; 2
    000008B6 02                    2290 	.db #0x02	; 2
    000008B7 02                    2291 	.db #0x02	; 2
    000008B8 02                    2292 	.db #0x02	; 2
    000008B9 02                    2293 	.db #0x02	; 2
    000008BA 02                    2294 	.db #0x02	; 2
    000008BB 02                    2295 	.db #0x02	; 2
    000008BC 02                    2296 	.db #0x02	; 2
    000008BD 02                    2297 	.db #0x02	; 2
    000008BE 02                    2298 	.db #0x02	; 2
    000008BF 01                    2299 	.db #0x01	; 1
    000008C0 01                    2300 	.db #0x01	; 1
    000008C1 01                    2301 	.db #0x01	; 1
    000008C2 01                    2302 	.db #0x01	; 1
    000008C3 01                    2303 	.db #0x01	; 1
    000008C4 01                    2304 	.db #0x01	; 1
    000008C5 01                    2305 	.db #0x01	; 1
    000008C6 01                    2306 	.db #0x01	; 1
    000008C7 01                    2307 	.db #0x01	; 1
    000008C8 01                    2308 	.db #0x01	; 1
    000008C9 01                    2309 	.db #0x01	; 1
    000008CA 01                    2310 	.db #0x01	; 1
    000008CB 01                    2311 	.db #0x01	; 1
    000008CC 01                    2312 	.db #0x01	; 1
    000008CD 01                    2313 	.db #0x01	; 1
    000008CE 01                    2314 	.db #0x01	; 1
    000008CF 00                    2315 	.db #0x00	; 0
    000008D0 00                    2316 	.db #0x00	; 0
    000008D1 01                    2317 	.db #0x01	; 1
    000008D2 01                    2318 	.db #0x01	; 1
    000008D3 01                    2319 	.db #0x01	; 1
    000008D4 01                    2320 	.db #0x01	; 1
    000008D5 01                    2321 	.db #0x01	; 1
    000008D6 01                    2322 	.db #0x01	; 1
    000008D7 01                    2323 	.db #0x01	; 1
    000008D8 01                    2324 	.db #0x01	; 1
    000008D9 01                    2325 	.db #0x01	; 1
    000008DA 01                    2326 	.db #0x01	; 1
    000008DB 01                    2327 	.db #0x01	; 1
    000008DC 01                    2328 	.db #0x01	; 1
    000008DD 01                    2329 	.db #0x01	; 1
    000008DE 01                    2330 	.db #0x01	; 1
    000008DF 01                    2331 	.db #0x01	; 1
    000008E0                       2332 _house_map:
    000008E0 1A                    2333 	.db #0x1a	; 26
    000008E1 1A                    2334 	.db #0x1a	; 26
    000008E2 1A                    2335 	.db #0x1a	; 26
    000008E3 1A                    2336 	.db #0x1a	; 26
    000008E4 1A                    2337 	.db #0x1a	; 26
    000008E5 1A                    2338 	.db #0x1a	; 26
    000008E6 1A                    2339 	.db #0x1a	; 26
    000008E7 1A                    2340 	.db #0x1a	; 26
    000008E8 1A                    2341 	.db #0x1a	; 26
    000008E9 1A                    2342 	.db #0x1a	; 26
    000008EA 1A                    2343 	.db #0x1a	; 26
    000008EB 1A                    2344 	.db #0x1a	; 26
    000008EC 1A                    2345 	.db #0x1a	; 26
    000008ED 1A                    2346 	.db #0x1a	; 26
    000008EE 1A                    2347 	.db #0x1a	; 26
    000008EF 1A                    2348 	.db #0x1a	; 26
    000008F0 1A                    2349 	.db #0x1a	; 26
    000008F1 1A                    2350 	.db #0x1a	; 26
    000008F2 1A                    2351 	.db #0x1a	; 26
    000008F3 1A                    2352 	.db #0x1a	; 26
    000008F4 1A                    2353 	.db #0x1a	; 26
    000008F5 19                    2354 	.db #0x19	; 25
    000008F6 19                    2355 	.db #0x19	; 25
    000008F7 19                    2356 	.db #0x19	; 25
    000008F8 19                    2357 	.db #0x19	; 25
    000008F9 19                    2358 	.db #0x19	; 25
    000008FA 19                    2359 	.db #0x19	; 25
    000008FB 19                    2360 	.db #0x19	; 25
    000008FC 19                    2361 	.db #0x19	; 25
    000008FD 1F                    2362 	.db #0x1f	; 31
    000008FE 20                    2363 	.db #0x20	; 32
    000008FF 19                    2364 	.db #0x19	; 25
    00000900 19                    2365 	.db #0x19	; 25
    00000901 19                    2366 	.db #0x19	; 25
    00000902 19                    2367 	.db #0x19	; 25
    00000903 19                    2368 	.db #0x19	; 25
    00000904 19                    2369 	.db #0x19	; 25
    00000905 19                    2370 	.db #0x19	; 25
    00000906 19                    2371 	.db #0x19	; 25
    00000907 1A                    2372 	.db #0x1a	; 26
    00000908 1A                    2373 	.db #0x1a	; 26
    00000909 19                    2374 	.db #0x19	; 25
    0000090A 1B                    2375 	.db #0x1b	; 27
    0000090B 1C                    2376 	.db #0x1c	; 28
    0000090C 19                    2377 	.db #0x19	; 25
    0000090D 19                    2378 	.db #0x19	; 25
    0000090E 19                    2379 	.db #0x19	; 25
    0000090F 19                    2380 	.db #0x19	; 25
    00000910 19                    2381 	.db #0x19	; 25
    00000911 21                    2382 	.db #0x21	; 33
    00000912 22                    2383 	.db #0x22	; 34
    00000913 19                    2384 	.db #0x19	; 25
    00000914 19                    2385 	.db #0x19	; 25
    00000915 19                    2386 	.db #0x19	; 25
    00000916 19                    2387 	.db #0x19	; 25
    00000917 19                    2388 	.db #0x19	; 25
    00000918 1B                    2389 	.db #0x1b	; 27
    00000919 1C                    2390 	.db #0x1c	; 28
    0000091A 19                    2391 	.db #0x19	; 25
    0000091B 1A                    2392 	.db #0x1a	; 26
    0000091C 1A                    2393 	.db #0x1a	; 26
    0000091D 19                    2394 	.db #0x19	; 25
    0000091E 1D                    2395 	.db #0x1d	; 29
    0000091F 1E                    2396 	.db #0x1e	; 30
    00000920 19                    2397 	.db #0x19	; 25
    00000921 19                    2398 	.db #0x19	; 25
    00000922 19                    2399 	.db #0x19	; 25
    00000923 19                    2400 	.db #0x19	; 25
    00000924 19                    2401 	.db #0x19	; 25
    00000925 19                    2402 	.db #0x19	; 25
    00000926 19                    2403 	.db #0x19	; 25
    00000927 19                    2404 	.db #0x19	; 25
    00000928 19                    2405 	.db #0x19	; 25
    00000929 19                    2406 	.db #0x19	; 25
    0000092A 19                    2407 	.db #0x19	; 25
    0000092B 19                    2408 	.db #0x19	; 25
    0000092C 1D                    2409 	.db #0x1d	; 29
    0000092D 1E                    2410 	.db #0x1e	; 30
    0000092E 19                    2411 	.db #0x19	; 25
    0000092F 1A                    2412 	.db #0x1a	; 26
    00000930 1A                    2413 	.db #0x1a	; 26
    00000931 19                    2414 	.db #0x19	; 25
    00000932 19                    2415 	.db #0x19	; 25
    00000933 19                    2416 	.db #0x19	; 25
    00000934 19                    2417 	.db #0x19	; 25
    00000935 19                    2418 	.db #0x19	; 25
    00000936 19                    2419 	.db #0x19	; 25
    00000937 19                    2420 	.db #0x19	; 25
    00000938 19                    2421 	.db #0x19	; 25
    00000939 19                    2422 	.db #0x19	; 25
    0000093A 19                    2423 	.db #0x19	; 25
    0000093B 19                    2424 	.db #0x19	; 25
    0000093C 19                    2425 	.db #0x19	; 25
    0000093D 19                    2426 	.db #0x19	; 25
    0000093E 19                    2427 	.db #0x19	; 25
    0000093F 19                    2428 	.db #0x19	; 25
    00000940 19                    2429 	.db #0x19	; 25
    00000941 19                    2430 	.db #0x19	; 25
    00000942 19                    2431 	.db #0x19	; 25
    00000943 1A                    2432 	.db #0x1a	; 26
    00000944 1A                    2433 	.db #0x1a	; 26
    00000945 19                    2434 	.db #0x19	; 25
    00000946 19                    2435 	.db #0x19	; 25
    00000947 19                    2436 	.db #0x19	; 25
    00000948 19                    2437 	.db #0x19	; 25
    00000949 19                    2438 	.db #0x19	; 25
    0000094A 19                    2439 	.db #0x19	; 25
    0000094B 19                    2440 	.db #0x19	; 25
    0000094C 19                    2441 	.db #0x19	; 25
    0000094D 19                    2442 	.db #0x19	; 25
    0000094E 19                    2443 	.db #0x19	; 25
    0000094F 19                    2444 	.db #0x19	; 25
    00000950 19                    2445 	.db #0x19	; 25
    00000951 19                    2446 	.db #0x19	; 25
    00000952 19                    2447 	.db #0x19	; 25
    00000953 19                    2448 	.db #0x19	; 25
    00000954 19                    2449 	.db #0x19	; 25
    00000955 19                    2450 	.db #0x19	; 25
    00000956 19                    2451 	.db #0x19	; 25
    00000957 1A                    2452 	.db #0x1a	; 26
    00000958 1A                    2453 	.db #0x1a	; 26
    00000959 19                    2454 	.db #0x19	; 25
    0000095A 19                    2455 	.db #0x19	; 25
    0000095B 19                    2456 	.db #0x19	; 25
    0000095C 19                    2457 	.db #0x19	; 25
    0000095D 19                    2458 	.db #0x19	; 25
    0000095E 19                    2459 	.db #0x19	; 25
    0000095F 19                    2460 	.db #0x19	; 25
    00000960 19                    2461 	.db #0x19	; 25
    00000961 19                    2462 	.db #0x19	; 25
    00000962 19                    2463 	.db #0x19	; 25
    00000963 19                    2464 	.db #0x19	; 25
    00000964 19                    2465 	.db #0x19	; 25
    00000965 19                    2466 	.db #0x19	; 25
    00000966 19                    2467 	.db #0x19	; 25
    00000967 19                    2468 	.db #0x19	; 25
    00000968 19                    2469 	.db #0x19	; 25
    00000969 19                    2470 	.db #0x19	; 25
    0000096A 19                    2471 	.db #0x19	; 25
    0000096B 1A                    2472 	.db #0x1a	; 26
    0000096C 1A                    2473 	.db #0x1a	; 26
    0000096D 19                    2474 	.db #0x19	; 25
    0000096E 19                    2475 	.db #0x19	; 25
    0000096F 19                    2476 	.db #0x19	; 25
    00000970 19                    2477 	.db #0x19	; 25
    00000971 19                    2478 	.db #0x19	; 25
    00000972 19                    2479 	.db #0x19	; 25
    00000973 19                    2480 	.db #0x19	; 25
    00000974 19                    2481 	.db #0x19	; 25
    00000975 19                    2482 	.db #0x19	; 25
    00000976 19                    2483 	.db #0x19	; 25
    00000977 19                    2484 	.db #0x19	; 25
    00000978 19                    2485 	.db #0x19	; 25
    00000979 19                    2486 	.db #0x19	; 25
    0000097A 19                    2487 	.db #0x19	; 25
    0000097B 19                    2488 	.db #0x19	; 25
    0000097C 19                    2489 	.db #0x19	; 25
    0000097D 19                    2490 	.db #0x19	; 25
    0000097E 19                    2491 	.db #0x19	; 25
    0000097F 1A                    2492 	.db #0x1a	; 26
    00000980 1A                    2493 	.db #0x1a	; 26
    00000981 19                    2494 	.db #0x19	; 25
    00000982 19                    2495 	.db #0x19	; 25
    00000983 19                    2496 	.db #0x19	; 25
    00000984 19                    2497 	.db #0x19	; 25
    00000985 19                    2498 	.db #0x19	; 25
    00000986 19                    2499 	.db #0x19	; 25
    00000987 19                    2500 	.db #0x19	; 25
    00000988 19                    2501 	.db #0x19	; 25
    00000989 19                    2502 	.db #0x19	; 25
    0000098A 19                    2503 	.db #0x19	; 25
    0000098B 19                    2504 	.db #0x19	; 25
    0000098C 19                    2505 	.db #0x19	; 25
    0000098D 19                    2506 	.db #0x19	; 25
    0000098E 19                    2507 	.db #0x19	; 25
    0000098F 19                    2508 	.db #0x19	; 25
    00000990 19                    2509 	.db #0x19	; 25
    00000991 19                    2510 	.db #0x19	; 25
    00000992 19                    2511 	.db #0x19	; 25
    00000993 1A                    2512 	.db #0x1a	; 26
    00000994 1A                    2513 	.db #0x1a	; 26
    00000995 19                    2514 	.db #0x19	; 25
    00000996 19                    2515 	.db #0x19	; 25
    00000997 19                    2516 	.db #0x19	; 25
    00000998 19                    2517 	.db #0x19	; 25
    00000999 19                    2518 	.db #0x19	; 25
    0000099A 19                    2519 	.db #0x19	; 25
    0000099B 19                    2520 	.db #0x19	; 25
    0000099C 19                    2521 	.db #0x19	; 25
    0000099D 19                    2522 	.db #0x19	; 25
    0000099E 19                    2523 	.db #0x19	; 25
    0000099F 19                    2524 	.db #0x19	; 25
    000009A0 19                    2525 	.db #0x19	; 25
    000009A1 19                    2526 	.db #0x19	; 25
    000009A2 19                    2527 	.db #0x19	; 25
    000009A3 19                    2528 	.db #0x19	; 25
    000009A4 19                    2529 	.db #0x19	; 25
    000009A5 19                    2530 	.db #0x19	; 25
    000009A6 19                    2531 	.db #0x19	; 25
    000009A7 1A                    2532 	.db #0x1a	; 26
    000009A8 1A                    2533 	.db #0x1a	; 26
    000009A9 19                    2534 	.db #0x19	; 25
    000009AA 19                    2535 	.db #0x19	; 25
    000009AB 19                    2536 	.db #0x19	; 25
    000009AC 19                    2537 	.db #0x19	; 25
    000009AD 19                    2538 	.db #0x19	; 25
    000009AE 19                    2539 	.db #0x19	; 25
    000009AF 19                    2540 	.db #0x19	; 25
    000009B0 19                    2541 	.db #0x19	; 25
    000009B1 19                    2542 	.db #0x19	; 25
    000009B2 19                    2543 	.db #0x19	; 25
    000009B3 19                    2544 	.db #0x19	; 25
    000009B4 19                    2545 	.db #0x19	; 25
    000009B5 19                    2546 	.db #0x19	; 25
    000009B6 19                    2547 	.db #0x19	; 25
    000009B7 19                    2548 	.db #0x19	; 25
    000009B8 19                    2549 	.db #0x19	; 25
    000009B9 19                    2550 	.db #0x19	; 25
    000009BA 19                    2551 	.db #0x19	; 25
    000009BB 1A                    2552 	.db #0x1a	; 26
    000009BC 1A                    2553 	.db #0x1a	; 26
    000009BD 19                    2554 	.db #0x19	; 25
    000009BE 19                    2555 	.db #0x19	; 25
    000009BF 19                    2556 	.db #0x19	; 25
    000009C0 19                    2557 	.db #0x19	; 25
    000009C1 19                    2558 	.db #0x19	; 25
    000009C2 19                    2559 	.db #0x19	; 25
    000009C3 19                    2560 	.db #0x19	; 25
    000009C4 19                    2561 	.db #0x19	; 25
    000009C5 19                    2562 	.db #0x19	; 25
    000009C6 19                    2563 	.db #0x19	; 25
    000009C7 19                    2564 	.db #0x19	; 25
    000009C8 19                    2565 	.db #0x19	; 25
    000009C9 19                    2566 	.db #0x19	; 25
    000009CA 19                    2567 	.db #0x19	; 25
    000009CB 19                    2568 	.db #0x19	; 25
    000009CC 19                    2569 	.db #0x19	; 25
    000009CD 19                    2570 	.db #0x19	; 25
    000009CE 19                    2571 	.db #0x19	; 25
    000009CF 1A                    2572 	.db #0x1a	; 26
    000009D0 1A                    2573 	.db #0x1a	; 26
    000009D1 19                    2574 	.db #0x19	; 25
    000009D2 19                    2575 	.db #0x19	; 25
    000009D3 19                    2576 	.db #0x19	; 25
    000009D4 19                    2577 	.db #0x19	; 25
    000009D5 19                    2578 	.db #0x19	; 25
    000009D6 19                    2579 	.db #0x19	; 25
    000009D7 19                    2580 	.db #0x19	; 25
    000009D8 19                    2581 	.db #0x19	; 25
    000009D9 19                    2582 	.db #0x19	; 25
    000009DA 19                    2583 	.db #0x19	; 25
    000009DB 19                    2584 	.db #0x19	; 25
    000009DC 19                    2585 	.db #0x19	; 25
    000009DD 19                    2586 	.db #0x19	; 25
    000009DE 19                    2587 	.db #0x19	; 25
    000009DF 19                    2588 	.db #0x19	; 25
    000009E0 19                    2589 	.db #0x19	; 25
    000009E1 19                    2590 	.db #0x19	; 25
    000009E2 19                    2591 	.db #0x19	; 25
    000009E3 1A                    2592 	.db #0x1a	; 26
    000009E4 1A                    2593 	.db #0x1a	; 26
    000009E5 19                    2594 	.db #0x19	; 25
    000009E6 19                    2595 	.db #0x19	; 25
    000009E7 19                    2596 	.db #0x19	; 25
    000009E8 19                    2597 	.db #0x19	; 25
    000009E9 19                    2598 	.db #0x19	; 25
    000009EA 19                    2599 	.db #0x19	; 25
    000009EB 19                    2600 	.db #0x19	; 25
    000009EC 19                    2601 	.db #0x19	; 25
    000009ED 19                    2602 	.db #0x19	; 25
    000009EE 19                    2603 	.db #0x19	; 25
    000009EF 19                    2604 	.db #0x19	; 25
    000009F0 19                    2605 	.db #0x19	; 25
    000009F1 19                    2606 	.db #0x19	; 25
    000009F2 19                    2607 	.db #0x19	; 25
    000009F3 19                    2608 	.db #0x19	; 25
    000009F4 19                    2609 	.db #0x19	; 25
    000009F5 19                    2610 	.db #0x19	; 25
    000009F6 19                    2611 	.db #0x19	; 25
    000009F7 1A                    2612 	.db #0x1a	; 26
    000009F8 1A                    2613 	.db #0x1a	; 26
    000009F9 19                    2614 	.db #0x19	; 25
    000009FA 19                    2615 	.db #0x19	; 25
    000009FB 19                    2616 	.db #0x19	; 25
    000009FC 19                    2617 	.db #0x19	; 25
    000009FD 19                    2618 	.db #0x19	; 25
    000009FE 19                    2619 	.db #0x19	; 25
    000009FF 19                    2620 	.db #0x19	; 25
    00000A00 19                    2621 	.db #0x19	; 25
    00000A01 19                    2622 	.db #0x19	; 25
    00000A02 19                    2623 	.db #0x19	; 25
    00000A03 19                    2624 	.db #0x19	; 25
    00000A04 19                    2625 	.db #0x19	; 25
    00000A05 19                    2626 	.db #0x19	; 25
    00000A06 19                    2627 	.db #0x19	; 25
    00000A07 19                    2628 	.db #0x19	; 25
    00000A08 19                    2629 	.db #0x19	; 25
    00000A09 19                    2630 	.db #0x19	; 25
    00000A0A 19                    2631 	.db #0x19	; 25
    00000A0B 1A                    2632 	.db #0x1a	; 26
    00000A0C 1A                    2633 	.db #0x1a	; 26
    00000A0D 19                    2634 	.db #0x19	; 25
    00000A0E 19                    2635 	.db #0x19	; 25
    00000A0F 19                    2636 	.db #0x19	; 25
    00000A10 19                    2637 	.db #0x19	; 25
    00000A11 19                    2638 	.db #0x19	; 25
    00000A12 19                    2639 	.db #0x19	; 25
    00000A13 19                    2640 	.db #0x19	; 25
    00000A14 19                    2641 	.db #0x19	; 25
    00000A15 19                    2642 	.db #0x19	; 25
    00000A16 19                    2643 	.db #0x19	; 25
    00000A17 19                    2644 	.db #0x19	; 25
    00000A18 19                    2645 	.db #0x19	; 25
    00000A19 19                    2646 	.db #0x19	; 25
    00000A1A 19                    2647 	.db #0x19	; 25
    00000A1B 19                    2648 	.db #0x19	; 25
    00000A1C 19                    2649 	.db #0x19	; 25
    00000A1D 19                    2650 	.db #0x19	; 25
    00000A1E 19                    2651 	.db #0x19	; 25
    00000A1F 1A                    2652 	.db #0x1a	; 26
    00000A20 1A                    2653 	.db #0x1a	; 26
    00000A21 19                    2654 	.db #0x19	; 25
    00000A22 19                    2655 	.db #0x19	; 25
    00000A23 19                    2656 	.db #0x19	; 25
    00000A24 19                    2657 	.db #0x19	; 25
    00000A25 19                    2658 	.db #0x19	; 25
    00000A26 19                    2659 	.db #0x19	; 25
    00000A27 19                    2660 	.db #0x19	; 25
    00000A28 19                    2661 	.db #0x19	; 25
    00000A29 19                    2662 	.db #0x19	; 25
    00000A2A 19                    2663 	.db #0x19	; 25
    00000A2B 19                    2664 	.db #0x19	; 25
    00000A2C 19                    2665 	.db #0x19	; 25
    00000A2D 19                    2666 	.db #0x19	; 25
    00000A2E 19                    2667 	.db #0x19	; 25
    00000A2F 19                    2668 	.db #0x19	; 25
    00000A30 19                    2669 	.db #0x19	; 25
    00000A31 19                    2670 	.db #0x19	; 25
    00000A32 19                    2671 	.db #0x19	; 25
    00000A33 1A                    2672 	.db #0x1a	; 26
    00000A34 1A                    2673 	.db #0x1a	; 26
    00000A35 1A                    2674 	.db #0x1a	; 26
    00000A36 1A                    2675 	.db #0x1a	; 26
    00000A37 1A                    2676 	.db #0x1a	; 26
    00000A38 1A                    2677 	.db #0x1a	; 26
    00000A39 1A                    2678 	.db #0x1a	; 26
    00000A3A 1A                    2679 	.db #0x1a	; 26
    00000A3B 1A                    2680 	.db #0x1a	; 26
    00000A3C 1A                    2681 	.db #0x1a	; 26
    00000A3D 23                    2682 	.db #0x23	; 35
    00000A3E 23                    2683 	.db #0x23	; 35
    00000A3F 1A                    2684 	.db #0x1a	; 26
    00000A40 1A                    2685 	.db #0x1a	; 26
    00000A41 1A                    2686 	.db #0x1a	; 26
    00000A42 1A                    2687 	.db #0x1a	; 26
    00000A43 1A                    2688 	.db #0x1a	; 26
    00000A44 1A                    2689 	.db #0x1a	; 26
    00000A45 1A                    2690 	.db #0x1a	; 26
    00000A46 1A                    2691 	.db #0x1a	; 26
    00000A47 1A                    2692 	.db #0x1a	; 26
    00000A48                       2693 _level2_map:
    00000A48 17                    2694 	.db #0x17	; 23
    00000A49 17                    2695 	.db #0x17	; 23
    00000A4A 17                    2696 	.db #0x17	; 23
    00000A4B 17                    2697 	.db #0x17	; 23
    00000A4C 17                    2698 	.db #0x17	; 23
    00000A4D 17                    2699 	.db #0x17	; 23
    00000A4E 17                    2700 	.db #0x17	; 23
    00000A4F 17                    2701 	.db #0x17	; 23
    00000A50 17                    2702 	.db #0x17	; 23
    00000A51 17                    2703 	.db #0x17	; 23
    00000A52 17                    2704 	.db #0x17	; 23
    00000A53 17                    2705 	.db #0x17	; 23
    00000A54 17                    2706 	.db #0x17	; 23
    00000A55 17                    2707 	.db #0x17	; 23
    00000A56 17                    2708 	.db #0x17	; 23
    00000A57 17                    2709 	.db #0x17	; 23
    00000A58 17                    2710 	.db #0x17	; 23
    00000A59 17                    2711 	.db #0x17	; 23
    00000A5A 17                    2712 	.db #0x17	; 23
    00000A5B 17                    2713 	.db #0x17	; 23
    00000A5C 17                    2714 	.db #0x17	; 23
    00000A5D 17                    2715 	.db #0x17	; 23
    00000A5E 17                    2716 	.db #0x17	; 23
    00000A5F 17                    2717 	.db #0x17	; 23
    00000A60 17                    2718 	.db #0x17	; 23
    00000A61 17                    2719 	.db #0x17	; 23
    00000A62 17                    2720 	.db #0x17	; 23
    00000A63 17                    2721 	.db #0x17	; 23
    00000A64 17                    2722 	.db #0x17	; 23
    00000A65 17                    2723 	.db #0x17	; 23
    00000A66 17                    2724 	.db #0x17	; 23
    00000A67 17                    2725 	.db #0x17	; 23
    00000A68 17                    2726 	.db #0x17	; 23
    00000A69 00                    2727 	.db #0x00	; 0
    00000A6A 00                    2728 	.db #0x00	; 0
    00000A6B 00                    2729 	.db #0x00	; 0
    00000A6C 00                    2730 	.db #0x00	; 0
    00000A6D 00                    2731 	.db #0x00	; 0
    00000A6E 00                    2732 	.db #0x00	; 0
    00000A6F 00                    2733 	.db #0x00	; 0
    00000A70 00                    2734 	.db #0x00	; 0
    00000A71 00                    2735 	.db #0x00	; 0
    00000A72 00                    2736 	.db #0x00	; 0
    00000A73 00                    2737 	.db #0x00	; 0
    00000A74 00                    2738 	.db #0x00	; 0
    00000A75 00                    2739 	.db #0x00	; 0
    00000A76 00                    2740 	.db #0x00	; 0
    00000A77 00                    2741 	.db #0x00	; 0
    00000A78 00                    2742 	.db #0x00	; 0
    00000A79 00                    2743 	.db #0x00	; 0
    00000A7A 00                    2744 	.db #0x00	; 0
    00000A7B 00                    2745 	.db #0x00	; 0
    00000A7C 00                    2746 	.db #0x00	; 0
    00000A7D 00                    2747 	.db #0x00	; 0
    00000A7E 00                    2748 	.db #0x00	; 0
    00000A7F 00                    2749 	.db #0x00	; 0
    00000A80 00                    2750 	.db #0x00	; 0
    00000A81 00                    2751 	.db #0x00	; 0
    00000A82 00                    2752 	.db #0x00	; 0
    00000A83 00                    2753 	.db #0x00	; 0
    00000A84 00                    2754 	.db #0x00	; 0
    00000A85 00                    2755 	.db #0x00	; 0
    00000A86 00                    2756 	.db #0x00	; 0
    00000A87 17                    2757 	.db #0x17	; 23
    00000A88 17                    2758 	.db #0x17	; 23
    00000A89 00                    2759 	.db #0x00	; 0
    00000A8A 00                    2760 	.db #0x00	; 0
    00000A8B 00                    2761 	.db #0x00	; 0
    00000A8C 00                    2762 	.db #0x00	; 0
    00000A8D 00                    2763 	.db #0x00	; 0
    00000A8E 00                    2764 	.db #0x00	; 0
    00000A8F 00                    2765 	.db #0x00	; 0
    00000A90 00                    2766 	.db #0x00	; 0
    00000A91 00                    2767 	.db #0x00	; 0
    00000A92 00                    2768 	.db #0x00	; 0
    00000A93 00                    2769 	.db #0x00	; 0
    00000A94 00                    2770 	.db #0x00	; 0
    00000A95 00                    2771 	.db #0x00	; 0
    00000A96 00                    2772 	.db #0x00	; 0
    00000A97 00                    2773 	.db #0x00	; 0
    00000A98 00                    2774 	.db #0x00	; 0
    00000A99 00                    2775 	.db #0x00	; 0
    00000A9A 00                    2776 	.db #0x00	; 0
    00000A9B 00                    2777 	.db #0x00	; 0
    00000A9C 00                    2778 	.db #0x00	; 0
    00000A9D 03                    2779 	.db #0x03	; 3
    00000A9E 00                    2780 	.db #0x00	; 0
    00000A9F 00                    2781 	.db #0x00	; 0
    00000AA0 00                    2782 	.db #0x00	; 0
    00000AA1 00                    2783 	.db #0x00	; 0
    00000AA2 00                    2784 	.db #0x00	; 0
    00000AA3 00                    2785 	.db #0x00	; 0
    00000AA4 00                    2786 	.db #0x00	; 0
    00000AA5 00                    2787 	.db #0x00	; 0
    00000AA6 00                    2788 	.db #0x00	; 0
    00000AA7 17                    2789 	.db #0x17	; 23
    00000AA8 17                    2790 	.db #0x17	; 23
    00000AA9 00                    2791 	.db #0x00	; 0
    00000AAA 00                    2792 	.db #0x00	; 0
    00000AAB 00                    2793 	.db #0x00	; 0
    00000AAC 00                    2794 	.db #0x00	; 0
    00000AAD 00                    2795 	.db #0x00	; 0
    00000AAE 00                    2796 	.db #0x00	; 0
    00000AAF 02                    2797 	.db #0x02	; 2
    00000AB0 00                    2798 	.db #0x00	; 0
    00000AB1 00                    2799 	.db #0x00	; 0
    00000AB2 00                    2800 	.db #0x00	; 0
    00000AB3 00                    2801 	.db #0x00	; 0
    00000AB4 00                    2802 	.db #0x00	; 0
    00000AB5 00                    2803 	.db #0x00	; 0
    00000AB6 00                    2804 	.db #0x00	; 0
    00000AB7 00                    2805 	.db #0x00	; 0
    00000AB8 00                    2806 	.db #0x00	; 0
    00000AB9 00                    2807 	.db #0x00	; 0
    00000ABA 00                    2808 	.db #0x00	; 0
    00000ABB 00                    2809 	.db #0x00	; 0
    00000ABC 00                    2810 	.db #0x00	; 0
    00000ABD 00                    2811 	.db #0x00	; 0
    00000ABE 00                    2812 	.db #0x00	; 0
    00000ABF 00                    2813 	.db #0x00	; 0
    00000AC0 00                    2814 	.db #0x00	; 0
    00000AC1 00                    2815 	.db #0x00	; 0
    00000AC2 00                    2816 	.db #0x00	; 0
    00000AC3 00                    2817 	.db #0x00	; 0
    00000AC4 00                    2818 	.db #0x00	; 0
    00000AC5 00                    2819 	.db #0x00	; 0
    00000AC6 00                    2820 	.db #0x00	; 0
    00000AC7 17                    2821 	.db #0x17	; 23
    00000AC8 17                    2822 	.db #0x17	; 23
    00000AC9 00                    2823 	.db #0x00	; 0
    00000ACA 00                    2824 	.db #0x00	; 0
    00000ACB 00                    2825 	.db #0x00	; 0
    00000ACC 00                    2826 	.db #0x00	; 0
    00000ACD 00                    2827 	.db #0x00	; 0
    00000ACE 00                    2828 	.db #0x00	; 0
    00000ACF 00                    2829 	.db #0x00	; 0
    00000AD0 00                    2830 	.db #0x00	; 0
    00000AD1 00                    2831 	.db #0x00	; 0
    00000AD2 00                    2832 	.db #0x00	; 0
    00000AD3 00                    2833 	.db #0x00	; 0
    00000AD4 04                    2834 	.db #0x04	; 4
    00000AD5 00                    2835 	.db #0x00	; 0
    00000AD6 00                    2836 	.db #0x00	; 0
    00000AD7 00                    2837 	.db #0x00	; 0
    00000AD8 00                    2838 	.db #0x00	; 0
    00000AD9 00                    2839 	.db #0x00	; 0
    00000ADA 00                    2840 	.db #0x00	; 0
    00000ADB 04                    2841 	.db #0x04	; 4
    00000ADC 00                    2842 	.db #0x00	; 0
    00000ADD 00                    2843 	.db #0x00	; 0
    00000ADE 00                    2844 	.db #0x00	; 0
    00000ADF 00                    2845 	.db #0x00	; 0
    00000AE0 00                    2846 	.db #0x00	; 0
    00000AE1 00                    2847 	.db #0x00	; 0
    00000AE2 00                    2848 	.db #0x00	; 0
    00000AE3 00                    2849 	.db #0x00	; 0
    00000AE4 00                    2850 	.db #0x00	; 0
    00000AE5 00                    2851 	.db #0x00	; 0
    00000AE6 00                    2852 	.db #0x00	; 0
    00000AE7 17                    2853 	.db #0x17	; 23
    00000AE8 17                    2854 	.db #0x17	; 23
    00000AE9 00                    2855 	.db #0x00	; 0
    00000AEA 00                    2856 	.db #0x00	; 0
    00000AEB 00                    2857 	.db #0x00	; 0
    00000AEC 00                    2858 	.db #0x00	; 0
    00000AED 02                    2859 	.db #0x02	; 2
    00000AEE 00                    2860 	.db #0x00	; 0
    00000AEF 00                    2861 	.db #0x00	; 0
    00000AF0 00                    2862 	.db #0x00	; 0
    00000AF1 00                    2863 	.db #0x00	; 0
    00000AF2 00                    2864 	.db #0x00	; 0
    00000AF3 00                    2865 	.db #0x00	; 0
    00000AF4 00                    2866 	.db #0x00	; 0
    00000AF5 00                    2867 	.db #0x00	; 0
    00000AF6 00                    2868 	.db #0x00	; 0
    00000AF7 00                    2869 	.db #0x00	; 0
    00000AF8 00                    2870 	.db #0x00	; 0
    00000AF9 00                    2871 	.db #0x00	; 0
    00000AFA 00                    2872 	.db #0x00	; 0
    00000AFB 00                    2873 	.db #0x00	; 0
    00000AFC 00                    2874 	.db #0x00	; 0
    00000AFD 00                    2875 	.db #0x00	; 0
    00000AFE 00                    2876 	.db #0x00	; 0
    00000AFF 00                    2877 	.db #0x00	; 0
    00000B00 00                    2878 	.db #0x00	; 0
    00000B01 00                    2879 	.db #0x00	; 0
    00000B02 00                    2880 	.db #0x00	; 0
    00000B03 00                    2881 	.db #0x00	; 0
    00000B04 00                    2882 	.db #0x00	; 0
    00000B05 00                    2883 	.db #0x00	; 0
    00000B06 00                    2884 	.db #0x00	; 0
    00000B07 17                    2885 	.db #0x17	; 23
    00000B08 17                    2886 	.db #0x17	; 23
    00000B09 00                    2887 	.db #0x00	; 0
    00000B0A 00                    2888 	.db #0x00	; 0
    00000B0B 04                    2889 	.db #0x04	; 4
    00000B0C 03                    2890 	.db #0x03	; 3
    00000B0D 00                    2891 	.db #0x00	; 0
    00000B0E 00                    2892 	.db #0x00	; 0
    00000B0F 00                    2893 	.db #0x00	; 0
    00000B10 03                    2894 	.db #0x03	; 3
    00000B11 02                    2895 	.db #0x02	; 2
    00000B12 00                    2896 	.db #0x00	; 0
    00000B13 00                    2897 	.db #0x00	; 0
    00000B14 04                    2898 	.db #0x04	; 4
    00000B15 02                    2899 	.db #0x02	; 2
    00000B16 00                    2900 	.db #0x00	; 0
    00000B17 00                    2901 	.db #0x00	; 0
    00000B18 00                    2902 	.db #0x00	; 0
    00000B19 00                    2903 	.db #0x00	; 0
    00000B1A 00                    2904 	.db #0x00	; 0
    00000B1B 00                    2905 	.db #0x00	; 0
    00000B1C 00                    2906 	.db #0x00	; 0
    00000B1D 00                    2907 	.db #0x00	; 0
    00000B1E 00                    2908 	.db #0x00	; 0
    00000B1F 00                    2909 	.db #0x00	; 0
    00000B20 00                    2910 	.db #0x00	; 0
    00000B21 00                    2911 	.db #0x00	; 0
    00000B22 00                    2912 	.db #0x00	; 0
    00000B23 00                    2913 	.db #0x00	; 0
    00000B24 00                    2914 	.db #0x00	; 0
    00000B25 00                    2915 	.db #0x00	; 0
    00000B26 00                    2916 	.db #0x00	; 0
    00000B27 17                    2917 	.db #0x17	; 23
    00000B28 17                    2918 	.db #0x17	; 23
    00000B29 00                    2919 	.db #0x00	; 0
    00000B2A 03                    2920 	.db #0x03	; 3
    00000B2B 00                    2921 	.db #0x00	; 0
    00000B2C 00                    2922 	.db #0x00	; 0
    00000B2D 00                    2923 	.db #0x00	; 0
    00000B2E 00                    2924 	.db #0x00	; 0
    00000B2F 00                    2925 	.db #0x00	; 0
    00000B30 00                    2926 	.db #0x00	; 0
    00000B31 00                    2927 	.db #0x00	; 0
    00000B32 00                    2928 	.db #0x00	; 0
    00000B33 00                    2929 	.db #0x00	; 0
    00000B34 00                    2930 	.db #0x00	; 0
    00000B35 00                    2931 	.db #0x00	; 0
    00000B36 00                    2932 	.db #0x00	; 0
    00000B37 00                    2933 	.db #0x00	; 0
    00000B38 00                    2934 	.db #0x00	; 0
    00000B39 00                    2935 	.db #0x00	; 0
    00000B3A 00                    2936 	.db #0x00	; 0
    00000B3B 00                    2937 	.db #0x00	; 0
    00000B3C 00                    2938 	.db #0x00	; 0
    00000B3D 02                    2939 	.db #0x02	; 2
    00000B3E 00                    2940 	.db #0x00	; 0
    00000B3F 04                    2941 	.db #0x04	; 4
    00000B40 04                    2942 	.db #0x04	; 4
    00000B41 00                    2943 	.db #0x00	; 0
    00000B42 00                    2944 	.db #0x00	; 0
    00000B43 00                    2945 	.db #0x00	; 0
    00000B44 00                    2946 	.db #0x00	; 0
    00000B45 00                    2947 	.db #0x00	; 0
    00000B46 00                    2948 	.db #0x00	; 0
    00000B47 17                    2949 	.db #0x17	; 23
    00000B48 17                    2950 	.db #0x17	; 23
    00000B49 00                    2951 	.db #0x00	; 0
    00000B4A 00                    2952 	.db #0x00	; 0
    00000B4B 00                    2953 	.db #0x00	; 0
    00000B4C 00                    2954 	.db #0x00	; 0
    00000B4D 00                    2955 	.db #0x00	; 0
    00000B4E 00                    2956 	.db #0x00	; 0
    00000B4F 00                    2957 	.db #0x00	; 0
    00000B50 00                    2958 	.db #0x00	; 0
    00000B51 00                    2959 	.db #0x00	; 0
    00000B52 00                    2960 	.db #0x00	; 0
    00000B53 00                    2961 	.db #0x00	; 0
    00000B54 00                    2962 	.db #0x00	; 0
    00000B55 00                    2963 	.db #0x00	; 0
    00000B56 02                    2964 	.db #0x02	; 2
    00000B57 00                    2965 	.db #0x00	; 0
    00000B58 00                    2966 	.db #0x00	; 0
    00000B59 03                    2967 	.db #0x03	; 3
    00000B5A 00                    2968 	.db #0x00	; 0
    00000B5B 00                    2969 	.db #0x00	; 0
    00000B5C 00                    2970 	.db #0x00	; 0
    00000B5D 00                    2971 	.db #0x00	; 0
    00000B5E 03                    2972 	.db #0x03	; 3
    00000B5F 00                    2973 	.db #0x00	; 0
    00000B60 00                    2974 	.db #0x00	; 0
    00000B61 00                    2975 	.db #0x00	; 0
    00000B62 00                    2976 	.db #0x00	; 0
    00000B63 00                    2977 	.db #0x00	; 0
    00000B64 00                    2978 	.db #0x00	; 0
    00000B65 00                    2979 	.db #0x00	; 0
    00000B66 00                    2980 	.db #0x00	; 0
    00000B67 17                    2981 	.db #0x17	; 23
    00000B68 17                    2982 	.db #0x17	; 23
    00000B69 00                    2983 	.db #0x00	; 0
    00000B6A 00                    2984 	.db #0x00	; 0
    00000B6B 00                    2985 	.db #0x00	; 0
    00000B6C 00                    2986 	.db #0x00	; 0
    00000B6D 00                    2987 	.db #0x00	; 0
    00000B6E 00                    2988 	.db #0x00	; 0
    00000B6F 00                    2989 	.db #0x00	; 0
    00000B70 00                    2990 	.db #0x00	; 0
    00000B71 00                    2991 	.db #0x00	; 0
    00000B72 00                    2992 	.db #0x00	; 0
    00000B73 00                    2993 	.db #0x00	; 0
    00000B74 00                    2994 	.db #0x00	; 0
    00000B75 00                    2995 	.db #0x00	; 0
    00000B76 00                    2996 	.db #0x00	; 0
    00000B77 00                    2997 	.db #0x00	; 0
    00000B78 00                    2998 	.db #0x00	; 0
    00000B79 00                    2999 	.db #0x00	; 0
    00000B7A 00                    3000 	.db #0x00	; 0
    00000B7B 00                    3001 	.db #0x00	; 0
    00000B7C 00                    3002 	.db #0x00	; 0
    00000B7D 00                    3003 	.db #0x00	; 0
    00000B7E 00                    3004 	.db #0x00	; 0
    00000B7F 00                    3005 	.db #0x00	; 0
    00000B80 00                    3006 	.db #0x00	; 0
    00000B81 00                    3007 	.db #0x00	; 0
    00000B82 00                    3008 	.db #0x00	; 0
    00000B83 00                    3009 	.db #0x00	; 0
    00000B84 00                    3010 	.db #0x00	; 0
    00000B85 00                    3011 	.db #0x00	; 0
    00000B86 00                    3012 	.db #0x00	; 0
    00000B87 17                    3013 	.db #0x17	; 23
    00000B88 17                    3014 	.db #0x17	; 23
    00000B89 00                    3015 	.db #0x00	; 0
    00000B8A 00                    3016 	.db #0x00	; 0
    00000B8B 04                    3017 	.db #0x04	; 4
    00000B8C 00                    3018 	.db #0x00	; 0
    00000B8D 00                    3019 	.db #0x00	; 0
    00000B8E 00                    3020 	.db #0x00	; 0
    00000B8F 00                    3021 	.db #0x00	; 0
    00000B90 00                    3022 	.db #0x00	; 0
    00000B91 00                    3023 	.db #0x00	; 0
    00000B92 00                    3024 	.db #0x00	; 0
    00000B93 00                    3025 	.db #0x00	; 0
    00000B94 00                    3026 	.db #0x00	; 0
    00000B95 00                    3027 	.db #0x00	; 0
    00000B96 00                    3028 	.db #0x00	; 0
    00000B97 00                    3029 	.db #0x00	; 0
    00000B98 00                    3030 	.db #0x00	; 0
    00000B99 00                    3031 	.db #0x00	; 0
    00000B9A 00                    3032 	.db #0x00	; 0
    00000B9B 00                    3033 	.db #0x00	; 0
    00000B9C 00                    3034 	.db #0x00	; 0
    00000B9D 00                    3035 	.db #0x00	; 0
    00000B9E 00                    3036 	.db #0x00	; 0
    00000B9F 00                    3037 	.db #0x00	; 0
    00000BA0 00                    3038 	.db #0x00	; 0
    00000BA1 00                    3039 	.db #0x00	; 0
    00000BA2 00                    3040 	.db #0x00	; 0
    00000BA3 00                    3041 	.db #0x00	; 0
    00000BA4 00                    3042 	.db #0x00	; 0
    00000BA5 00                    3043 	.db #0x00	; 0
    00000BA6 00                    3044 	.db #0x00	; 0
    00000BA7 17                    3045 	.db #0x17	; 23
    00000BA8 17                    3046 	.db #0x17	; 23
    00000BA9 00                    3047 	.db #0x00	; 0
    00000BAA 00                    3048 	.db #0x00	; 0
    00000BAB 00                    3049 	.db #0x00	; 0
    00000BAC 00                    3050 	.db #0x00	; 0
    00000BAD 00                    3051 	.db #0x00	; 0
    00000BAE 00                    3052 	.db #0x00	; 0
    00000BAF 00                    3053 	.db #0x00	; 0
    00000BB0 00                    3054 	.db #0x00	; 0
    00000BB1 00                    3055 	.db #0x00	; 0
    00000BB2 00                    3056 	.db #0x00	; 0
    00000BB3 00                    3057 	.db #0x00	; 0
    00000BB4 00                    3058 	.db #0x00	; 0
    00000BB5 00                    3059 	.db #0x00	; 0
    00000BB6 00                    3060 	.db #0x00	; 0
    00000BB7 00                    3061 	.db #0x00	; 0
    00000BB8 00                    3062 	.db #0x00	; 0
    00000BB9 00                    3063 	.db #0x00	; 0
    00000BBA 00                    3064 	.db #0x00	; 0
    00000BBB 00                    3065 	.db #0x00	; 0
    00000BBC 00                    3066 	.db #0x00	; 0
    00000BBD 00                    3067 	.db #0x00	; 0
    00000BBE 00                    3068 	.db #0x00	; 0
    00000BBF 00                    3069 	.db #0x00	; 0
    00000BC0 00                    3070 	.db #0x00	; 0
    00000BC1 00                    3071 	.db #0x00	; 0
    00000BC2 00                    3072 	.db #0x00	; 0
    00000BC3 00                    3073 	.db #0x00	; 0
    00000BC4 00                    3074 	.db #0x00	; 0
    00000BC5 00                    3075 	.db #0x00	; 0
    00000BC6 00                    3076 	.db #0x00	; 0
    00000BC7 17                    3077 	.db #0x17	; 23
    00000BC8 17                    3078 	.db #0x17	; 23
    00000BC9 00                    3079 	.db #0x00	; 0
    00000BCA 00                    3080 	.db #0x00	; 0
    00000BCB 00                    3081 	.db #0x00	; 0
    00000BCC 00                    3082 	.db #0x00	; 0
    00000BCD 00                    3083 	.db #0x00	; 0
    00000BCE 00                    3084 	.db #0x00	; 0
    00000BCF 00                    3085 	.db #0x00	; 0
    00000BD0 00                    3086 	.db #0x00	; 0
    00000BD1 00                    3087 	.db #0x00	; 0
    00000BD2 00                    3088 	.db #0x00	; 0
    00000BD3 00                    3089 	.db #0x00	; 0
    00000BD4 00                    3090 	.db #0x00	; 0
    00000BD5 00                    3091 	.db #0x00	; 0
    00000BD6 00                    3092 	.db #0x00	; 0
    00000BD7 00                    3093 	.db #0x00	; 0
    00000BD8 00                    3094 	.db #0x00	; 0
    00000BD9 03                    3095 	.db #0x03	; 3
    00000BDA 00                    3096 	.db #0x00	; 0
    00000BDB 00                    3097 	.db #0x00	; 0
    00000BDC 00                    3098 	.db #0x00	; 0
    00000BDD 00                    3099 	.db #0x00	; 0
    00000BDE 00                    3100 	.db #0x00	; 0
    00000BDF 00                    3101 	.db #0x00	; 0
    00000BE0 00                    3102 	.db #0x00	; 0
    00000BE1 00                    3103 	.db #0x00	; 0
    00000BE2 00                    3104 	.db #0x00	; 0
    00000BE3 00                    3105 	.db #0x00	; 0
    00000BE4 00                    3106 	.db #0x00	; 0
    00000BE5 00                    3107 	.db #0x00	; 0
    00000BE6 00                    3108 	.db #0x00	; 0
    00000BE7 17                    3109 	.db #0x17	; 23
    00000BE8 17                    3110 	.db #0x17	; 23
    00000BE9 00                    3111 	.db #0x00	; 0
    00000BEA 00                    3112 	.db #0x00	; 0
    00000BEB 00                    3113 	.db #0x00	; 0
    00000BEC 00                    3114 	.db #0x00	; 0
    00000BED 00                    3115 	.db #0x00	; 0
    00000BEE 00                    3116 	.db #0x00	; 0
    00000BEF 00                    3117 	.db #0x00	; 0
    00000BF0 00                    3118 	.db #0x00	; 0
    00000BF1 00                    3119 	.db #0x00	; 0
    00000BF2 00                    3120 	.db #0x00	; 0
    00000BF3 00                    3121 	.db #0x00	; 0
    00000BF4 00                    3122 	.db #0x00	; 0
    00000BF5 00                    3123 	.db #0x00	; 0
    00000BF6 00                    3124 	.db #0x00	; 0
    00000BF7 00                    3125 	.db #0x00	; 0
    00000BF8 00                    3126 	.db #0x00	; 0
    00000BF9 00                    3127 	.db #0x00	; 0
    00000BFA 00                    3128 	.db #0x00	; 0
    00000BFB 00                    3129 	.db #0x00	; 0
    00000BFC 00                    3130 	.db #0x00	; 0
    00000BFD 00                    3131 	.db #0x00	; 0
    00000BFE 00                    3132 	.db #0x00	; 0
    00000BFF 00                    3133 	.db #0x00	; 0
    00000C00 00                    3134 	.db #0x00	; 0
    00000C01 00                    3135 	.db #0x00	; 0
    00000C02 00                    3136 	.db #0x00	; 0
    00000C03 00                    3137 	.db #0x00	; 0
    00000C04 00                    3138 	.db #0x00	; 0
    00000C05 00                    3139 	.db #0x00	; 0
    00000C06 00                    3140 	.db #0x00	; 0
    00000C07 17                    3141 	.db #0x17	; 23
    00000C08 17                    3142 	.db #0x17	; 23
    00000C09 00                    3143 	.db #0x00	; 0
    00000C0A 00                    3144 	.db #0x00	; 0
    00000C0B 00                    3145 	.db #0x00	; 0
    00000C0C 00                    3146 	.db #0x00	; 0
    00000C0D 00                    3147 	.db #0x00	; 0
    00000C0E 00                    3148 	.db #0x00	; 0
    00000C0F 00                    3149 	.db #0x00	; 0
    00000C10 00                    3150 	.db #0x00	; 0
    00000C11 00                    3151 	.db #0x00	; 0
    00000C12 00                    3152 	.db #0x00	; 0
    00000C13 00                    3153 	.db #0x00	; 0
    00000C14 00                    3154 	.db #0x00	; 0
    00000C15 00                    3155 	.db #0x00	; 0
    00000C16 02                    3156 	.db #0x02	; 2
    00000C17 00                    3157 	.db #0x00	; 0
    00000C18 00                    3158 	.db #0x00	; 0
    00000C19 00                    3159 	.db #0x00	; 0
    00000C1A 00                    3160 	.db #0x00	; 0
    00000C1B 00                    3161 	.db #0x00	; 0
    00000C1C 00                    3162 	.db #0x00	; 0
    00000C1D 00                    3163 	.db #0x00	; 0
    00000C1E 00                    3164 	.db #0x00	; 0
    00000C1F 00                    3165 	.db #0x00	; 0
    00000C20 00                    3166 	.db #0x00	; 0
    00000C21 00                    3167 	.db #0x00	; 0
    00000C22 00                    3168 	.db #0x00	; 0
    00000C23 00                    3169 	.db #0x00	; 0
    00000C24 04                    3170 	.db #0x04	; 4
    00000C25 00                    3171 	.db #0x00	; 0
    00000C26 00                    3172 	.db #0x00	; 0
    00000C27 17                    3173 	.db #0x17	; 23
    00000C28 17                    3174 	.db #0x17	; 23
    00000C29 00                    3175 	.db #0x00	; 0
    00000C2A 02                    3176 	.db #0x02	; 2
    00000C2B 00                    3177 	.db #0x00	; 0
    00000C2C 04                    3178 	.db #0x04	; 4
    00000C2D 00                    3179 	.db #0x00	; 0
    00000C2E 00                    3180 	.db #0x00	; 0
    00000C2F 00                    3181 	.db #0x00	; 0
    00000C30 00                    3182 	.db #0x00	; 0
    00000C31 00                    3183 	.db #0x00	; 0
    00000C32 00                    3184 	.db #0x00	; 0
    00000C33 00                    3185 	.db #0x00	; 0
    00000C34 00                    3186 	.db #0x00	; 0
    00000C35 00                    3187 	.db #0x00	; 0
    00000C36 00                    3188 	.db #0x00	; 0
    00000C37 00                    3189 	.db #0x00	; 0
    00000C38 00                    3190 	.db #0x00	; 0
    00000C39 00                    3191 	.db #0x00	; 0
    00000C3A 00                    3192 	.db #0x00	; 0
    00000C3B 00                    3193 	.db #0x00	; 0
    00000C3C 00                    3194 	.db #0x00	; 0
    00000C3D 00                    3195 	.db #0x00	; 0
    00000C3E 00                    3196 	.db #0x00	; 0
    00000C3F 00                    3197 	.db #0x00	; 0
    00000C40 00                    3198 	.db #0x00	; 0
    00000C41 00                    3199 	.db #0x00	; 0
    00000C42 00                    3200 	.db #0x00	; 0
    00000C43 00                    3201 	.db #0x00	; 0
    00000C44 00                    3202 	.db #0x00	; 0
    00000C45 00                    3203 	.db #0x00	; 0
    00000C46 00                    3204 	.db #0x00	; 0
    00000C47 17                    3205 	.db #0x17	; 23
    00000C48 17                    3206 	.db #0x17	; 23
    00000C49 00                    3207 	.db #0x00	; 0
    00000C4A 00                    3208 	.db #0x00	; 0
    00000C4B 00                    3209 	.db #0x00	; 0
    00000C4C 00                    3210 	.db #0x00	; 0
    00000C4D 00                    3211 	.db #0x00	; 0
    00000C4E 00                    3212 	.db #0x00	; 0
    00000C4F 00                    3213 	.db #0x00	; 0
    00000C50 00                    3214 	.db #0x00	; 0
    00000C51 00                    3215 	.db #0x00	; 0
    00000C52 00                    3216 	.db #0x00	; 0
    00000C53 00                    3217 	.db #0x00	; 0
    00000C54 00                    3218 	.db #0x00	; 0
    00000C55 00                    3219 	.db #0x00	; 0
    00000C56 00                    3220 	.db #0x00	; 0
    00000C57 00                    3221 	.db #0x00	; 0
    00000C58 00                    3222 	.db #0x00	; 0
    00000C59 00                    3223 	.db #0x00	; 0
    00000C5A 00                    3224 	.db #0x00	; 0
    00000C5B 00                    3225 	.db #0x00	; 0
    00000C5C 00                    3226 	.db #0x00	; 0
    00000C5D 02                    3227 	.db #0x02	; 2
    00000C5E 00                    3228 	.db #0x00	; 0
    00000C5F 00                    3229 	.db #0x00	; 0
    00000C60 00                    3230 	.db #0x00	; 0
    00000C61 00                    3231 	.db #0x00	; 0
    00000C62 00                    3232 	.db #0x00	; 0
    00000C63 04                    3233 	.db #0x04	; 4
    00000C64 00                    3234 	.db #0x00	; 0
    00000C65 00                    3235 	.db #0x00	; 0
    00000C66 00                    3236 	.db #0x00	; 0
    00000C67 17                    3237 	.db #0x17	; 23
    00000C68 17                    3238 	.db #0x17	; 23
    00000C69 00                    3239 	.db #0x00	; 0
    00000C6A 00                    3240 	.db #0x00	; 0
    00000C6B 00                    3241 	.db #0x00	; 0
    00000C6C 00                    3242 	.db #0x00	; 0
    00000C6D 00                    3243 	.db #0x00	; 0
    00000C6E 00                    3244 	.db #0x00	; 0
    00000C6F 00                    3245 	.db #0x00	; 0
    00000C70 00                    3246 	.db #0x00	; 0
    00000C71 00                    3247 	.db #0x00	; 0
    00000C72 00                    3248 	.db #0x00	; 0
    00000C73 00                    3249 	.db #0x00	; 0
    00000C74 00                    3250 	.db #0x00	; 0
    00000C75 00                    3251 	.db #0x00	; 0
    00000C76 00                    3252 	.db #0x00	; 0
    00000C77 00                    3253 	.db #0x00	; 0
    00000C78 00                    3254 	.db #0x00	; 0
    00000C79 00                    3255 	.db #0x00	; 0
    00000C7A 00                    3256 	.db #0x00	; 0
    00000C7B 00                    3257 	.db #0x00	; 0
    00000C7C 00                    3258 	.db #0x00	; 0
    00000C7D 00                    3259 	.db #0x00	; 0
    00000C7E 00                    3260 	.db #0x00	; 0
    00000C7F 00                    3261 	.db #0x00	; 0
    00000C80 00                    3262 	.db #0x00	; 0
    00000C81 00                    3263 	.db #0x00	; 0
    00000C82 00                    3264 	.db #0x00	; 0
    00000C83 00                    3265 	.db #0x00	; 0
    00000C84 00                    3266 	.db #0x00	; 0
    00000C85 00                    3267 	.db #0x00	; 0
    00000C86 00                    3268 	.db #0x00	; 0
    00000C87 17                    3269 	.db #0x17	; 23
    00000C88 17                    3270 	.db #0x17	; 23
    00000C89 00                    3271 	.db #0x00	; 0
    00000C8A 00                    3272 	.db #0x00	; 0
    00000C8B 00                    3273 	.db #0x00	; 0
    00000C8C 00                    3274 	.db #0x00	; 0
    00000C8D 00                    3275 	.db #0x00	; 0
    00000C8E 00                    3276 	.db #0x00	; 0
    00000C8F 04                    3277 	.db #0x04	; 4
    00000C90 00                    3278 	.db #0x00	; 0
    00000C91 00                    3279 	.db #0x00	; 0
    00000C92 00                    3280 	.db #0x00	; 0
    00000C93 00                    3281 	.db #0x00	; 0
    00000C94 00                    3282 	.db #0x00	; 0
    00000C95 00                    3283 	.db #0x00	; 0
    00000C96 00                    3284 	.db #0x00	; 0
    00000C97 00                    3285 	.db #0x00	; 0
    00000C98 02                    3286 	.db #0x02	; 2
    00000C99 00                    3287 	.db #0x00	; 0
    00000C9A 00                    3288 	.db #0x00	; 0
    00000C9B 00                    3289 	.db #0x00	; 0
    00000C9C 00                    3290 	.db #0x00	; 0
    00000C9D 00                    3291 	.db #0x00	; 0
    00000C9E 00                    3292 	.db #0x00	; 0
    00000C9F 00                    3293 	.db #0x00	; 0
    00000CA0 00                    3294 	.db #0x00	; 0
    00000CA1 00                    3295 	.db #0x00	; 0
    00000CA2 00                    3296 	.db #0x00	; 0
    00000CA3 00                    3297 	.db #0x00	; 0
    00000CA4 00                    3298 	.db #0x00	; 0
    00000CA5 00                    3299 	.db #0x00	; 0
    00000CA6 00                    3300 	.db #0x00	; 0
    00000CA7 17                    3301 	.db #0x17	; 23
    00000CA8 17                    3302 	.db #0x17	; 23
    00000CA9 00                    3303 	.db #0x00	; 0
    00000CAA 00                    3304 	.db #0x00	; 0
    00000CAB 00                    3305 	.db #0x00	; 0
    00000CAC 00                    3306 	.db #0x00	; 0
    00000CAD 00                    3307 	.db #0x00	; 0
    00000CAE 00                    3308 	.db #0x00	; 0
    00000CAF 00                    3309 	.db #0x00	; 0
    00000CB0 00                    3310 	.db #0x00	; 0
    00000CB1 00                    3311 	.db #0x00	; 0
    00000CB2 03                    3312 	.db #0x03	; 3
    00000CB3 00                    3313 	.db #0x00	; 0
    00000CB4 00                    3314 	.db #0x00	; 0
    00000CB5 02                    3315 	.db #0x02	; 2
    00000CB6 00                    3316 	.db #0x00	; 0
    00000CB7 00                    3317 	.db #0x00	; 0
    00000CB8 00                    3318 	.db #0x00	; 0
    00000CB9 00                    3319 	.db #0x00	; 0
    00000CBA 00                    3320 	.db #0x00	; 0
    00000CBB 00                    3321 	.db #0x00	; 0
    00000CBC 00                    3322 	.db #0x00	; 0
    00000CBD 00                    3323 	.db #0x00	; 0
    00000CBE 00                    3324 	.db #0x00	; 0
    00000CBF 00                    3325 	.db #0x00	; 0
    00000CC0 00                    3326 	.db #0x00	; 0
    00000CC1 00                    3327 	.db #0x00	; 0
    00000CC2 00                    3328 	.db #0x00	; 0
    00000CC3 00                    3329 	.db #0x00	; 0
    00000CC4 00                    3330 	.db #0x00	; 0
    00000CC5 00                    3331 	.db #0x00	; 0
    00000CC6 00                    3332 	.db #0x00	; 0
    00000CC7 17                    3333 	.db #0x17	; 23
    00000CC8 17                    3334 	.db #0x17	; 23
    00000CC9 00                    3335 	.db #0x00	; 0
    00000CCA 00                    3336 	.db #0x00	; 0
    00000CCB 00                    3337 	.db #0x00	; 0
    00000CCC 00                    3338 	.db #0x00	; 0
    00000CCD 00                    3339 	.db #0x00	; 0
    00000CCE 00                    3340 	.db #0x00	; 0
    00000CCF 00                    3341 	.db #0x00	; 0
    00000CD0 00                    3342 	.db #0x00	; 0
    00000CD1 00                    3343 	.db #0x00	; 0
    00000CD2 00                    3344 	.db #0x00	; 0
    00000CD3 00                    3345 	.db #0x00	; 0
    00000CD4 00                    3346 	.db #0x00	; 0
    00000CD5 00                    3347 	.db #0x00	; 0
    00000CD6 00                    3348 	.db #0x00	; 0
    00000CD7 00                    3349 	.db #0x00	; 0
    00000CD8 00                    3350 	.db #0x00	; 0
    00000CD9 00                    3351 	.db #0x00	; 0
    00000CDA 00                    3352 	.db #0x00	; 0
    00000CDB 00                    3353 	.db #0x00	; 0
    00000CDC 00                    3354 	.db #0x00	; 0
    00000CDD 00                    3355 	.db #0x00	; 0
    00000CDE 00                    3356 	.db #0x00	; 0
    00000CDF 00                    3357 	.db #0x00	; 0
    00000CE0 00                    3358 	.db #0x00	; 0
    00000CE1 00                    3359 	.db #0x00	; 0
    00000CE2 00                    3360 	.db #0x00	; 0
    00000CE3 00                    3361 	.db #0x00	; 0
    00000CE4 00                    3362 	.db #0x00	; 0
    00000CE5 00                    3363 	.db #0x00	; 0
    00000CE6 00                    3364 	.db #0x00	; 0
    00000CE7 17                    3365 	.db #0x17	; 23
    00000CE8 17                    3366 	.db #0x17	; 23
    00000CE9 00                    3367 	.db #0x00	; 0
    00000CEA 00                    3368 	.db #0x00	; 0
    00000CEB 00                    3369 	.db #0x00	; 0
    00000CEC 00                    3370 	.db #0x00	; 0
    00000CED 00                    3371 	.db #0x00	; 0
    00000CEE 03                    3372 	.db #0x03	; 3
    00000CEF 00                    3373 	.db #0x00	; 0
    00000CF0 00                    3374 	.db #0x00	; 0
    00000CF1 00                    3375 	.db #0x00	; 0
    00000CF2 00                    3376 	.db #0x00	; 0
    00000CF3 00                    3377 	.db #0x00	; 0
    00000CF4 00                    3378 	.db #0x00	; 0
    00000CF5 00                    3379 	.db #0x00	; 0
    00000CF6 00                    3380 	.db #0x00	; 0
    00000CF7 00                    3381 	.db #0x00	; 0
    00000CF8 00                    3382 	.db #0x00	; 0
    00000CF9 00                    3383 	.db #0x00	; 0
    00000CFA 00                    3384 	.db #0x00	; 0
    00000CFB 00                    3385 	.db #0x00	; 0
    00000CFC 00                    3386 	.db #0x00	; 0
    00000CFD 00                    3387 	.db #0x00	; 0
    00000CFE 00                    3388 	.db #0x00	; 0
    00000CFF 00                    3389 	.db #0x00	; 0
    00000D00 04                    3390 	.db #0x04	; 4
    00000D01 04                    3391 	.db #0x04	; 4
    00000D02 00                    3392 	.db #0x00	; 0
    00000D03 00                    3393 	.db #0x00	; 0
    00000D04 00                    3394 	.db #0x00	; 0
    00000D05 00                    3395 	.db #0x00	; 0
    00000D06 00                    3396 	.db #0x00	; 0
    00000D07 17                    3397 	.db #0x17	; 23
    00000D08 17                    3398 	.db #0x17	; 23
    00000D09 00                    3399 	.db #0x00	; 0
    00000D0A 00                    3400 	.db #0x00	; 0
    00000D0B 00                    3401 	.db #0x00	; 0
    00000D0C 00                    3402 	.db #0x00	; 0
    00000D0D 00                    3403 	.db #0x00	; 0
    00000D0E 00                    3404 	.db #0x00	; 0
    00000D0F 00                    3405 	.db #0x00	; 0
    00000D10 00                    3406 	.db #0x00	; 0
    00000D11 00                    3407 	.db #0x00	; 0
    00000D12 00                    3408 	.db #0x00	; 0
    00000D13 00                    3409 	.db #0x00	; 0
    00000D14 00                    3410 	.db #0x00	; 0
    00000D15 00                    3411 	.db #0x00	; 0
    00000D16 00                    3412 	.db #0x00	; 0
    00000D17 00                    3413 	.db #0x00	; 0
    00000D18 00                    3414 	.db #0x00	; 0
    00000D19 00                    3415 	.db #0x00	; 0
    00000D1A 00                    3416 	.db #0x00	; 0
    00000D1B 00                    3417 	.db #0x00	; 0
    00000D1C 00                    3418 	.db #0x00	; 0
    00000D1D 00                    3419 	.db #0x00	; 0
    00000D1E 00                    3420 	.db #0x00	; 0
    00000D1F 00                    3421 	.db #0x00	; 0
    00000D20 00                    3422 	.db #0x00	; 0
    00000D21 00                    3423 	.db #0x00	; 0
    00000D22 00                    3424 	.db #0x00	; 0
    00000D23 00                    3425 	.db #0x00	; 0
    00000D24 00                    3426 	.db #0x00	; 0
    00000D25 00                    3427 	.db #0x00	; 0
    00000D26 00                    3428 	.db #0x00	; 0
    00000D27 17                    3429 	.db #0x17	; 23
    00000D28 17                    3430 	.db #0x17	; 23
    00000D29 00                    3431 	.db #0x00	; 0
    00000D2A 00                    3432 	.db #0x00	; 0
    00000D2B 00                    3433 	.db #0x00	; 0
    00000D2C 00                    3434 	.db #0x00	; 0
    00000D2D 00                    3435 	.db #0x00	; 0
    00000D2E 00                    3436 	.db #0x00	; 0
    00000D2F 00                    3437 	.db #0x00	; 0
    00000D30 00                    3438 	.db #0x00	; 0
    00000D31 00                    3439 	.db #0x00	; 0
    00000D32 00                    3440 	.db #0x00	; 0
    00000D33 00                    3441 	.db #0x00	; 0
    00000D34 00                    3442 	.db #0x00	; 0
    00000D35 00                    3443 	.db #0x00	; 0
    00000D36 00                    3444 	.db #0x00	; 0
    00000D37 00                    3445 	.db #0x00	; 0
    00000D38 00                    3446 	.db #0x00	; 0
    00000D39 00                    3447 	.db #0x00	; 0
    00000D3A 02                    3448 	.db #0x02	; 2
    00000D3B 00                    3449 	.db #0x00	; 0
    00000D3C 00                    3450 	.db #0x00	; 0
    00000D3D 00                    3451 	.db #0x00	; 0
    00000D3E 00                    3452 	.db #0x00	; 0
    00000D3F 00                    3453 	.db #0x00	; 0
    00000D40 00                    3454 	.db #0x00	; 0
    00000D41 00                    3455 	.db #0x00	; 0
    00000D42 00                    3456 	.db #0x00	; 0
    00000D43 00                    3457 	.db #0x00	; 0
    00000D44 00                    3458 	.db #0x00	; 0
    00000D45 00                    3459 	.db #0x00	; 0
    00000D46 00                    3460 	.db #0x00	; 0
    00000D47 17                    3461 	.db #0x17	; 23
    00000D48 17                    3462 	.db #0x17	; 23
    00000D49 00                    3463 	.db #0x00	; 0
    00000D4A 00                    3464 	.db #0x00	; 0
    00000D4B 00                    3465 	.db #0x00	; 0
    00000D4C 00                    3466 	.db #0x00	; 0
    00000D4D 00                    3467 	.db #0x00	; 0
    00000D4E 00                    3468 	.db #0x00	; 0
    00000D4F 00                    3469 	.db #0x00	; 0
    00000D50 00                    3470 	.db #0x00	; 0
    00000D51 00                    3471 	.db #0x00	; 0
    00000D52 00                    3472 	.db #0x00	; 0
    00000D53 00                    3473 	.db #0x00	; 0
    00000D54 00                    3474 	.db #0x00	; 0
    00000D55 03                    3475 	.db #0x03	; 3
    00000D56 00                    3476 	.db #0x00	; 0
    00000D57 00                    3477 	.db #0x00	; 0
    00000D58 00                    3478 	.db #0x00	; 0
    00000D59 00                    3479 	.db #0x00	; 0
    00000D5A 00                    3480 	.db #0x00	; 0
    00000D5B 00                    3481 	.db #0x00	; 0
    00000D5C 00                    3482 	.db #0x00	; 0
    00000D5D 00                    3483 	.db #0x00	; 0
    00000D5E 00                    3484 	.db #0x00	; 0
    00000D5F 00                    3485 	.db #0x00	; 0
    00000D60 00                    3486 	.db #0x00	; 0
    00000D61 00                    3487 	.db #0x00	; 0
    00000D62 00                    3488 	.db #0x00	; 0
    00000D63 00                    3489 	.db #0x00	; 0
    00000D64 00                    3490 	.db #0x00	; 0
    00000D65 00                    3491 	.db #0x00	; 0
    00000D66 00                    3492 	.db #0x00	; 0
    00000D67 17                    3493 	.db #0x17	; 23
    00000D68 17                    3494 	.db #0x17	; 23
    00000D69 00                    3495 	.db #0x00	; 0
    00000D6A 00                    3496 	.db #0x00	; 0
    00000D6B 00                    3497 	.db #0x00	; 0
    00000D6C 00                    3498 	.db #0x00	; 0
    00000D6D 00                    3499 	.db #0x00	; 0
    00000D6E 00                    3500 	.db #0x00	; 0
    00000D6F 00                    3501 	.db #0x00	; 0
    00000D70 00                    3502 	.db #0x00	; 0
    00000D71 00                    3503 	.db #0x00	; 0
    00000D72 03                    3504 	.db #0x03	; 3
    00000D73 00                    3505 	.db #0x00	; 0
    00000D74 00                    3506 	.db #0x00	; 0
    00000D75 00                    3507 	.db #0x00	; 0
    00000D76 00                    3508 	.db #0x00	; 0
    00000D77 00                    3509 	.db #0x00	; 0
    00000D78 00                    3510 	.db #0x00	; 0
    00000D79 00                    3511 	.db #0x00	; 0
    00000D7A 00                    3512 	.db #0x00	; 0
    00000D7B 00                    3513 	.db #0x00	; 0
    00000D7C 00                    3514 	.db #0x00	; 0
    00000D7D 00                    3515 	.db #0x00	; 0
    00000D7E 00                    3516 	.db #0x00	; 0
    00000D7F 00                    3517 	.db #0x00	; 0
    00000D80 00                    3518 	.db #0x00	; 0
    00000D81 00                    3519 	.db #0x00	; 0
    00000D82 00                    3520 	.db #0x00	; 0
    00000D83 00                    3521 	.db #0x00	; 0
    00000D84 00                    3522 	.db #0x00	; 0
    00000D85 00                    3523 	.db #0x00	; 0
    00000D86 00                    3524 	.db #0x00	; 0
    00000D87 17                    3525 	.db #0x17	; 23
    00000D88 17                    3526 	.db #0x17	; 23
    00000D89 00                    3527 	.db #0x00	; 0
    00000D8A 00                    3528 	.db #0x00	; 0
    00000D8B 00                    3529 	.db #0x00	; 0
    00000D8C 00                    3530 	.db #0x00	; 0
    00000D8D 00                    3531 	.db #0x00	; 0
    00000D8E 00                    3532 	.db #0x00	; 0
    00000D8F 00                    3533 	.db #0x00	; 0
    00000D90 00                    3534 	.db #0x00	; 0
    00000D91 00                    3535 	.db #0x00	; 0
    00000D92 00                    3536 	.db #0x00	; 0
    00000D93 00                    3537 	.db #0x00	; 0
    00000D94 00                    3538 	.db #0x00	; 0
    00000D95 00                    3539 	.db #0x00	; 0
    00000D96 00                    3540 	.db #0x00	; 0
    00000D97 00                    3541 	.db #0x00	; 0
    00000D98 00                    3542 	.db #0x00	; 0
    00000D99 00                    3543 	.db #0x00	; 0
    00000D9A 00                    3544 	.db #0x00	; 0
    00000D9B 00                    3545 	.db #0x00	; 0
    00000D9C 00                    3546 	.db #0x00	; 0
    00000D9D 00                    3547 	.db #0x00	; 0
    00000D9E 00                    3548 	.db #0x00	; 0
    00000D9F 00                    3549 	.db #0x00	; 0
    00000DA0 00                    3550 	.db #0x00	; 0
    00000DA1 00                    3551 	.db #0x00	; 0
    00000DA2 00                    3552 	.db #0x00	; 0
    00000DA3 00                    3553 	.db #0x00	; 0
    00000DA4 02                    3554 	.db #0x02	; 2
    00000DA5 00                    3555 	.db #0x00	; 0
    00000DA6 00                    3556 	.db #0x00	; 0
    00000DA7 17                    3557 	.db #0x17	; 23
    00000DA8 17                    3558 	.db #0x17	; 23
    00000DA9 00                    3559 	.db #0x00	; 0
    00000DAA 00                    3560 	.db #0x00	; 0
    00000DAB 00                    3561 	.db #0x00	; 0
    00000DAC 00                    3562 	.db #0x00	; 0
    00000DAD 00                    3563 	.db #0x00	; 0
    00000DAE 00                    3564 	.db #0x00	; 0
    00000DAF 00                    3565 	.db #0x00	; 0
    00000DB0 03                    3566 	.db #0x03	; 3
    00000DB1 00                    3567 	.db #0x00	; 0
    00000DB2 00                    3568 	.db #0x00	; 0
    00000DB3 00                    3569 	.db #0x00	; 0
    00000DB4 00                    3570 	.db #0x00	; 0
    00000DB5 00                    3571 	.db #0x00	; 0
    00000DB6 00                    3572 	.db #0x00	; 0
    00000DB7 00                    3573 	.db #0x00	; 0
    00000DB8 00                    3574 	.db #0x00	; 0
    00000DB9 00                    3575 	.db #0x00	; 0
    00000DBA 00                    3576 	.db #0x00	; 0
    00000DBB 00                    3577 	.db #0x00	; 0
    00000DBC 00                    3578 	.db #0x00	; 0
    00000DBD 00                    3579 	.db #0x00	; 0
    00000DBE 00                    3580 	.db #0x00	; 0
    00000DBF 00                    3581 	.db #0x00	; 0
    00000DC0 00                    3582 	.db #0x00	; 0
    00000DC1 00                    3583 	.db #0x00	; 0
    00000DC2 00                    3584 	.db #0x00	; 0
    00000DC3 00                    3585 	.db #0x00	; 0
    00000DC4 00                    3586 	.db #0x00	; 0
    00000DC5 00                    3587 	.db #0x00	; 0
    00000DC6 00                    3588 	.db #0x00	; 0
    00000DC7 17                    3589 	.db #0x17	; 23
    00000DC8 17                    3590 	.db #0x17	; 23
    00000DC9 00                    3591 	.db #0x00	; 0
    00000DCA 00                    3592 	.db #0x00	; 0
    00000DCB 00                    3593 	.db #0x00	; 0
    00000DCC 00                    3594 	.db #0x00	; 0
    00000DCD 00                    3595 	.db #0x00	; 0
    00000DCE 00                    3596 	.db #0x00	; 0
    00000DCF 00                    3597 	.db #0x00	; 0
    00000DD0 00                    3598 	.db #0x00	; 0
    00000DD1 00                    3599 	.db #0x00	; 0
    00000DD2 00                    3600 	.db #0x00	; 0
    00000DD3 00                    3601 	.db #0x00	; 0
    00000DD4 00                    3602 	.db #0x00	; 0
    00000DD5 00                    3603 	.db #0x00	; 0
    00000DD6 00                    3604 	.db #0x00	; 0
    00000DD7 00                    3605 	.db #0x00	; 0
    00000DD8 00                    3606 	.db #0x00	; 0
    00000DD9 00                    3607 	.db #0x00	; 0
    00000DDA 00                    3608 	.db #0x00	; 0
    00000DDB 00                    3609 	.db #0x00	; 0
    00000DDC 00                    3610 	.db #0x00	; 0
    00000DDD 00                    3611 	.db #0x00	; 0
    00000DDE 00                    3612 	.db #0x00	; 0
    00000DDF 03                    3613 	.db #0x03	; 3
    00000DE0 00                    3614 	.db #0x00	; 0
    00000DE1 00                    3615 	.db #0x00	; 0
    00000DE2 00                    3616 	.db #0x00	; 0
    00000DE3 00                    3617 	.db #0x00	; 0
    00000DE4 00                    3618 	.db #0x00	; 0
    00000DE5 00                    3619 	.db #0x00	; 0
    00000DE6 00                    3620 	.db #0x00	; 0
    00000DE7 17                    3621 	.db #0x17	; 23
    00000DE8 17                    3622 	.db #0x17	; 23
    00000DE9 00                    3623 	.db #0x00	; 0
    00000DEA 00                    3624 	.db #0x00	; 0
    00000DEB 00                    3625 	.db #0x00	; 0
    00000DEC 00                    3626 	.db #0x00	; 0
    00000DED 00                    3627 	.db #0x00	; 0
    00000DEE 00                    3628 	.db #0x00	; 0
    00000DEF 00                    3629 	.db #0x00	; 0
    00000DF0 00                    3630 	.db #0x00	; 0
    00000DF1 00                    3631 	.db #0x00	; 0
    00000DF2 00                    3632 	.db #0x00	; 0
    00000DF3 00                    3633 	.db #0x00	; 0
    00000DF4 00                    3634 	.db #0x00	; 0
    00000DF5 00                    3635 	.db #0x00	; 0
    00000DF6 00                    3636 	.db #0x00	; 0
    00000DF7 00                    3637 	.db #0x00	; 0
    00000DF8 00                    3638 	.db #0x00	; 0
    00000DF9 00                    3639 	.db #0x00	; 0
    00000DFA 00                    3640 	.db #0x00	; 0
    00000DFB 00                    3641 	.db #0x00	; 0
    00000DFC 00                    3642 	.db #0x00	; 0
    00000DFD 00                    3643 	.db #0x00	; 0
    00000DFE 00                    3644 	.db #0x00	; 0
    00000DFF 00                    3645 	.db #0x00	; 0
    00000E00 00                    3646 	.db #0x00	; 0
    00000E01 00                    3647 	.db #0x00	; 0
    00000E02 00                    3648 	.db #0x00	; 0
    00000E03 00                    3649 	.db #0x00	; 0
    00000E04 00                    3650 	.db #0x00	; 0
    00000E05 00                    3651 	.db #0x00	; 0
    00000E06 00                    3652 	.db #0x00	; 0
    00000E07 17                    3653 	.db #0x17	; 23
    00000E08 17                    3654 	.db #0x17	; 23
    00000E09 00                    3655 	.db #0x00	; 0
    00000E0A 00                    3656 	.db #0x00	; 0
    00000E0B 00                    3657 	.db #0x00	; 0
    00000E0C 00                    3658 	.db #0x00	; 0
    00000E0D 00                    3659 	.db #0x00	; 0
    00000E0E 00                    3660 	.db #0x00	; 0
    00000E0F 00                    3661 	.db #0x00	; 0
    00000E10 00                    3662 	.db #0x00	; 0
    00000E11 00                    3663 	.db #0x00	; 0
    00000E12 00                    3664 	.db #0x00	; 0
    00000E13 00                    3665 	.db #0x00	; 0
    00000E14 00                    3666 	.db #0x00	; 0
    00000E15 00                    3667 	.db #0x00	; 0
    00000E16 00                    3668 	.db #0x00	; 0
    00000E17 00                    3669 	.db #0x00	; 0
    00000E18 00                    3670 	.db #0x00	; 0
    00000E19 00                    3671 	.db #0x00	; 0
    00000E1A 00                    3672 	.db #0x00	; 0
    00000E1B 00                    3673 	.db #0x00	; 0
    00000E1C 00                    3674 	.db #0x00	; 0
    00000E1D 00                    3675 	.db #0x00	; 0
    00000E1E 00                    3676 	.db #0x00	; 0
    00000E1F 00                    3677 	.db #0x00	; 0
    00000E20 00                    3678 	.db #0x00	; 0
    00000E21 00                    3679 	.db #0x00	; 0
    00000E22 00                    3680 	.db #0x00	; 0
    00000E23 00                    3681 	.db #0x00	; 0
    00000E24 00                    3682 	.db #0x00	; 0
    00000E25 00                    3683 	.db #0x00	; 0
    00000E26 00                    3684 	.db #0x00	; 0
    00000E27 17                    3685 	.db #0x17	; 23
    00000E28 17                    3686 	.db #0x17	; 23
    00000E29 17                    3687 	.db #0x17	; 23
    00000E2A 17                    3688 	.db #0x17	; 23
    00000E2B 17                    3689 	.db #0x17	; 23
    00000E2C 17                    3690 	.db #0x17	; 23
    00000E2D 17                    3691 	.db #0x17	; 23
    00000E2E 17                    3692 	.db #0x17	; 23
    00000E2F 17                    3693 	.db #0x17	; 23
    00000E30 17                    3694 	.db #0x17	; 23
    00000E31 17                    3695 	.db #0x17	; 23
    00000E32 17                    3696 	.db #0x17	; 23
    00000E33 17                    3697 	.db #0x17	; 23
    00000E34 17                    3698 	.db #0x17	; 23
    00000E35 17                    3699 	.db #0x17	; 23
    00000E36 17                    3700 	.db #0x17	; 23
    00000E37 00                    3701 	.db #0x00	; 0
    00000E38 00                    3702 	.db #0x00	; 0
    00000E39 17                    3703 	.db #0x17	; 23
    00000E3A 17                    3704 	.db #0x17	; 23
    00000E3B 17                    3705 	.db #0x17	; 23
    00000E3C 17                    3706 	.db #0x17	; 23
    00000E3D 17                    3707 	.db #0x17	; 23
    00000E3E 17                    3708 	.db #0x17	; 23
    00000E3F 17                    3709 	.db #0x17	; 23
    00000E40 17                    3710 	.db #0x17	; 23
    00000E41 17                    3711 	.db #0x17	; 23
    00000E42 17                    3712 	.db #0x17	; 23
    00000E43 17                    3713 	.db #0x17	; 23
    00000E44 17                    3714 	.db #0x17	; 23
    00000E45 17                    3715 	.db #0x17	; 23
    00000E46 17                    3716 	.db #0x17	; 23
    00000E47 17                    3717 	.db #0x17	; 23
    00000E48                       3718 _player_sprites:
    00000E48 0E                    3719 	.db #0x0e	; 14
    00000E49 0E                    3720 	.db #0x0e	; 14
    00000E4A 11                    3721 	.db #0x11	; 17
    00000E4B 1F                    3722 	.db #0x1f	; 31
    00000E4C 20                    3723 	.db #0x20	; 32
    00000E4D 3F                    3724 	.db #0x3f	; 63
    00000E4E 43                    3725 	.db #0x43	; 67	'C'
    00000E4F 7C                    3726 	.db #0x7c	; 124
    00000E50 4F                    3727 	.db #0x4f	; 79	'O'
    00000E51 70                    3728 	.db #0x70	; 112	'p'
    00000E52 4F                    3729 	.db #0x4f	; 79	'O'
    00000E53 72                    3730 	.db #0x72	; 114	'r'
    00000E54 4F                    3731 	.db #0x4f	; 79	'O'
    00000E55 70                    3732 	.db #0x70	; 112	'p'
    00000E56 27                    3733 	.db #0x27	; 39
    00000E57 38                    3734 	.db #0x38	; 56	'8'
    00000E58 70                    3735 	.db #0x70	; 112	'p'
    00000E59 70                    3736 	.db #0x70	; 112	'p'
    00000E5A 88                    3737 	.db #0x88	; 136
    00000E5B F8                    3738 	.db #0xf8	; 248
    00000E5C 04                    3739 	.db #0x04	; 4
    00000E5D FC                    3740 	.db #0xfc	; 252
    00000E5E C2                    3741 	.db #0xc2	; 194
    00000E5F 3E                    3742 	.db #0x3e	; 62
    00000E60 F2                    3743 	.db #0xf2	; 242
    00000E61 0E                    3744 	.db #0x0e	; 14
    00000E62 F2                    3745 	.db #0xf2	; 242
    00000E63 4E                    3746 	.db #0x4e	; 78	'N'
    00000E64 F2                    3747 	.db #0xf2	; 242
    00000E65 0E                    3748 	.db #0x0e	; 14
    00000E66 E4                    3749 	.db #0xe4	; 228
    00000E67 1C                    3750 	.db #0x1c	; 28
    00000E68 10                    3751 	.db #0x10	; 16
    00000E69 1F                    3752 	.db #0x1f	; 31
    00000E6A 27                    3753 	.db #0x27	; 39
    00000E6B 3F                    3754 	.db #0x3f	; 63
    00000E6C 54                    3755 	.db #0x54	; 84	'T'
    00000E6D 6F                    3756 	.db #0x6f	; 111	'o'
    00000E6E 77                    3757 	.db #0x77	; 119	'w'
    00000E6F 6F                    3758 	.db #0x6f	; 111	'o'
    00000E70 17                    3759 	.db #0x17	; 23
    00000E71 1F                    3760 	.db #0x1f	; 31
    00000E72 0A                    3761 	.db #0x0a	; 10
    00000E73 0E                    3762 	.db #0x0e	; 14
    00000E74 0E                    3763 	.db #0x0e	; 14
    00000E75 0E                    3764 	.db #0x0e	; 14
    00000E76 00                    3765 	.db #0x00	; 0
    00000E77 00                    3766 	.db #0x00	; 0
    00000E78 08                    3767 	.db #0x08	; 8
    00000E79 F8                    3768 	.db #0xf8	; 248
    00000E7A E4                    3769 	.db #0xe4	; 228
    00000E7B FC                    3770 	.db #0xfc	; 252
    00000E7C 2A                    3771 	.db #0x2a	; 42
    00000E7D F6                    3772 	.db #0xf6	; 246
    00000E7E EE                    3773 	.db #0xee	; 238
    00000E7F F6                    3774 	.db #0xf6	; 246
    00000E80 E8                    3775 	.db #0xe8	; 232
    00000E81 F8                    3776 	.db #0xf8	; 248
    00000E82 50                    3777 	.db #0x50	; 80	'P'
    00000E83 70                    3778 	.db #0x70	; 112	'p'
    00000E84 70                    3779 	.db #0x70	; 112	'p'
    00000E85 70                    3780 	.db #0x70	; 112	'p'
    00000E86 70                    3781 	.db #0x70	; 112	'p'
    00000E87 70                    3782 	.db #0x70	; 112	'p'
    00000E88 0E                    3783 	.db #0x0e	; 14
    00000E89 0E                    3784 	.db #0x0e	; 14
    00000E8A 11                    3785 	.db #0x11	; 17
    00000E8B 1F                    3786 	.db #0x1f	; 31
    00000E8C 20                    3787 	.db #0x20	; 32
    00000E8D 3F                    3788 	.db #0x3f	; 63
    00000E8E 43                    3789 	.db #0x43	; 67	'C'
    00000E8F 7C                    3790 	.db #0x7c	; 124
    00000E90 4F                    3791 	.db #0x4f	; 79	'O'
    00000E91 70                    3792 	.db #0x70	; 112	'p'
    00000E92 4F                    3793 	.db #0x4f	; 79	'O'
    00000E93 72                    3794 	.db #0x72	; 114	'r'
    00000E94 4F                    3795 	.db #0x4f	; 79	'O'
    00000E95 70                    3796 	.db #0x70	; 112	'p'
    00000E96 27                    3797 	.db #0x27	; 39
    00000E97 38                    3798 	.db #0x38	; 56	'8'
    00000E98 70                    3799 	.db #0x70	; 112	'p'
    00000E99 70                    3800 	.db #0x70	; 112	'p'
    00000E9A 88                    3801 	.db #0x88	; 136
    00000E9B F8                    3802 	.db #0xf8	; 248
    00000E9C 04                    3803 	.db #0x04	; 4
    00000E9D FC                    3804 	.db #0xfc	; 252
    00000E9E C2                    3805 	.db #0xc2	; 194
    00000E9F 3E                    3806 	.db #0x3e	; 62
    00000EA0 F2                    3807 	.db #0xf2	; 242
    00000EA1 0E                    3808 	.db #0x0e	; 14
    00000EA2 F2                    3809 	.db #0xf2	; 242
    00000EA3 4E                    3810 	.db #0x4e	; 78	'N'
    00000EA4 F2                    3811 	.db #0xf2	; 242
    00000EA5 0E                    3812 	.db #0x0e	; 14
    00000EA6 E4                    3813 	.db #0xe4	; 228
    00000EA7 1C                    3814 	.db #0x1c	; 28
    00000EA8 10                    3815 	.db #0x10	; 16
    00000EA9 1F                    3816 	.db #0x1f	; 31
    00000EAA 27                    3817 	.db #0x27	; 39
    00000EAB 3F                    3818 	.db #0x3f	; 63
    00000EAC 54                    3819 	.db #0x54	; 84	'T'
    00000EAD 6F                    3820 	.db #0x6f	; 111	'o'
    00000EAE 77                    3821 	.db #0x77	; 119	'w'
    00000EAF 6F                    3822 	.db #0x6f	; 111	'o'
    00000EB0 0E                    3823 	.db #0x0e	; 14
    00000EB1 0E                    3824 	.db #0x0e	; 14
    00000EB2 0A                    3825 	.db #0x0a	; 10
    00000EB3 0E                    3826 	.db #0x0e	; 14
    00000EB4 0E                    3827 	.db #0x0e	; 14
    00000EB5 0E                    3828 	.db #0x0e	; 14
    00000EB6 00                    3829 	.db #0x00	; 0
    00000EB7 00                    3830 	.db #0x00	; 0
    00000EB8 08                    3831 	.db #0x08	; 8
    00000EB9 F8                    3832 	.db #0xf8	; 248
    00000EBA E4                    3833 	.db #0xe4	; 228
    00000EBB FC                    3834 	.db #0xfc	; 252
    00000EBC 2A                    3835 	.db #0x2a	; 42
    00000EBD F6                    3836 	.db #0xf6	; 246
    00000EBE EE                    3837 	.db #0xee	; 238
    00000EBF F6                    3838 	.db #0xf6	; 246
    00000EC0 50                    3839 	.db #0x50	; 80	'P'
    00000EC1 70                    3840 	.db #0x70	; 112	'p'
    00000EC2 70                    3841 	.db #0x70	; 112	'p'
    00000EC3 70                    3842 	.db #0x70	; 112	'p'
    00000EC4 00                    3843 	.db #0x00	; 0
    00000EC5 00                    3844 	.db #0x00	; 0
    00000EC6 00                    3845 	.db #0x00	; 0
    00000EC7 00                    3846 	.db #0x00	; 0
    00000EC8 0E                    3847 	.db #0x0e	; 14
    00000EC9 0E                    3848 	.db #0x0e	; 14
    00000ECA 11                    3849 	.db #0x11	; 17
    00000ECB 1F                    3850 	.db #0x1f	; 31
    00000ECC 20                    3851 	.db #0x20	; 32
    00000ECD 3F                    3852 	.db #0x3f	; 63
    00000ECE 40                    3853 	.db #0x40	; 64
    00000ECF 7F                    3854 	.db #0x7f	; 127
    00000ED0 40                    3855 	.db #0x40	; 64
    00000ED1 7F                    3856 	.db #0x7f	; 127
    00000ED2 40                    3857 	.db #0x40	; 64
    00000ED3 7F                    3858 	.db #0x7f	; 127
    00000ED4 4F                    3859 	.db #0x4f	; 79	'O'
    00000ED5 7F                    3860 	.db #0x7f	; 127
    00000ED6 30                    3861 	.db #0x30	; 48	'0'
    00000ED7 3F                    3862 	.db #0x3f	; 63
    00000ED8 70                    3863 	.db #0x70	; 112	'p'
    00000ED9 70                    3864 	.db #0x70	; 112	'p'
    00000EDA 88                    3865 	.db #0x88	; 136
    00000EDB F8                    3866 	.db #0xf8	; 248
    00000EDC 04                    3867 	.db #0x04	; 4
    00000EDD FC                    3868 	.db #0xfc	; 252
    00000EDE 02                    3869 	.db #0x02	; 2
    00000EDF FE                    3870 	.db #0xfe	; 254
    00000EE0 02                    3871 	.db #0x02	; 2
    00000EE1 FE                    3872 	.db #0xfe	; 254
    00000EE2 02                    3873 	.db #0x02	; 2
    00000EE3 FE                    3874 	.db #0xfe	; 254
    00000EE4 F2                    3875 	.db #0xf2	; 242
    00000EE5 FE                    3876 	.db #0xfe	; 254
    00000EE6 0C                    3877 	.db #0x0c	; 12
    00000EE7 FC                    3878 	.db #0xfc	; 252
    00000EE8 18                    3879 	.db #0x18	; 24
    00000EE9 1F                    3880 	.db #0x1f	; 31
    00000EEA 27                    3881 	.db #0x27	; 39
    00000EEB 3F                    3882 	.db #0x3f	; 63
    00000EEC 54                    3883 	.db #0x54	; 84	'T'
    00000EED 6F                    3884 	.db #0x6f	; 111	'o'
    00000EEE 77                    3885 	.db #0x77	; 119	'w'
    00000EEF 6F                    3886 	.db #0x6f	; 111	'o'
    00000EF0 17                    3887 	.db #0x17	; 23
    00000EF1 1F                    3888 	.db #0x1f	; 31
    00000EF2 0A                    3889 	.db #0x0a	; 10
    00000EF3 0E                    3890 	.db #0x0e	; 14
    00000EF4 0E                    3891 	.db #0x0e	; 14
    00000EF5 0E                    3892 	.db #0x0e	; 14
    00000EF6 00                    3893 	.db #0x00	; 0
    00000EF7 00                    3894 	.db #0x00	; 0
    00000EF8 18                    3895 	.db #0x18	; 24
    00000EF9 F8                    3896 	.db #0xf8	; 248
    00000EFA E4                    3897 	.db #0xe4	; 228
    00000EFB FC                    3898 	.db #0xfc	; 252
    00000EFC 2A                    3899 	.db #0x2a	; 42
    00000EFD F6                    3900 	.db #0xf6	; 246
    00000EFE EE                    3901 	.db #0xee	; 238
    00000EFF F6                    3902 	.db #0xf6	; 246
    00000F00 E8                    3903 	.db #0xe8	; 232
    00000F01 F8                    3904 	.db #0xf8	; 248
    00000F02 50                    3905 	.db #0x50	; 80	'P'
    00000F03 70                    3906 	.db #0x70	; 112	'p'
    00000F04 70                    3907 	.db #0x70	; 112	'p'
    00000F05 70                    3908 	.db #0x70	; 112	'p'
    00000F06 70                    3909 	.db #0x70	; 112	'p'
    00000F07 70                    3910 	.db #0x70	; 112	'p'
    00000F08 0E                    3911 	.db #0x0e	; 14
    00000F09 0E                    3912 	.db #0x0e	; 14
    00000F0A 11                    3913 	.db #0x11	; 17
    00000F0B 1F                    3914 	.db #0x1f	; 31
    00000F0C 20                    3915 	.db #0x20	; 32
    00000F0D 3F                    3916 	.db #0x3f	; 63
    00000F0E 40                    3917 	.db #0x40	; 64
    00000F0F 7F                    3918 	.db #0x7f	; 127
    00000F10 40                    3919 	.db #0x40	; 64
    00000F11 7F                    3920 	.db #0x7f	; 127
    00000F12 40                    3921 	.db #0x40	; 64
    00000F13 7F                    3922 	.db #0x7f	; 127
    00000F14 4F                    3923 	.db #0x4f	; 79	'O'
    00000F15 7F                    3924 	.db #0x7f	; 127
    00000F16 30                    3925 	.db #0x30	; 48	'0'
    00000F17 3F                    3926 	.db #0x3f	; 63
    00000F18 70                    3927 	.db #0x70	; 112	'p'
    00000F19 70                    3928 	.db #0x70	; 112	'p'
    00000F1A 88                    3929 	.db #0x88	; 136
    00000F1B F8                    3930 	.db #0xf8	; 248
    00000F1C 04                    3931 	.db #0x04	; 4
    00000F1D FC                    3932 	.db #0xfc	; 252
    00000F1E 02                    3933 	.db #0x02	; 2
    00000F1F FE                    3934 	.db #0xfe	; 254
    00000F20 02                    3935 	.db #0x02	; 2
    00000F21 FE                    3936 	.db #0xfe	; 254
    00000F22 02                    3937 	.db #0x02	; 2
    00000F23 FE                    3938 	.db #0xfe	; 254
    00000F24 F2                    3939 	.db #0xf2	; 242
    00000F25 FE                    3940 	.db #0xfe	; 254
    00000F26 0C                    3941 	.db #0x0c	; 12
    00000F27 FC                    3942 	.db #0xfc	; 252
    00000F28 18                    3943 	.db #0x18	; 24
    00000F29 1F                    3944 	.db #0x1f	; 31
    00000F2A 27                    3945 	.db #0x27	; 39
    00000F2B 3F                    3946 	.db #0x3f	; 63
    00000F2C 54                    3947 	.db #0x54	; 84	'T'
    00000F2D 6F                    3948 	.db #0x6f	; 111	'o'
    00000F2E 77                    3949 	.db #0x77	; 119	'w'
    00000F2F 6F                    3950 	.db #0x6f	; 111	'o'
    00000F30 0E                    3951 	.db #0x0e	; 14
    00000F31 0E                    3952 	.db #0x0e	; 14
    00000F32 0A                    3953 	.db #0x0a	; 10
    00000F33 0E                    3954 	.db #0x0e	; 14
    00000F34 0E                    3955 	.db #0x0e	; 14
    00000F35 0E                    3956 	.db #0x0e	; 14
    00000F36 00                    3957 	.db #0x00	; 0
    00000F37 00                    3958 	.db #0x00	; 0
    00000F38 18                    3959 	.db #0x18	; 24
    00000F39 F8                    3960 	.db #0xf8	; 248
    00000F3A E4                    3961 	.db #0xe4	; 228
    00000F3B FC                    3962 	.db #0xfc	; 252
    00000F3C 2A                    3963 	.db #0x2a	; 42
    00000F3D F6                    3964 	.db #0xf6	; 246
    00000F3E EE                    3965 	.db #0xee	; 238
    00000F3F F6                    3966 	.db #0xf6	; 246
    00000F40 50                    3967 	.db #0x50	; 80	'P'
    00000F41 70                    3968 	.db #0x70	; 112	'p'
    00000F42 70                    3969 	.db #0x70	; 112	'p'
    00000F43 70                    3970 	.db #0x70	; 112	'p'
    00000F44 00                    3971 	.db #0x00	; 0
    00000F45 00                    3972 	.db #0x00	; 0
    00000F46 00                    3973 	.db #0x00	; 0
    00000F47 00                    3974 	.db #0x00	; 0
    00000F48 07                    3975 	.db #0x07	; 7
    00000F49 07                    3976 	.db #0x07	; 7
    00000F4A 08                    3977 	.db #0x08	; 8
    00000F4B 0F                    3978 	.db #0x0f	; 15
    00000F4C 10                    3979 	.db #0x10	; 16
    00000F4D 1F                    3980 	.db #0x1f	; 31
    00000F4E 10                    3981 	.db #0x10	; 16
    00000F4F 1F                    3982 	.db #0x1f	; 31
    00000F50 13                    3983 	.db #0x13	; 19
    00000F51 1F                    3984 	.db #0x1f	; 31
    00000F52 17                    3985 	.db #0x17	; 23
    00000F53 18                    3986 	.db #0x18	; 24
    00000F54 0F                    3987 	.db #0x0f	; 15
    00000F55 09                    3988 	.db #0x09	; 9
    00000F56 0F                    3989 	.db #0x0f	; 15
    00000F57 08                    3990 	.db #0x08	; 8
    00000F58 C0                    3991 	.db #0xc0	; 192
    00000F59 C0                    3992 	.db #0xc0	; 192
    00000F5A 20                    3993 	.db #0x20	; 32
    00000F5B E0                    3994 	.db #0xe0	; 224
    00000F5C 10                    3995 	.db #0x10	; 16
    00000F5D F0                    3996 	.db #0xf0	; 240
    00000F5E 08                    3997 	.db #0x08	; 8
    00000F5F F8                    3998 	.db #0xf8	; 248
    00000F60 FE                    3999 	.db #0xfe	; 254
    00000F61 FE                    4000 	.db #0xfe	; 254
    00000F62 84                    4001 	.db #0x84	; 132
    00000F63 7C                    4002 	.db #0x7c	; 124
    00000F64 C4                    4003 	.db #0xc4	; 196
    00000F65 3C                    4004 	.db #0x3c	; 60
    00000F66 C8                    4005 	.db #0xc8	; 200
    00000F67 38                    4006 	.db #0x38	; 56	'8'
    00000F68 04                    4007 	.db #0x04	; 4
    00000F69 07                    4008 	.db #0x07	; 7
    00000F6A 08                    4009 	.db #0x08	; 8
    00000F6B 0F                    4010 	.db #0x0f	; 15
    00000F6C 14                    4011 	.db #0x14	; 20
    00000F6D 1B                    4012 	.db #0x1b	; 27
    00000F6E 1C                    4013 	.db #0x1c	; 28
    00000F6F 1B                    4014 	.db #0x1b	; 27
    00000F70 05                    4015 	.db #0x05	; 5
    00000F71 07                    4016 	.db #0x07	; 7
    00000F72 06                    4017 	.db #0x06	; 6
    00000F73 06                    4018 	.db #0x06	; 6
    00000F74 00                    4019 	.db #0x00	; 0
    00000F75 00                    4020 	.db #0x00	; 0
    00000F76 00                    4021 	.db #0x00	; 0
    00000F77 00                    4022 	.db #0x00	; 0
    00000F78 10                    4023 	.db #0x10	; 16
    00000F79 F0                    4024 	.db #0xf0	; 240
    00000F7A 10                    4025 	.db #0x10	; 16
    00000F7B F0                    4026 	.db #0xf0	; 240
    00000F7C 38                    4027 	.db #0x38	; 56	'8'
    00000F7D E8                    4028 	.db #0xe8	; 232
    00000F7E 38                    4029 	.db #0x38	; 56	'8'
    00000F7F E8                    4030 	.db #0xe8	; 232
    00000F80 30                    4031 	.db #0x30	; 48	'0'
    00000F81 D0                    4032 	.db #0xd0	; 208
    00000F82 E0                    4033 	.db #0xe0	; 224
    00000F83 E0                    4034 	.db #0xe0	; 224
    00000F84 00                    4035 	.db #0x00	; 0
    00000F85 00                    4036 	.db #0x00	; 0
    00000F86 00                    4037 	.db #0x00	; 0
    00000F87 00                    4038 	.db #0x00	; 0
    00000F88 07                    4039 	.db #0x07	; 7
    00000F89 07                    4040 	.db #0x07	; 7
    00000F8A 08                    4041 	.db #0x08	; 8
    00000F8B 0F                    4042 	.db #0x0f	; 15
    00000F8C 10                    4043 	.db #0x10	; 16
    00000F8D 1F                    4044 	.db #0x1f	; 31
    00000F8E 10                    4045 	.db #0x10	; 16
    00000F8F 1F                    4046 	.db #0x1f	; 31
    00000F90 13                    4047 	.db #0x13	; 19
    00000F91 1F                    4048 	.db #0x1f	; 31
    00000F92 17                    4049 	.db #0x17	; 23
    00000F93 18                    4050 	.db #0x18	; 24
    00000F94 0F                    4051 	.db #0x0f	; 15
    00000F95 09                    4052 	.db #0x09	; 9
    00000F96 0F                    4053 	.db #0x0f	; 15
    00000F97 08                    4054 	.db #0x08	; 8
    00000F98 C0                    4055 	.db #0xc0	; 192
    00000F99 C0                    4056 	.db #0xc0	; 192
    00000F9A 20                    4057 	.db #0x20	; 32
    00000F9B E0                    4058 	.db #0xe0	; 224
    00000F9C 10                    4059 	.db #0x10	; 16
    00000F9D F0                    4060 	.db #0xf0	; 240
    00000F9E 08                    4061 	.db #0x08	; 8
    00000F9F F8                    4062 	.db #0xf8	; 248
    00000FA0 FE                    4063 	.db #0xfe	; 254
    00000FA1 FE                    4064 	.db #0xfe	; 254
    00000FA2 84                    4065 	.db #0x84	; 132
    00000FA3 7C                    4066 	.db #0x7c	; 124
    00000FA4 C4                    4067 	.db #0xc4	; 196
    00000FA5 3C                    4068 	.db #0x3c	; 60
    00000FA6 C8                    4069 	.db #0xc8	; 200
    00000FA7 38                    4070 	.db #0x38	; 56	'8'
    00000FA8 04                    4071 	.db #0x04	; 4
    00000FA9 07                    4072 	.db #0x07	; 7
    00000FAA 08                    4073 	.db #0x08	; 8
    00000FAB 0F                    4074 	.db #0x0f	; 15
    00000FAC 14                    4075 	.db #0x14	; 20
    00000FAD 1B                    4076 	.db #0x1b	; 27
    00000FAE 1C                    4077 	.db #0x1c	; 28
    00000FAF 1B                    4078 	.db #0x1b	; 27
    00000FB0 06                    4079 	.db #0x06	; 6
    00000FB1 06                    4080 	.db #0x06	; 6
    00000FB2 05                    4081 	.db #0x05	; 5
    00000FB3 07                    4082 	.db #0x07	; 7
    00000FB4 00                    4083 	.db #0x00	; 0
    00000FB5 00                    4084 	.db #0x00	; 0
    00000FB6 00                    4085 	.db #0x00	; 0
    00000FB7 00                    4086 	.db #0x00	; 0
    00000FB8 10                    4087 	.db #0x10	; 16
    00000FB9 F0                    4088 	.db #0xf0	; 240
    00000FBA 10                    4089 	.db #0x10	; 16
    00000FBB F0                    4090 	.db #0xf0	; 240
    00000FBC 38                    4091 	.db #0x38	; 56	'8'
    00000FBD E8                    4092 	.db #0xe8	; 232
    00000FBE 38                    4093 	.db #0x38	; 56	'8'
    00000FBF E8                    4094 	.db #0xe8	; 232
    00000FC0 E0                    4095 	.db #0xe0	; 224
    00000FC1 E0                    4096 	.db #0xe0	; 224
    00000FC2 30                    4097 	.db #0x30	; 48	'0'
    00000FC3 D0                    4098 	.db #0xd0	; 208
    00000FC4 00                    4099 	.db #0x00	; 0
    00000FC5 00                    4100 	.db #0x00	; 0
    00000FC6 00                    4101 	.db #0x00	; 0
    00000FC7 00                    4102 	.db #0x00	; 0
    00000FC8                       4103 _npc_child_sprite:
    00000FC8 0F                    4104 	.db #0x0f	; 15
    00000FC9 0F                    4105 	.db #0x0f	; 15
    00000FCA 3F                    4106 	.db #0x3f	; 63
    00000FCB 30                    4107 	.db #0x30	; 48	'0'
    00000FCC 7F                    4108 	.db #0x7f	; 127
    00000FCD 40                    4109 	.db #0x40	; 64
    00000FCE FF                    4110 	.db #0xff	; 255
    00000FCF 80                    4111 	.db #0x80	; 128
    00000FD0 FF                    4112 	.db #0xff	; 255
    00000FD1 90                    4113 	.db #0x90	; 144
    00000FD2 FC                    4114 	.db #0xfc	; 252
    00000FD3 83                    4115 	.db #0x83	; 131
    00000FD4 7F                    4116 	.db #0x7f	; 127
    00000FD5 40                    4117 	.db #0x40	; 64
    00000FD6 3F                    4118 	.db #0x3f	; 63
    00000FD7 3F                    4119 	.db #0x3f	; 63
    00000FD8 C0                    4120 	.db #0xc0	; 192
    00000FD9 C0                    4121 	.db #0xc0	; 192
    00000FDA F0                    4122 	.db #0xf0	; 240
    00000FDB 30                    4123 	.db #0x30	; 48	'0'
    00000FDC F8                    4124 	.db #0xf8	; 248
    00000FDD 08                    4125 	.db #0x08	; 8
    00000FDE FC                    4126 	.db #0xfc	; 252
    00000FDF 04                    4127 	.db #0x04	; 4
    00000FE0 FC                    4128 	.db #0xfc	; 252
    00000FE1 44                    4129 	.db #0x44	; 68	'D'
    00000FE2 FC                    4130 	.db #0xfc	; 252
    00000FE3 04                    4131 	.db #0x04	; 4
    00000FE4 F8                    4132 	.db #0xf8	; 248
    00000FE5 08                    4133 	.db #0x08	; 8
    00000FE6 F0                    4134 	.db #0xf0	; 240
    00000FE7 F0                    4135 	.db #0xf0	; 240
    00000FE8 10                    4136 	.db #0x10	; 16
    00000FE9 1F                    4137 	.db #0x1f	; 31
    00000FEA 20                    4138 	.db #0x20	; 32
    00000FEB 3F                    4139 	.db #0x3f	; 63
    00000FEC 20                    4140 	.db #0x20	; 32
    00000FED 3F                    4141 	.db #0x3f	; 63
    00000FEE 20                    4142 	.db #0x20	; 32
    00000FEF 3F                    4143 	.db #0x3f	; 63
    00000FF0 18                    4144 	.db #0x18	; 24
    00000FF1 18                    4145 	.db #0x18	; 24
    00000FF2 3C                    4146 	.db #0x3c	; 60
    00000FF3 24                    4147 	.db #0x24	; 36
    00000FF4 3C                    4148 	.db #0x3c	; 60
    00000FF5 3C                    4149 	.db #0x3c	; 60
    00000FF6 00                    4150 	.db #0x00	; 0
    00000FF7 00                    4151 	.db #0x00	; 0
    00000FF8 20                    4152 	.db #0x20	; 32
    00000FF9 E0                    4153 	.db #0xe0	; 224
    00000FFA 10                    4154 	.db #0x10	; 16
    00000FFB F0                    4155 	.db #0xf0	; 240
    00000FFC 10                    4156 	.db #0x10	; 16
    00000FFD F0                    4157 	.db #0xf0	; 240
    00000FFE 10                    4158 	.db #0x10	; 16
    00000FFF F0                    4159 	.db #0xf0	; 240
    00001000 60                    4160 	.db #0x60	; 96
    00001001 60                    4161 	.db #0x60	; 96
    00001002 F0                    4162 	.db #0xf0	; 240
    00001003 90                    4163 	.db #0x90	; 144
    00001004 F0                    4164 	.db #0xf0	; 240
    00001005 F0                    4165 	.db #0xf0	; 240
    00001006 00                    4166 	.db #0x00	; 0
    00001007 00                    4167 	.db #0x00	; 0
    00001008                       4168 _guard_sprite_data:
    00001008 0F                    4169 	.db #0x0f	; 15
    00001009 0F                    4170 	.db #0x0f	; 15
    0000100A 10                    4171 	.db #0x10	; 16
    0000100B 1F                    4172 	.db #0x1f	; 31
    0000100C 3F                    4173 	.db #0x3f	; 63
    0000100D 3F                    4174 	.db #0x3f	; 63
    0000100E 3F                    4175 	.db #0x3f	; 63
    0000100F 20                    4176 	.db #0x20	; 32
    00001010 3F                    4177 	.db #0x3f	; 63
    00001011 24                    4178 	.db #0x24	; 36
    00001012 3F                    4179 	.db #0x3f	; 63
    00001013 20                    4180 	.db #0x20	; 32
    00001014 1F                    4181 	.db #0x1f	; 31
    00001015 10                    4182 	.db #0x10	; 16
    00001016 0F                    4183 	.db #0x0f	; 15
    00001017 0F                    4184 	.db #0x0f	; 15
    00001018 E0                    4185 	.db #0xe0	; 224
    00001019 E0                    4186 	.db #0xe0	; 224
    0000101A 10                    4187 	.db #0x10	; 16
    0000101B F0                    4188 	.db #0xf0	; 240
    0000101C F0                    4189 	.db #0xf0	; 240
    0000101D F0                    4190 	.db #0xf0	; 240
    0000101E FC                    4191 	.db #0xfc	; 252
    0000101F 04                    4192 	.db #0x04	; 4
    00001020 FC                    4193 	.db #0xfc	; 252
    00001021 24                    4194 	.db #0x24	; 36
    00001022 3C                    4195 	.db #0x3c	; 60
    00001023 C4                    4196 	.db #0xc4	; 196
    00001024 F8                    4197 	.db #0xf8	; 248
    00001025 08                    4198 	.db #0x08	; 8
    00001026 F0                    4199 	.db #0xf0	; 240
    00001027 F0                    4200 	.db #0xf0	; 240
    00001028 10                    4201 	.db #0x10	; 16
    00001029 1F                    4202 	.db #0x1f	; 31
    0000102A 20                    4203 	.db #0x20	; 32
    0000102B 3F                    4204 	.db #0x3f	; 63
    0000102C 26                    4205 	.db #0x26	; 38
    0000102D 3F                    4206 	.db #0x3f	; 63
    0000102E 3F                    4207 	.db #0x3f	; 63
    0000102F 3F                    4208 	.db #0x3f	; 63
    00001030 12                    4209 	.db #0x12	; 18
    00001031 1E                    4210 	.db #0x1e	; 30
    00001032 12                    4211 	.db #0x12	; 18
    00001033 1E                    4212 	.db #0x1e	; 30
    00001034 3E                    4213 	.db #0x3e	; 62
    00001035 3E                    4214 	.db #0x3e	; 62
    00001036 00                    4215 	.db #0x00	; 0
    00001037 00                    4216 	.db #0x00	; 0
    00001038 08                    4217 	.db #0x08	; 8
    00001039 F8                    4218 	.db #0xf8	; 248
    0000103A 04                    4219 	.db #0x04	; 4
    0000103B FC                    4220 	.db #0xfc	; 252
    0000103C 34                    4221 	.db #0x34	; 52	'4'
    0000103D FC                    4222 	.db #0xfc	; 252
    0000103E FC                    4223 	.db #0xfc	; 252
    0000103F FC                    4224 	.db #0xfc	; 252
    00001040 48                    4225 	.db #0x48	; 72	'H'
    00001041 78                    4226 	.db #0x78	; 120	'x'
    00001042 48                    4227 	.db #0x48	; 72	'H'
    00001043 78                    4228 	.db #0x78	; 120	'x'
    00001044 7C                    4229 	.db #0x7c	; 124
    00001045 7C                    4230 	.db #0x7c	; 124
    00001046 00                    4231 	.db #0x00	; 0
    00001047 00                    4232 	.db #0x00	; 0
    00001048 0F                    4233 	.db #0x0f	; 15
    00001049 0F                    4234 	.db #0x0f	; 15
    0000104A 10                    4235 	.db #0x10	; 16
    0000104B 1F                    4236 	.db #0x1f	; 31
    0000104C 3F                    4237 	.db #0x3f	; 63
    0000104D 3F                    4238 	.db #0x3f	; 63
    0000104E 3F                    4239 	.db #0x3f	; 63
    0000104F 20                    4240 	.db #0x20	; 32
    00001050 3F                    4241 	.db #0x3f	; 63
    00001051 24                    4242 	.db #0x24	; 36
    00001052 3F                    4243 	.db #0x3f	; 63
    00001053 20                    4244 	.db #0x20	; 32
    00001054 1F                    4245 	.db #0x1f	; 31
    00001055 10                    4246 	.db #0x10	; 16
    00001056 0F                    4247 	.db #0x0f	; 15
    00001057 0F                    4248 	.db #0x0f	; 15
    00001058 E0                    4249 	.db #0xe0	; 224
    00001059 E0                    4250 	.db #0xe0	; 224
    0000105A 10                    4251 	.db #0x10	; 16
    0000105B F0                    4252 	.db #0xf0	; 240
    0000105C F0                    4253 	.db #0xf0	; 240
    0000105D F0                    4254 	.db #0xf0	; 240
    0000105E FC                    4255 	.db #0xfc	; 252
    0000105F 04                    4256 	.db #0x04	; 4
    00001060 FC                    4257 	.db #0xfc	; 252
    00001061 24                    4258 	.db #0x24	; 36
    00001062 3C                    4259 	.db #0x3c	; 60
    00001063 C4                    4260 	.db #0xc4	; 196
    00001064 F8                    4261 	.db #0xf8	; 248
    00001065 08                    4262 	.db #0x08	; 8
    00001066 F0                    4263 	.db #0xf0	; 240
    00001067 F0                    4264 	.db #0xf0	; 240
    00001068 10                    4265 	.db #0x10	; 16
    00001069 1F                    4266 	.db #0x1f	; 31
    0000106A 20                    4267 	.db #0x20	; 32
    0000106B 3F                    4268 	.db #0x3f	; 63
    0000106C 26                    4269 	.db #0x26	; 38
    0000106D 3F                    4270 	.db #0x3f	; 63
    0000106E 3F                    4271 	.db #0x3f	; 63
    0000106F 3F                    4272 	.db #0x3f	; 63
    00001070 1E                    4273 	.db #0x1e	; 30
    00001071 1E                    4274 	.db #0x1e	; 30
    00001072 3E                    4275 	.db #0x3e	; 62
    00001073 22                    4276 	.db #0x22	; 34
    00001074 3E                    4277 	.db #0x3e	; 62
    00001075 3E                    4278 	.db #0x3e	; 62
    00001076 00                    4279 	.db #0x00	; 0
    00001077 00                    4280 	.db #0x00	; 0
    00001078 08                    4281 	.db #0x08	; 8
    00001079 F8                    4282 	.db #0xf8	; 248
    0000107A 04                    4283 	.db #0x04	; 4
    0000107B FC                    4284 	.db #0xfc	; 252
    0000107C 34                    4285 	.db #0x34	; 52	'4'
    0000107D FC                    4286 	.db #0xfc	; 252
    0000107E FC                    4287 	.db #0xfc	; 252
    0000107F FC                    4288 	.db #0xfc	; 252
    00001080 00                    4289 	.db #0x00	; 0
    00001081 00                    4290 	.db #0x00	; 0
    00001082 1C                    4291 	.db #0x1c	; 28
    00001083 1C                    4292 	.db #0x1c	; 28
    00001084 3E                    4293 	.db #0x3e	; 62
    00001085 22                    4294 	.db #0x22	; 34
    00001086 3E                    4295 	.db #0x3e	; 62
    00001087 3E                    4296 	.db #0x3e	; 62
    00001088                       4297 _font_data:
    00001088 00                    4298 	.db #0x00	; 0
    00001089 00                    4299 	.db #0x00	; 0
    0000108A 00                    4300 	.db #0x00	; 0
    0000108B 00                    4301 	.db #0x00	; 0
    0000108C 00                    4302 	.db #0x00	; 0
    0000108D 00                    4303 	.db #0x00	; 0
    0000108E 00                    4304 	.db #0x00	; 0
    0000108F 00                    4305 	.db #0x00	; 0
    00001090 00                    4306 	.db #0x00	; 0
    00001091 00                    4307 	.db #0x00	; 0
    00001092 00                    4308 	.db #0x00	; 0
    00001093 00                    4309 	.db #0x00	; 0
    00001094 00                    4310 	.db #0x00	; 0
    00001095 00                    4311 	.db #0x00	; 0
    00001096 00                    4312 	.db #0x00	; 0
    00001097 00                    4313 	.db #0x00	; 0
    00001098 00                    4314 	.db #0x00	; 0
    00001099 00                    4315 	.db #0x00	; 0
    0000109A 18                    4316 	.db #0x18	; 24
    0000109B 18                    4317 	.db #0x18	; 24
    0000109C 24                    4318 	.db #0x24	; 36
    0000109D 24                    4319 	.db #0x24	; 36
    0000109E 3C                    4320 	.db #0x3c	; 60
    0000109F 3C                    4321 	.db #0x3c	; 60
    000010A0 24                    4322 	.db #0x24	; 36
    000010A1 24                    4323 	.db #0x24	; 36
    000010A2 24                    4324 	.db #0x24	; 36
    000010A3 24                    4325 	.db #0x24	; 36
    000010A4 00                    4326 	.db #0x00	; 0
    000010A5 00                    4327 	.db #0x00	; 0
    000010A6 00                    4328 	.db #0x00	; 0
    000010A7 00                    4329 	.db #0x00	; 0
    000010A8 00                    4330 	.db #0x00	; 0
    000010A9 00                    4331 	.db #0x00	; 0
    000010AA 38                    4332 	.db #0x38	; 56	'8'
    000010AB 38                    4333 	.db #0x38	; 56	'8'
    000010AC 24                    4334 	.db #0x24	; 36
    000010AD 24                    4335 	.db #0x24	; 36
    000010AE 38                    4336 	.db #0x38	; 56	'8'
    000010AF 38                    4337 	.db #0x38	; 56	'8'
    000010B0 24                    4338 	.db #0x24	; 36
    000010B1 24                    4339 	.db #0x24	; 36
    000010B2 38                    4340 	.db #0x38	; 56	'8'
    000010B3 38                    4341 	.db #0x38	; 56	'8'
    000010B4 00                    4342 	.db #0x00	; 0
    000010B5 00                    4343 	.db #0x00	; 0
    000010B6 00                    4344 	.db #0x00	; 0
    000010B7 00                    4345 	.db #0x00	; 0
    000010B8 00                    4346 	.db #0x00	; 0
    000010B9 00                    4347 	.db #0x00	; 0
    000010BA 18                    4348 	.db #0x18	; 24
    000010BB 18                    4349 	.db #0x18	; 24
    000010BC 20                    4350 	.db #0x20	; 32
    000010BD 20                    4351 	.db #0x20	; 32
    000010BE 20                    4352 	.db #0x20	; 32
    000010BF 20                    4353 	.db #0x20	; 32
    000010C0 20                    4354 	.db #0x20	; 32
    000010C1 20                    4355 	.db #0x20	; 32
    000010C2 18                    4356 	.db #0x18	; 24
    000010C3 18                    4357 	.db #0x18	; 24
    000010C4 00                    4358 	.db #0x00	; 0
    000010C5 00                    4359 	.db #0x00	; 0
    000010C6 00                    4360 	.db #0x00	; 0
    000010C7 00                    4361 	.db #0x00	; 0
    000010C8 00                    4362 	.db #0x00	; 0
    000010C9 00                    4363 	.db #0x00	; 0
    000010CA 38                    4364 	.db #0x38	; 56	'8'
    000010CB 38                    4365 	.db #0x38	; 56	'8'
    000010CC 24                    4366 	.db #0x24	; 36
    000010CD 24                    4367 	.db #0x24	; 36
    000010CE 24                    4368 	.db #0x24	; 36
    000010CF 24                    4369 	.db #0x24	; 36
    000010D0 24                    4370 	.db #0x24	; 36
    000010D1 24                    4371 	.db #0x24	; 36
    000010D2 38                    4372 	.db #0x38	; 56	'8'
    000010D3 38                    4373 	.db #0x38	; 56	'8'
    000010D4 00                    4374 	.db #0x00	; 0
    000010D5 00                    4375 	.db #0x00	; 0
    000010D6 00                    4376 	.db #0x00	; 0
    000010D7 00                    4377 	.db #0x00	; 0
    000010D8 00                    4378 	.db #0x00	; 0
    000010D9 00                    4379 	.db #0x00	; 0
    000010DA 3C                    4380 	.db #0x3c	; 60
    000010DB 3C                    4381 	.db #0x3c	; 60
    000010DC 20                    4382 	.db #0x20	; 32
    000010DD 20                    4383 	.db #0x20	; 32
    000010DE 38                    4384 	.db #0x38	; 56	'8'
    000010DF 38                    4385 	.db #0x38	; 56	'8'
    000010E0 20                    4386 	.db #0x20	; 32
    000010E1 20                    4387 	.db #0x20	; 32
    000010E2 3C                    4388 	.db #0x3c	; 60
    000010E3 3C                    4389 	.db #0x3c	; 60
    000010E4 00                    4390 	.db #0x00	; 0
    000010E5 00                    4391 	.db #0x00	; 0
    000010E6 00                    4392 	.db #0x00	; 0
    000010E7 00                    4393 	.db #0x00	; 0
    000010E8 00                    4394 	.db #0x00	; 0
    000010E9 00                    4395 	.db #0x00	; 0
    000010EA 3C                    4396 	.db #0x3c	; 60
    000010EB 3C                    4397 	.db #0x3c	; 60
    000010EC 20                    4398 	.db #0x20	; 32
    000010ED 20                    4399 	.db #0x20	; 32
    000010EE 38                    4400 	.db #0x38	; 56	'8'
    000010EF 38                    4401 	.db #0x38	; 56	'8'
    000010F0 20                    4402 	.db #0x20	; 32
    000010F1 20                    4403 	.db #0x20	; 32
    000010F2 20                    4404 	.db #0x20	; 32
    000010F3 20                    4405 	.db #0x20	; 32
    000010F4 00                    4406 	.db #0x00	; 0
    000010F5 00                    4407 	.db #0x00	; 0
    000010F6 00                    4408 	.db #0x00	; 0
    000010F7 00                    4409 	.db #0x00	; 0
    000010F8 00                    4410 	.db #0x00	; 0
    000010F9 00                    4411 	.db #0x00	; 0
    000010FA 1C                    4412 	.db #0x1c	; 28
    000010FB 1C                    4413 	.db #0x1c	; 28
    000010FC 20                    4414 	.db #0x20	; 32
    000010FD 20                    4415 	.db #0x20	; 32
    000010FE 2C                    4416 	.db #0x2c	; 44
    000010FF 2C                    4417 	.db #0x2c	; 44
    00001100 24                    4418 	.db #0x24	; 36
    00001101 24                    4419 	.db #0x24	; 36
    00001102 1C                    4420 	.db #0x1c	; 28
    00001103 1C                    4421 	.db #0x1c	; 28
    00001104 00                    4422 	.db #0x00	; 0
    00001105 00                    4423 	.db #0x00	; 0
    00001106 00                    4424 	.db #0x00	; 0
    00001107 00                    4425 	.db #0x00	; 0
    00001108 00                    4426 	.db #0x00	; 0
    00001109 00                    4427 	.db #0x00	; 0
    0000110A 24                    4428 	.db #0x24	; 36
    0000110B 24                    4429 	.db #0x24	; 36
    0000110C 24                    4430 	.db #0x24	; 36
    0000110D 24                    4431 	.db #0x24	; 36
    0000110E 3C                    4432 	.db #0x3c	; 60
    0000110F 3C                    4433 	.db #0x3c	; 60
    00001110 24                    4434 	.db #0x24	; 36
    00001111 24                    4435 	.db #0x24	; 36
    00001112 24                    4436 	.db #0x24	; 36
    00001113 24                    4437 	.db #0x24	; 36
    00001114 00                    4438 	.db #0x00	; 0
    00001115 00                    4439 	.db #0x00	; 0
    00001116 00                    4440 	.db #0x00	; 0
    00001117 00                    4441 	.db #0x00	; 0
    00001118 00                    4442 	.db #0x00	; 0
    00001119 00                    4443 	.db #0x00	; 0
    0000111A 1C                    4444 	.db #0x1c	; 28
    0000111B 1C                    4445 	.db #0x1c	; 28
    0000111C 08                    4446 	.db #0x08	; 8
    0000111D 08                    4447 	.db #0x08	; 8
    0000111E 08                    4448 	.db #0x08	; 8
    0000111F 08                    4449 	.db #0x08	; 8
    00001120 08                    4450 	.db #0x08	; 8
    00001121 08                    4451 	.db #0x08	; 8
    00001122 1C                    4452 	.db #0x1c	; 28
    00001123 1C                    4453 	.db #0x1c	; 28
    00001124 00                    4454 	.db #0x00	; 0
    00001125 00                    4455 	.db #0x00	; 0
    00001126 00                    4456 	.db #0x00	; 0
    00001127 00                    4457 	.db #0x00	; 0
    00001128 00                    4458 	.db #0x00	; 0
    00001129 00                    4459 	.db #0x00	; 0
    0000112A 0C                    4460 	.db #0x0c	; 12
    0000112B 0C                    4461 	.db #0x0c	; 12
    0000112C 04                    4462 	.db #0x04	; 4
    0000112D 04                    4463 	.db #0x04	; 4
    0000112E 04                    4464 	.db #0x04	; 4
    0000112F 04                    4465 	.db #0x04	; 4
    00001130 24                    4466 	.db #0x24	; 36
    00001131 24                    4467 	.db #0x24	; 36
    00001132 18                    4468 	.db #0x18	; 24
    00001133 18                    4469 	.db #0x18	; 24
    00001134 00                    4470 	.db #0x00	; 0
    00001135 00                    4471 	.db #0x00	; 0
    00001136 00                    4472 	.db #0x00	; 0
    00001137 00                    4473 	.db #0x00	; 0
    00001138 00                    4474 	.db #0x00	; 0
    00001139 00                    4475 	.db #0x00	; 0
    0000113A 24                    4476 	.db #0x24	; 36
    0000113B 24                    4477 	.db #0x24	; 36
    0000113C 28                    4478 	.db #0x28	; 40
    0000113D 28                    4479 	.db #0x28	; 40
    0000113E 30                    4480 	.db #0x30	; 48	'0'
    0000113F 30                    4481 	.db #0x30	; 48	'0'
    00001140 28                    4482 	.db #0x28	; 40
    00001141 28                    4483 	.db #0x28	; 40
    00001142 24                    4484 	.db #0x24	; 36
    00001143 24                    4485 	.db #0x24	; 36
    00001144 00                    4486 	.db #0x00	; 0
    00001145 00                    4487 	.db #0x00	; 0
    00001146 00                    4488 	.db #0x00	; 0
    00001147 00                    4489 	.db #0x00	; 0
    00001148 00                    4490 	.db #0x00	; 0
    00001149 00                    4491 	.db #0x00	; 0
    0000114A 20                    4492 	.db #0x20	; 32
    0000114B 20                    4493 	.db #0x20	; 32
    0000114C 20                    4494 	.db #0x20	; 32
    0000114D 20                    4495 	.db #0x20	; 32
    0000114E 20                    4496 	.db #0x20	; 32
    0000114F 20                    4497 	.db #0x20	; 32
    00001150 20                    4498 	.db #0x20	; 32
    00001151 20                    4499 	.db #0x20	; 32
    00001152 3C                    4500 	.db #0x3c	; 60
    00001153 3C                    4501 	.db #0x3c	; 60
    00001154 00                    4502 	.db #0x00	; 0
    00001155 00                    4503 	.db #0x00	; 0
    00001156 00                    4504 	.db #0x00	; 0
    00001157 00                    4505 	.db #0x00	; 0
    00001158 00                    4506 	.db #0x00	; 0
    00001159 00                    4507 	.db #0x00	; 0
    0000115A 22                    4508 	.db #0x22	; 34
    0000115B 22                    4509 	.db #0x22	; 34
    0000115C 36                    4510 	.db #0x36	; 54	'6'
    0000115D 36                    4511 	.db #0x36	; 54	'6'
    0000115E 2A                    4512 	.db #0x2a	; 42
    0000115F 2A                    4513 	.db #0x2a	; 42
    00001160 22                    4514 	.db #0x22	; 34
    00001161 22                    4515 	.db #0x22	; 34
    00001162 22                    4516 	.db #0x22	; 34
    00001163 22                    4517 	.db #0x22	; 34
    00001164 00                    4518 	.db #0x00	; 0
    00001165 00                    4519 	.db #0x00	; 0
    00001166 00                    4520 	.db #0x00	; 0
    00001167 00                    4521 	.db #0x00	; 0
    00001168 00                    4522 	.db #0x00	; 0
    00001169 00                    4523 	.db #0x00	; 0
    0000116A 22                    4524 	.db #0x22	; 34
    0000116B 22                    4525 	.db #0x22	; 34
    0000116C 32                    4526 	.db #0x32	; 50	'2'
    0000116D 32                    4527 	.db #0x32	; 50	'2'
    0000116E 2A                    4528 	.db #0x2a	; 42
    0000116F 2A                    4529 	.db #0x2a	; 42
    00001170 26                    4530 	.db #0x26	; 38
    00001171 26                    4531 	.db #0x26	; 38
    00001172 22                    4532 	.db #0x22	; 34
    00001173 22                    4533 	.db #0x22	; 34
    00001174 00                    4534 	.db #0x00	; 0
    00001175 00                    4535 	.db #0x00	; 0
    00001176 00                    4536 	.db #0x00	; 0
    00001177 00                    4537 	.db #0x00	; 0
    00001178 00                    4538 	.db #0x00	; 0
    00001179 00                    4539 	.db #0x00	; 0
    0000117A 18                    4540 	.db #0x18	; 24
    0000117B 18                    4541 	.db #0x18	; 24
    0000117C 24                    4542 	.db #0x24	; 36
    0000117D 24                    4543 	.db #0x24	; 36
    0000117E 24                    4544 	.db #0x24	; 36
    0000117F 24                    4545 	.db #0x24	; 36
    00001180 24                    4546 	.db #0x24	; 36
    00001181 24                    4547 	.db #0x24	; 36
    00001182 18                    4548 	.db #0x18	; 24
    00001183 18                    4549 	.db #0x18	; 24
    00001184 00                    4550 	.db #0x00	; 0
    00001185 00                    4551 	.db #0x00	; 0
    00001186 00                    4552 	.db #0x00	; 0
    00001187 00                    4553 	.db #0x00	; 0
    00001188 00                    4554 	.db #0x00	; 0
    00001189 00                    4555 	.db #0x00	; 0
    0000118A 38                    4556 	.db #0x38	; 56	'8'
    0000118B 38                    4557 	.db #0x38	; 56	'8'
    0000118C 24                    4558 	.db #0x24	; 36
    0000118D 24                    4559 	.db #0x24	; 36
    0000118E 38                    4560 	.db #0x38	; 56	'8'
    0000118F 38                    4561 	.db #0x38	; 56	'8'
    00001190 20                    4562 	.db #0x20	; 32
    00001191 20                    4563 	.db #0x20	; 32
    00001192 20                    4564 	.db #0x20	; 32
    00001193 20                    4565 	.db #0x20	; 32
    00001194 00                    4566 	.db #0x00	; 0
    00001195 00                    4567 	.db #0x00	; 0
    00001196 00                    4568 	.db #0x00	; 0
    00001197 00                    4569 	.db #0x00	; 0
    00001198 00                    4570 	.db #0x00	; 0
    00001199 00                    4571 	.db #0x00	; 0
    0000119A 18                    4572 	.db #0x18	; 24
    0000119B 18                    4573 	.db #0x18	; 24
    0000119C 24                    4574 	.db #0x24	; 36
    0000119D 24                    4575 	.db #0x24	; 36
    0000119E 24                    4576 	.db #0x24	; 36
    0000119F 24                    4577 	.db #0x24	; 36
    000011A0 28                    4578 	.db #0x28	; 40
    000011A1 28                    4579 	.db #0x28	; 40
    000011A2 14                    4580 	.db #0x14	; 20
    000011A3 14                    4581 	.db #0x14	; 20
    000011A4 00                    4582 	.db #0x00	; 0
    000011A5 00                    4583 	.db #0x00	; 0
    000011A6 00                    4584 	.db #0x00	; 0
    000011A7 00                    4585 	.db #0x00	; 0
    000011A8 00                    4586 	.db #0x00	; 0
    000011A9 00                    4587 	.db #0x00	; 0
    000011AA 38                    4588 	.db #0x38	; 56	'8'
    000011AB 38                    4589 	.db #0x38	; 56	'8'
    000011AC 24                    4590 	.db #0x24	; 36
    000011AD 24                    4591 	.db #0x24	; 36
    000011AE 38                    4592 	.db #0x38	; 56	'8'
    000011AF 38                    4593 	.db #0x38	; 56	'8'
    000011B0 28                    4594 	.db #0x28	; 40
    000011B1 28                    4595 	.db #0x28	; 40
    000011B2 24                    4596 	.db #0x24	; 36
    000011B3 24                    4597 	.db #0x24	; 36
    000011B4 00                    4598 	.db #0x00	; 0
    000011B5 00                    4599 	.db #0x00	; 0
    000011B6 00                    4600 	.db #0x00	; 0
    000011B7 00                    4601 	.db #0x00	; 0
    000011B8 00                    4602 	.db #0x00	; 0
    000011B9 00                    4603 	.db #0x00	; 0
    000011BA 1C                    4604 	.db #0x1c	; 28
    000011BB 1C                    4605 	.db #0x1c	; 28
    000011BC 20                    4606 	.db #0x20	; 32
    000011BD 20                    4607 	.db #0x20	; 32
    000011BE 18                    4608 	.db #0x18	; 24
    000011BF 18                    4609 	.db #0x18	; 24
    000011C0 04                    4610 	.db #0x04	; 4
    000011C1 04                    4611 	.db #0x04	; 4
    000011C2 38                    4612 	.db #0x38	; 56	'8'
    000011C3 38                    4613 	.db #0x38	; 56	'8'
    000011C4 00                    4614 	.db #0x00	; 0
    000011C5 00                    4615 	.db #0x00	; 0
    000011C6 00                    4616 	.db #0x00	; 0
    000011C7 00                    4617 	.db #0x00	; 0
    000011C8 00                    4618 	.db #0x00	; 0
    000011C9 00                    4619 	.db #0x00	; 0
    000011CA 3E                    4620 	.db #0x3e	; 62
    000011CB 3E                    4621 	.db #0x3e	; 62
    000011CC 08                    4622 	.db #0x08	; 8
    000011CD 08                    4623 	.db #0x08	; 8
    000011CE 08                    4624 	.db #0x08	; 8
    000011CF 08                    4625 	.db #0x08	; 8
    000011D0 08                    4626 	.db #0x08	; 8
    000011D1 08                    4627 	.db #0x08	; 8
    000011D2 08                    4628 	.db #0x08	; 8
    000011D3 08                    4629 	.db #0x08	; 8
    000011D4 00                    4630 	.db #0x00	; 0
    000011D5 00                    4631 	.db #0x00	; 0
    000011D6 00                    4632 	.db #0x00	; 0
    000011D7 00                    4633 	.db #0x00	; 0
    000011D8 00                    4634 	.db #0x00	; 0
    000011D9 00                    4635 	.db #0x00	; 0
    000011DA 24                    4636 	.db #0x24	; 36
    000011DB 24                    4637 	.db #0x24	; 36
    000011DC 24                    4638 	.db #0x24	; 36
    000011DD 24                    4639 	.db #0x24	; 36
    000011DE 24                    4640 	.db #0x24	; 36
    000011DF 24                    4641 	.db #0x24	; 36
    000011E0 24                    4642 	.db #0x24	; 36
    000011E1 24                    4643 	.db #0x24	; 36
    000011E2 18                    4644 	.db #0x18	; 24
    000011E3 18                    4645 	.db #0x18	; 24
    000011E4 00                    4646 	.db #0x00	; 0
    000011E5 00                    4647 	.db #0x00	; 0
    000011E6 00                    4648 	.db #0x00	; 0
    000011E7 00                    4649 	.db #0x00	; 0
    000011E8 00                    4650 	.db #0x00	; 0
    000011E9 00                    4651 	.db #0x00	; 0
    000011EA 24                    4652 	.db #0x24	; 36
    000011EB 24                    4653 	.db #0x24	; 36
    000011EC 24                    4654 	.db #0x24	; 36
    000011ED 24                    4655 	.db #0x24	; 36
    000011EE 24                    4656 	.db #0x24	; 36
    000011EF 24                    4657 	.db #0x24	; 36
    000011F0 18                    4658 	.db #0x18	; 24
    000011F1 18                    4659 	.db #0x18	; 24
    000011F2 08                    4660 	.db #0x08	; 8
    000011F3 08                    4661 	.db #0x08	; 8
    000011F4 00                    4662 	.db #0x00	; 0
    000011F5 00                    4663 	.db #0x00	; 0
    000011F6 00                    4664 	.db #0x00	; 0
    000011F7 00                    4665 	.db #0x00	; 0
    000011F8 00                    4666 	.db #0x00	; 0
    000011F9 00                    4667 	.db #0x00	; 0
    000011FA 22                    4668 	.db #0x22	; 34
    000011FB 22                    4669 	.db #0x22	; 34
    000011FC 22                    4670 	.db #0x22	; 34
    000011FD 22                    4671 	.db #0x22	; 34
    000011FE 2A                    4672 	.db #0x2a	; 42
    000011FF 2A                    4673 	.db #0x2a	; 42
    00001200 2A                    4674 	.db #0x2a	; 42
    00001201 2A                    4675 	.db #0x2a	; 42
    00001202 14                    4676 	.db #0x14	; 20
    00001203 14                    4677 	.db #0x14	; 20
    00001204 00                    4678 	.db #0x00	; 0
    00001205 00                    4679 	.db #0x00	; 0
    00001206 00                    4680 	.db #0x00	; 0
    00001207 00                    4681 	.db #0x00	; 0
    00001208 00                    4682 	.db #0x00	; 0
    00001209 00                    4683 	.db #0x00	; 0
    0000120A 24                    4684 	.db #0x24	; 36
    0000120B 24                    4685 	.db #0x24	; 36
    0000120C 24                    4686 	.db #0x24	; 36
    0000120D 24                    4687 	.db #0x24	; 36
    0000120E 18                    4688 	.db #0x18	; 24
    0000120F 18                    4689 	.db #0x18	; 24
    00001210 24                    4690 	.db #0x24	; 36
    00001211 24                    4691 	.db #0x24	; 36
    00001212 24                    4692 	.db #0x24	; 36
    00001213 24                    4693 	.db #0x24	; 36
    00001214 00                    4694 	.db #0x00	; 0
    00001215 00                    4695 	.db #0x00	; 0
    00001216 00                    4696 	.db #0x00	; 0
    00001217 00                    4697 	.db #0x00	; 0
    00001218 00                    4698 	.db #0x00	; 0
    00001219 00                    4699 	.db #0x00	; 0
    0000121A 24                    4700 	.db #0x24	; 36
    0000121B 24                    4701 	.db #0x24	; 36
    0000121C 24                    4702 	.db #0x24	; 36
    0000121D 24                    4703 	.db #0x24	; 36
    0000121E 18                    4704 	.db #0x18	; 24
    0000121F 18                    4705 	.db #0x18	; 24
    00001220 08                    4706 	.db #0x08	; 8
    00001221 08                    4707 	.db #0x08	; 8
    00001222 08                    4708 	.db #0x08	; 8
    00001223 08                    4709 	.db #0x08	; 8
    00001224 00                    4710 	.db #0x00	; 0
    00001225 00                    4711 	.db #0x00	; 0
    00001226 00                    4712 	.db #0x00	; 0
    00001227 00                    4713 	.db #0x00	; 0
    00001228 00                    4714 	.db #0x00	; 0
    00001229 00                    4715 	.db #0x00	; 0
    0000122A 3C                    4716 	.db #0x3c	; 60
    0000122B 3C                    4717 	.db #0x3c	; 60
    0000122C 04                    4718 	.db #0x04	; 4
    0000122D 04                    4719 	.db #0x04	; 4
    0000122E 18                    4720 	.db #0x18	; 24
    0000122F 18                    4721 	.db #0x18	; 24
    00001230 20                    4722 	.db #0x20	; 32
    00001231 20                    4723 	.db #0x20	; 32
    00001232 3C                    4724 	.db #0x3c	; 60
    00001233 3C                    4725 	.db #0x3c	; 60
    00001234 00                    4726 	.db #0x00	; 0
    00001235 00                    4727 	.db #0x00	; 0
    00001236 00                    4728 	.db #0x00	; 0
    00001237 00                    4729 	.db #0x00	; 0
    00001238 00                    4730 	.db #0x00	; 0
    00001239 00                    4731 	.db #0x00	; 0
    0000123A 00                    4732 	.db #0x00	; 0
    0000123B 00                    4733 	.db #0x00	; 0
    0000123C 00                    4734 	.db #0x00	; 0
    0000123D 00                    4735 	.db #0x00	; 0
    0000123E 00                    4736 	.db #0x00	; 0
    0000123F 00                    4737 	.db #0x00	; 0
    00001240 00                    4738 	.db #0x00	; 0
    00001241 00                    4739 	.db #0x00	; 0
    00001242 08                    4740 	.db #0x08	; 8
    00001243 08                    4741 	.db #0x08	; 8
    00001244 08                    4742 	.db #0x08	; 8
    00001245 08                    4743 	.db #0x08	; 8
    00001246 10                    4744 	.db #0x10	; 16
    00001247 10                    4745 	.db #0x10	; 16
    00001248 00                    4746 	.db #0x00	; 0
    00001249 00                    4747 	.db #0x00	; 0
    0000124A 18                    4748 	.db #0x18	; 24
    0000124B 18                    4749 	.db #0x18	; 24
    0000124C 24                    4750 	.db #0x24	; 36
    0000124D 24                    4751 	.db #0x24	; 36
    0000124E 04                    4752 	.db #0x04	; 4
    0000124F 04                    4753 	.db #0x04	; 4
    00001250 08                    4754 	.db #0x08	; 8
    00001251 08                    4755 	.db #0x08	; 8
    00001252 00                    4756 	.db #0x00	; 0
    00001253 00                    4757 	.db #0x00	; 0
    00001254 08                    4758 	.db #0x08	; 8
    00001255 08                    4759 	.db #0x08	; 8
    00001256 00                    4760 	.db #0x00	; 0
    00001257 00                    4761 	.db #0x00	; 0
    00001258 00                    4762 	.db #0x00	; 0
    00001259 00                    4763 	.db #0x00	; 0
    0000125A 08                    4764 	.db #0x08	; 8
    0000125B 08                    4765 	.db #0x08	; 8
    0000125C 08                    4766 	.db #0x08	; 8
    0000125D 08                    4767 	.db #0x08	; 8
    0000125E 08                    4768 	.db #0x08	; 8
    0000125F 08                    4769 	.db #0x08	; 8
    00001260 08                    4770 	.db #0x08	; 8
    00001261 08                    4771 	.db #0x08	; 8
    00001262 00                    4772 	.db #0x00	; 0
    00001263 00                    4773 	.db #0x00	; 0
    00001264 08                    4774 	.db #0x08	; 8
    00001265 08                    4775 	.db #0x08	; 8
    00001266 00                    4776 	.db #0x00	; 0
    00001267 00                    4777 	.db #0x00	; 0
    00001268 00                    4778 	.db #0x00	; 0
    00001269 00                    4779 	.db #0x00	; 0
    0000126A 00                    4780 	.db #0x00	; 0
    0000126B 00                    4781 	.db #0x00	; 0
    0000126C 00                    4782 	.db #0x00	; 0
    0000126D 00                    4783 	.db #0x00	; 0
    0000126E 00                    4784 	.db #0x00	; 0
    0000126F 00                    4785 	.db #0x00	; 0
    00001270 00                    4786 	.db #0x00	; 0
    00001271 00                    4787 	.db #0x00	; 0
    00001272 00                    4788 	.db #0x00	; 0
    00001273 00                    4789 	.db #0x00	; 0
    00001274 08                    4790 	.db #0x08	; 8
    00001275 08                    4791 	.db #0x08	; 8
    00001276 00                    4792 	.db #0x00	; 0
    00001277 00                    4793 	.db #0x00	; 0
    00001278 00                    4794 	.db #0x00	; 0
    00001279 00                    4795 	.db #0x00	; 0
    0000127A C0                    4796 	.db #0xc0	; 192
    0000127B C0                    4797 	.db #0xc0	; 192
    0000127C 30                    4798 	.db #0x30	; 48	'0'
    0000127D 30                    4799 	.db #0x30	; 48	'0'
    0000127E 0C                    4800 	.db #0x0c	; 12
    0000127F 0C                    4801 	.db #0x0c	; 12
    00001280 03                    4802 	.db #0x03	; 3
    00001281 03                    4803 	.db #0x03	; 3
    00001282 0C                    4804 	.db #0x0c	; 12
    00001283 0C                    4805 	.db #0x0c	; 12
    00001284 30                    4806 	.db #0x30	; 48	'0'
    00001285 30                    4807 	.db #0x30	; 48	'0'
    00001286 C0                    4808 	.db #0xc0	; 192
    00001287 C0                    4809 	.db #0xc0	; 192
    00001288 00                    4810 	.db #0x00	; 0
    00001289 00                    4811 	.db #0x00	; 0
    0000128A 1C                    4812 	.db #0x1c	; 28
    0000128B 1C                    4813 	.db #0x1c	; 28
    0000128C 22                    4814 	.db #0x22	; 34
    0000128D 22                    4815 	.db #0x22	; 34
    0000128E 22                    4816 	.db #0x22	; 34
    0000128F 22                    4817 	.db #0x22	; 34
    00001290 3C                    4818 	.db #0x3c	; 60
    00001291 3C                    4819 	.db #0x3c	; 60
    00001292 14                    4820 	.db #0x14	; 20
    00001293 14                    4821 	.db #0x14	; 20
    00001294 14                    4822 	.db #0x14	; 20
    00001295 14                    4823 	.db #0x14	; 20
    00001296 1C                    4824 	.db #0x1c	; 28
    00001297 1C                    4825 	.db #0x1c	; 28
    00001298 FF                    4826 	.db #0xff	; 255
    00001299 FF                    4827 	.db #0xff	; 255
    0000129A 80                    4828 	.db #0x80	; 128
    0000129B 80                    4829 	.db #0x80	; 128
    0000129C 80                    4830 	.db #0x80	; 128
    0000129D 80                    4831 	.db #0x80	; 128
    0000129E 80                    4832 	.db #0x80	; 128
    0000129F 80                    4833 	.db #0x80	; 128
    000012A0 80                    4834 	.db #0x80	; 128
    000012A1 80                    4835 	.db #0x80	; 128
    000012A2 80                    4836 	.db #0x80	; 128
    000012A3 80                    4837 	.db #0x80	; 128
    000012A4 80                    4838 	.db #0x80	; 128
    000012A5 80                    4839 	.db #0x80	; 128
    000012A6 80                    4840 	.db #0x80	; 128
    000012A7 80                    4841 	.db #0x80	; 128
    000012A8 FF                    4842 	.db #0xff	; 255
    000012A9 FF                    4843 	.db #0xff	; 255
    000012AA 00                    4844 	.db #0x00	; 0
    000012AB 00                    4845 	.db #0x00	; 0
    000012AC 00                    4846 	.db #0x00	; 0
    000012AD 00                    4847 	.db #0x00	; 0
    000012AE 00                    4848 	.db #0x00	; 0
    000012AF 00                    4849 	.db #0x00	; 0
    000012B0 00                    4850 	.db #0x00	; 0
    000012B1 00                    4851 	.db #0x00	; 0
    000012B2 00                    4852 	.db #0x00	; 0
    000012B3 00                    4853 	.db #0x00	; 0
    000012B4 00                    4854 	.db #0x00	; 0
    000012B5 00                    4855 	.db #0x00	; 0
    000012B6 00                    4856 	.db #0x00	; 0
    000012B7 00                    4857 	.db #0x00	; 0
    000012B8 FF                    4858 	.db #0xff	; 255
    000012B9 FF                    4859 	.db #0xff	; 255
    000012BA 01                    4860 	.db #0x01	; 1
    000012BB 01                    4861 	.db #0x01	; 1
    000012BC 01                    4862 	.db #0x01	; 1
    000012BD 01                    4863 	.db #0x01	; 1
    000012BE 01                    4864 	.db #0x01	; 1
    000012BF 01                    4865 	.db #0x01	; 1
    000012C0 01                    4866 	.db #0x01	; 1
    000012C1 01                    4867 	.db #0x01	; 1
    000012C2 01                    4868 	.db #0x01	; 1
    000012C3 01                    4869 	.db #0x01	; 1
    000012C4 01                    4870 	.db #0x01	; 1
    000012C5 01                    4871 	.db #0x01	; 1
    000012C6 01                    4872 	.db #0x01	; 1
    000012C7 01                    4873 	.db #0x01	; 1
    000012C8 80                    4874 	.db #0x80	; 128
    000012C9 80                    4875 	.db #0x80	; 128
    000012CA 80                    4876 	.db #0x80	; 128
    000012CB 80                    4877 	.db #0x80	; 128
    000012CC 80                    4878 	.db #0x80	; 128
    000012CD 80                    4879 	.db #0x80	; 128
    000012CE 80                    4880 	.db #0x80	; 128
    000012CF 80                    4881 	.db #0x80	; 128
    000012D0 80                    4882 	.db #0x80	; 128
    000012D1 80                    4883 	.db #0x80	; 128
    000012D2 80                    4884 	.db #0x80	; 128
    000012D3 80                    4885 	.db #0x80	; 128
    000012D4 80                    4886 	.db #0x80	; 128
    000012D5 80                    4887 	.db #0x80	; 128
    000012D6 80                    4888 	.db #0x80	; 128
    000012D7 80                    4889 	.db #0x80	; 128
    000012D8 80                    4890 	.db #0x80	; 128
    000012D9 80                    4891 	.db #0x80	; 128
    000012DA 80                    4892 	.db #0x80	; 128
    000012DB 80                    4893 	.db #0x80	; 128
    000012DC 80                    4894 	.db #0x80	; 128
    000012DD 80                    4895 	.db #0x80	; 128
    000012DE 80                    4896 	.db #0x80	; 128
    000012DF 80                    4897 	.db #0x80	; 128
    000012E0 80                    4898 	.db #0x80	; 128
    000012E1 80                    4899 	.db #0x80	; 128
    000012E2 80                    4900 	.db #0x80	; 128
    000012E3 80                    4901 	.db #0x80	; 128
    000012E4 80                    4902 	.db #0x80	; 128
    000012E5 80                    4903 	.db #0x80	; 128
    000012E6 FF                    4904 	.db #0xff	; 255
    000012E7 FF                    4905 	.db #0xff	; 255
    000012E8 01                    4906 	.db #0x01	; 1
    000012E9 01                    4907 	.db #0x01	; 1
    000012EA 01                    4908 	.db #0x01	; 1
    000012EB 01                    4909 	.db #0x01	; 1
    000012EC 01                    4910 	.db #0x01	; 1
    000012ED 01                    4911 	.db #0x01	; 1
    000012EE 01                    4912 	.db #0x01	; 1
    000012EF 01                    4913 	.db #0x01	; 1
    000012F0 01                    4914 	.db #0x01	; 1
    000012F1 01                    4915 	.db #0x01	; 1
    000012F2 01                    4916 	.db #0x01	; 1
    000012F3 01                    4917 	.db #0x01	; 1
    000012F4 01                    4918 	.db #0x01	; 1
    000012F5 01                    4919 	.db #0x01	; 1
    000012F6 FF                    4920 	.db #0xff	; 255
    000012F7 FF                    4921 	.db #0xff	; 255
    000012F8 00                    4922 	.db #0x00	; 0
    000012F9 00                    4923 	.db #0x00	; 0
    000012FA 18                    4924 	.db #0x18	; 24
    000012FB 18                    4925 	.db #0x18	; 24
    000012FC 24                    4926 	.db #0x24	; 36
    000012FD 24                    4927 	.db #0x24	; 36
    000012FE 24                    4928 	.db #0x24	; 36
    000012FF 24                    4929 	.db #0x24	; 36
    00001300 24                    4930 	.db #0x24	; 36
    00001301 24                    4931 	.db #0x24	; 36
    00001302 18                    4932 	.db #0x18	; 24
    00001303 18                    4933 	.db #0x18	; 24
    00001304 00                    4934 	.db #0x00	; 0
    00001305 00                    4935 	.db #0x00	; 0
    00001306 00                    4936 	.db #0x00	; 0
    00001307 00                    4937 	.db #0x00	; 0
    00001308 00                    4938 	.db #0x00	; 0
    00001309 00                    4939 	.db #0x00	; 0
    0000130A 08                    4940 	.db #0x08	; 8
    0000130B 08                    4941 	.db #0x08	; 8
    0000130C 18                    4942 	.db #0x18	; 24
    0000130D 18                    4943 	.db #0x18	; 24
    0000130E 08                    4944 	.db #0x08	; 8
    0000130F 08                    4945 	.db #0x08	; 8
    00001310 08                    4946 	.db #0x08	; 8
    00001311 08                    4947 	.db #0x08	; 8
    00001312 1C                    4948 	.db #0x1c	; 28
    00001313 1C                    4949 	.db #0x1c	; 28
    00001314 00                    4950 	.db #0x00	; 0
    00001315 00                    4951 	.db #0x00	; 0
    00001316 00                    4952 	.db #0x00	; 0
    00001317 00                    4953 	.db #0x00	; 0
    00001318 00                    4954 	.db #0x00	; 0
    00001319 00                    4955 	.db #0x00	; 0
    0000131A 38                    4956 	.db #0x38	; 56	'8'
    0000131B 38                    4957 	.db #0x38	; 56	'8'
    0000131C 04                    4958 	.db #0x04	; 4
    0000131D 04                    4959 	.db #0x04	; 4
    0000131E 18                    4960 	.db #0x18	; 24
    0000131F 18                    4961 	.db #0x18	; 24
    00001320 20                    4962 	.db #0x20	; 32
    00001321 20                    4963 	.db #0x20	; 32
    00001322 3C                    4964 	.db #0x3c	; 60
    00001323 3C                    4965 	.db #0x3c	; 60
    00001324 00                    4966 	.db #0x00	; 0
    00001325 00                    4967 	.db #0x00	; 0
    00001326 00                    4968 	.db #0x00	; 0
    00001327 00                    4969 	.db #0x00	; 0
    00001328 00                    4970 	.db #0x00	; 0
    00001329 00                    4971 	.db #0x00	; 0
    0000132A 3C                    4972 	.db #0x3c	; 60
    0000132B 3C                    4973 	.db #0x3c	; 60
    0000132C 04                    4974 	.db #0x04	; 4
    0000132D 04                    4975 	.db #0x04	; 4
    0000132E 18                    4976 	.db #0x18	; 24
    0000132F 18                    4977 	.db #0x18	; 24
    00001330 04                    4978 	.db #0x04	; 4
    00001331 04                    4979 	.db #0x04	; 4
    00001332 3C                    4980 	.db #0x3c	; 60
    00001333 3C                    4981 	.db #0x3c	; 60
    00001334 00                    4982 	.db #0x00	; 0
    00001335 00                    4983 	.db #0x00	; 0
    00001336 00                    4984 	.db #0x00	; 0
    00001337 00                    4985 	.db #0x00	; 0
    00001338 00                    4986 	.db #0x00	; 0
    00001339 00                    4987 	.db #0x00	; 0
    0000133A 24                    4988 	.db #0x24	; 36
    0000133B 24                    4989 	.db #0x24	; 36
    0000133C 24                    4990 	.db #0x24	; 36
    0000133D 24                    4991 	.db #0x24	; 36
    0000133E 3C                    4992 	.db #0x3c	; 60
    0000133F 3C                    4993 	.db #0x3c	; 60
    00001340 04                    4994 	.db #0x04	; 4
    00001341 04                    4995 	.db #0x04	; 4
    00001342 04                    4996 	.db #0x04	; 4
    00001343 04                    4997 	.db #0x04	; 4
    00001344 00                    4998 	.db #0x00	; 0
    00001345 00                    4999 	.db #0x00	; 0
    00001346 00                    5000 	.db #0x00	; 0
    00001347 00                    5001 	.db #0x00	; 0
    00001348 00                    5002 	.db #0x00	; 0
    00001349 00                    5003 	.db #0x00	; 0
    0000134A 3C                    5004 	.db #0x3c	; 60
    0000134B 3C                    5005 	.db #0x3c	; 60
    0000134C 20                    5006 	.db #0x20	; 32
    0000134D 20                    5007 	.db #0x20	; 32
    0000134E 38                    5008 	.db #0x38	; 56	'8'
    0000134F 38                    5009 	.db #0x38	; 56	'8'
    00001350 04                    5010 	.db #0x04	; 4
    00001351 04                    5011 	.db #0x04	; 4
    00001352 38                    5012 	.db #0x38	; 56	'8'
    00001353 38                    5013 	.db #0x38	; 56	'8'
    00001354 00                    5014 	.db #0x00	; 0
    00001355 00                    5015 	.db #0x00	; 0
    00001356 00                    5016 	.db #0x00	; 0
    00001357 00                    5017 	.db #0x00	; 0
    00001358 00                    5018 	.db #0x00	; 0
    00001359 00                    5019 	.db #0x00	; 0
    0000135A 1C                    5020 	.db #0x1c	; 28
    0000135B 1C                    5021 	.db #0x1c	; 28
    0000135C 20                    5022 	.db #0x20	; 32
    0000135D 20                    5023 	.db #0x20	; 32
    0000135E 38                    5024 	.db #0x38	; 56	'8'
    0000135F 38                    5025 	.db #0x38	; 56	'8'
    00001360 24                    5026 	.db #0x24	; 36
    00001361 24                    5027 	.db #0x24	; 36
    00001362 18                    5028 	.db #0x18	; 24
    00001363 18                    5029 	.db #0x18	; 24
    00001364 00                    5030 	.db #0x00	; 0
    00001365 00                    5031 	.db #0x00	; 0
    00001366 00                    5032 	.db #0x00	; 0
    00001367 00                    5033 	.db #0x00	; 0
    00001368 00                    5034 	.db #0x00	; 0
    00001369 00                    5035 	.db #0x00	; 0
    0000136A 3C                    5036 	.db #0x3c	; 60
    0000136B 3C                    5037 	.db #0x3c	; 60
    0000136C 04                    5038 	.db #0x04	; 4
    0000136D 04                    5039 	.db #0x04	; 4
    0000136E 08                    5040 	.db #0x08	; 8
    0000136F 08                    5041 	.db #0x08	; 8
    00001370 10                    5042 	.db #0x10	; 16
    00001371 10                    5043 	.db #0x10	; 16
    00001372 10                    5044 	.db #0x10	; 16
    00001373 10                    5045 	.db #0x10	; 16
    00001374 00                    5046 	.db #0x00	; 0
    00001375 00                    5047 	.db #0x00	; 0
    00001376 00                    5048 	.db #0x00	; 0
    00001377 00                    5049 	.db #0x00	; 0
    00001378 00                    5050 	.db #0x00	; 0
    00001379 00                    5051 	.db #0x00	; 0
    0000137A 18                    5052 	.db #0x18	; 24
    0000137B 18                    5053 	.db #0x18	; 24
    0000137C 24                    5054 	.db #0x24	; 36
    0000137D 24                    5055 	.db #0x24	; 36
    0000137E 18                    5056 	.db #0x18	; 24
    0000137F 18                    5057 	.db #0x18	; 24
    00001380 24                    5058 	.db #0x24	; 36
    00001381 24                    5059 	.db #0x24	; 36
    00001382 18                    5060 	.db #0x18	; 24
    00001383 18                    5061 	.db #0x18	; 24
    00001384 00                    5062 	.db #0x00	; 0
    00001385 00                    5063 	.db #0x00	; 0
    00001386 00                    5064 	.db #0x00	; 0
    00001387 00                    5065 	.db #0x00	; 0
    00001388 00                    5066 	.db #0x00	; 0
    00001389 00                    5067 	.db #0x00	; 0
    0000138A 18                    5068 	.db #0x18	; 24
    0000138B 18                    5069 	.db #0x18	; 24
    0000138C 24                    5070 	.db #0x24	; 36
    0000138D 24                    5071 	.db #0x24	; 36
    0000138E 1C                    5072 	.db #0x1c	; 28
    0000138F 1C                    5073 	.db #0x1c	; 28
    00001390 04                    5074 	.db #0x04	; 4
    00001391 04                    5075 	.db #0x04	; 4
    00001392 18                    5076 	.db #0x18	; 24
    00001393 18                    5077 	.db #0x18	; 24
    00001394 00                    5078 	.db #0x00	; 0
    00001395 00                    5079 	.db #0x00	; 0
    00001396 00                    5080 	.db #0x00	; 0
    00001397 00                    5081 	.db #0x00	; 0
    00001398 00                    5082 	.db #0x00	; 0
    00001399 00                    5083 	.db #0x00	; 0
    0000139A 00                    5084 	.db #0x00	; 0
    0000139B 00                    5085 	.db #0x00	; 0
    0000139C 08                    5086 	.db #0x08	; 8
    0000139D 08                    5087 	.db #0x08	; 8
    0000139E 00                    5088 	.db #0x00	; 0
    0000139F 00                    5089 	.db #0x00	; 0
    000013A0 00                    5090 	.db #0x00	; 0
    000013A1 00                    5091 	.db #0x00	; 0
    000013A2 08                    5092 	.db #0x08	; 8
    000013A3 08                    5093 	.db #0x08	; 8
    000013A4 00                    5094 	.db #0x00	; 0
    000013A5 00                    5095 	.db #0x00	; 0
    000013A6 00                    5096 	.db #0x00	; 0
    000013A7 00                    5097 	.db #0x00	; 0
    000013A8                       5098 _npc_woman_sprite:
    000013A8 0F                    5099 	.db #0x0f	; 15
    000013A9 0F                    5100 	.db #0x0f	; 15
    000013AA 10                    5101 	.db #0x10	; 16
    000013AB 1F                    5102 	.db #0x1f	; 31
    000013AC 20                    5103 	.db #0x20	; 32
    000013AD 3F                    5104 	.db #0x3f	; 63
    000013AE 43                    5105 	.db #0x43	; 67	'C'
    000013AF 7C                    5106 	.db #0x7c	; 124
    000013B0 4F                    5107 	.db #0x4f	; 79	'O'
    000013B1 70                    5108 	.db #0x70	; 112	'p'
    000013B2 4F                    5109 	.db #0x4f	; 79	'O'
    000013B3 72                    5110 	.db #0x72	; 114	'r'
    000013B4 4F                    5111 	.db #0x4f	; 79	'O'
    000013B5 70                    5112 	.db #0x70	; 112	'p'
    000013B6 27                    5113 	.db #0x27	; 39
    000013B7 39                    5114 	.db #0x39	; 57	'9'
    000013B8 F0                    5115 	.db #0xf0	; 240
    000013B9 F0                    5116 	.db #0xf0	; 240
    000013BA 08                    5117 	.db #0x08	; 8
    000013BB F8                    5118 	.db #0xf8	; 248
    000013BC 04                    5119 	.db #0x04	; 4
    000013BD FC                    5120 	.db #0xfc	; 252
    000013BE C2                    5121 	.db #0xc2	; 194
    000013BF 3E                    5122 	.db #0x3e	; 62
    000013C0 F2                    5123 	.db #0xf2	; 242
    000013C1 0E                    5124 	.db #0x0e	; 14
    000013C2 F2                    5125 	.db #0xf2	; 242
    000013C3 4E                    5126 	.db #0x4e	; 78	'N'
    000013C4 F2                    5127 	.db #0xf2	; 242
    000013C5 0E                    5128 	.db #0x0e	; 14
    000013C6 E4                    5129 	.db #0xe4	; 228
    000013C7 9C                    5130 	.db #0x9c	; 156
    000013C8 10                    5131 	.db #0x10	; 16
    000013C9 1F                    5132 	.db #0x1f	; 31
    000013CA 04                    5133 	.db #0x04	; 4
    000013CB 07                    5134 	.db #0x07	; 7
    000013CC 08                    5135 	.db #0x08	; 8
    000013CD 0F                    5136 	.db #0x0f	; 15
    000013CE 10                    5137 	.db #0x10	; 16
    000013CF 1F                    5138 	.db #0x1f	; 31
    000013D0 20                    5139 	.db #0x20	; 32
    000013D1 3F                    5140 	.db #0x3f	; 63
    000013D2 20                    5141 	.db #0x20	; 32
    000013D3 3F                    5142 	.db #0x3f	; 63
    000013D4 10                    5143 	.db #0x10	; 16
    000013D5 1E                    5144 	.db #0x1e	; 30
    000013D6 00                    5145 	.db #0x00	; 0
    000013D7 0C                    5146 	.db #0x0c	; 12
    000013D8 08                    5147 	.db #0x08	; 8
    000013D9 F8                    5148 	.db #0xf8	; 248
    000013DA 40                    5149 	.db #0x40	; 64
    000013DB E0                    5150 	.db #0xe0	; 224
    000013DC 10                    5151 	.db #0x10	; 16
    000013DD F0                    5152 	.db #0xf0	; 240
    000013DE 08                    5153 	.db #0x08	; 8
    000013DF F8                    5154 	.db #0xf8	; 248
    000013E0 04                    5155 	.db #0x04	; 4
    000013E1 FC                    5156 	.db #0xfc	; 252
    000013E2 04                    5157 	.db #0x04	; 4
    000013E3 FC                    5158 	.db #0xfc	; 252
    000013E4 08                    5159 	.db #0x08	; 8
    000013E5 78                    5160 	.db #0x78	; 120	'x'
    000013E6 00                    5161 	.db #0x00	; 0
    000013E7 30                    5162 	.db #0x30	; 48	'0'
    000013E8                       5163 _projectile_sprite:
    000013E8 18                    5164 	.db #0x18	; 24
    000013E9 00                    5165 	.db #0x00	; 0
    000013EA 24                    5166 	.db #0x24	; 36
    000013EB 18                    5167 	.db #0x18	; 24
    000013EC 5A                    5168 	.db #0x5a	; 90	'Z'
    000013ED 3C                    5169 	.db #0x3c	; 60
    000013EE BD                    5170 	.db #0xbd	; 189
    000013EF 7E                    5171 	.db #0x7e	; 126
    000013F0 BD                    5172 	.db #0xbd	; 189
    000013F1 7E                    5173 	.db #0x7e	; 126
    000013F2 5A                    5174 	.db #0x5a	; 90	'Z'
    000013F3 3C                    5175 	.db #0x3c	; 60
    000013F4 24                    5176 	.db #0x24	; 36
    000013F5 18                    5177 	.db #0x18	; 24
    000013F6 18                    5178 	.db #0x18	; 24
    000013F7 00                    5179 	.db #0x00	; 0
    000013F8                       5180 _level3_map:
    000013F8 01                    5181 	.db #0x01	; 1
    000013F9 01                    5182 	.db #0x01	; 1
    000013FA 01                    5183 	.db #0x01	; 1
    000013FB 01                    5184 	.db #0x01	; 1
    000013FC 01                    5185 	.db #0x01	; 1
    000013FD 01                    5186 	.db #0x01	; 1
    000013FE 01                    5187 	.db #0x01	; 1
    000013FF 01                    5188 	.db #0x01	; 1
    00001400 01                    5189 	.db #0x01	; 1
    00001401 01                    5190 	.db #0x01	; 1
    00001402 01                    5191 	.db #0x01	; 1
    00001403 01                    5192 	.db #0x01	; 1
    00001404 01                    5193 	.db #0x01	; 1
    00001405 01                    5194 	.db #0x01	; 1
    00001406 01                    5195 	.db #0x01	; 1
    00001407 00                    5196 	.db #0x00	; 0
    00001408 00                    5197 	.db #0x00	; 0
    00001409 01                    5198 	.db #0x01	; 1
    0000140A 01                    5199 	.db #0x01	; 1
    0000140B 01                    5200 	.db #0x01	; 1
    0000140C 01                    5201 	.db #0x01	; 1
    0000140D 01                    5202 	.db #0x01	; 1
    0000140E 01                    5203 	.db #0x01	; 1
    0000140F 01                    5204 	.db #0x01	; 1
    00001410 01                    5205 	.db #0x01	; 1
    00001411 01                    5206 	.db #0x01	; 1
    00001412 01                    5207 	.db #0x01	; 1
    00001413 01                    5208 	.db #0x01	; 1
    00001414 01                    5209 	.db #0x01	; 1
    00001415 01                    5210 	.db #0x01	; 1
    00001416 01                    5211 	.db #0x01	; 1
    00001417 01                    5212 	.db #0x01	; 1
    00001418 01                    5213 	.db #0x01	; 1
    00001419 03                    5214 	.db #0x03	; 3
    0000141A 04                    5215 	.db #0x04	; 4
    0000141B 05                    5216 	.db #0x05	; 5
    0000141C 03                    5217 	.db #0x03	; 3
    0000141D 04                    5218 	.db #0x04	; 4
    0000141E 05                    5219 	.db #0x05	; 5
    0000141F 03                    5220 	.db #0x03	; 3
    00001420 02                    5221 	.db #0x02	; 2
    00001421 02                    5222 	.db #0x02	; 2
    00001422 02                    5223 	.db #0x02	; 2
    00001423 02                    5224 	.db #0x02	; 2
    00001424 02                    5225 	.db #0x02	; 2
    00001425 02                    5226 	.db #0x02	; 2
    00001426 02                    5227 	.db #0x02	; 2
    00001427 00                    5228 	.db #0x00	; 0
    00001428 00                    5229 	.db #0x00	; 0
    00001429 02                    5230 	.db #0x02	; 2
    0000142A 02                    5231 	.db #0x02	; 2
    0000142B 02                    5232 	.db #0x02	; 2
    0000142C 02                    5233 	.db #0x02	; 2
    0000142D 02                    5234 	.db #0x02	; 2
    0000142E 02                    5235 	.db #0x02	; 2
    0000142F 02                    5236 	.db #0x02	; 2
    00001430 03                    5237 	.db #0x03	; 3
    00001431 04                    5238 	.db #0x04	; 4
    00001432 05                    5239 	.db #0x05	; 5
    00001433 03                    5240 	.db #0x03	; 3
    00001434 04                    5241 	.db #0x04	; 4
    00001435 05                    5242 	.db #0x05	; 5
    00001436 03                    5243 	.db #0x03	; 3
    00001437 01                    5244 	.db #0x01	; 1
    00001438 01                    5245 	.db #0x01	; 1
    00001439 02                    5246 	.db #0x02	; 2
    0000143A 02                    5247 	.db #0x02	; 2
    0000143B 02                    5248 	.db #0x02	; 2
    0000143C 02                    5249 	.db #0x02	; 2
    0000143D 02                    5250 	.db #0x02	; 2
    0000143E 02                    5251 	.db #0x02	; 2
    0000143F 02                    5252 	.db #0x02	; 2
    00001440 02                    5253 	.db #0x02	; 2
    00001441 02                    5254 	.db #0x02	; 2
    00001442 02                    5255 	.db #0x02	; 2
    00001443 02                    5256 	.db #0x02	; 2
    00001444 02                    5257 	.db #0x02	; 2
    00001445 02                    5258 	.db #0x02	; 2
    00001446 02                    5259 	.db #0x02	; 2
    00001447 00                    5260 	.db #0x00	; 0
    00001448 00                    5261 	.db #0x00	; 0
    00001449 02                    5262 	.db #0x02	; 2
    0000144A 02                    5263 	.db #0x02	; 2
    0000144B 02                    5264 	.db #0x02	; 2
    0000144C 02                    5265 	.db #0x02	; 2
    0000144D 02                    5266 	.db #0x02	; 2
    0000144E 02                    5267 	.db #0x02	; 2
    0000144F 02                    5268 	.db #0x02	; 2
    00001450 02                    5269 	.db #0x02	; 2
    00001451 02                    5270 	.db #0x02	; 2
    00001452 02                    5271 	.db #0x02	; 2
    00001453 02                    5272 	.db #0x02	; 2
    00001454 02                    5273 	.db #0x02	; 2
    00001455 02                    5274 	.db #0x02	; 2
    00001456 02                    5275 	.db #0x02	; 2
    00001457 01                    5276 	.db #0x01	; 1
    00001458 01                    5277 	.db #0x01	; 1
    00001459 02                    5278 	.db #0x02	; 2
    0000145A 06                    5279 	.db #0x06	; 6
    0000145B 0C                    5280 	.db #0x0c	; 12
    0000145C 02                    5281 	.db #0x02	; 2
    0000145D 06                    5282 	.db #0x06	; 6
    0000145E 0C                    5283 	.db #0x0c	; 12
    0000145F 02                    5284 	.db #0x02	; 2
    00001460 02                    5285 	.db #0x02	; 2
    00001461 02                    5286 	.db #0x02	; 2
    00001462 02                    5287 	.db #0x02	; 2
    00001463 02                    5288 	.db #0x02	; 2
    00001464 02                    5289 	.db #0x02	; 2
    00001465 02                    5290 	.db #0x02	; 2
    00001466 02                    5291 	.db #0x02	; 2
    00001467 00                    5292 	.db #0x00	; 0
    00001468 00                    5293 	.db #0x00	; 0
    00001469 02                    5294 	.db #0x02	; 2
    0000146A 02                    5295 	.db #0x02	; 2
    0000146B 02                    5296 	.db #0x02	; 2
    0000146C 02                    5297 	.db #0x02	; 2
    0000146D 02                    5298 	.db #0x02	; 2
    0000146E 02                    5299 	.db #0x02	; 2
    0000146F 02                    5300 	.db #0x02	; 2
    00001470 02                    5301 	.db #0x02	; 2
    00001471 06                    5302 	.db #0x06	; 6
    00001472 0C                    5303 	.db #0x0c	; 12
    00001473 02                    5304 	.db #0x02	; 2
    00001474 06                    5305 	.db #0x06	; 6
    00001475 0C                    5306 	.db #0x0c	; 12
    00001476 02                    5307 	.db #0x02	; 2
    00001477 01                    5308 	.db #0x01	; 1
    00001478 01                    5309 	.db #0x01	; 1
    00001479 02                    5310 	.db #0x02	; 2
    0000147A 07                    5311 	.db #0x07	; 7
    0000147B 08                    5312 	.db #0x08	; 8
    0000147C 02                    5313 	.db #0x02	; 2
    0000147D 07                    5314 	.db #0x07	; 7
    0000147E 08                    5315 	.db #0x08	; 8
    0000147F 02                    5316 	.db #0x02	; 2
    00001480 02                    5317 	.db #0x02	; 2
    00001481 02                    5318 	.db #0x02	; 2
    00001482 02                    5319 	.db #0x02	; 2
    00001483 02                    5320 	.db #0x02	; 2
    00001484 02                    5321 	.db #0x02	; 2
    00001485 02                    5322 	.db #0x02	; 2
    00001486 02                    5323 	.db #0x02	; 2
    00001487 00                    5324 	.db #0x00	; 0
    00001488 00                    5325 	.db #0x00	; 0
    00001489 02                    5326 	.db #0x02	; 2
    0000148A 02                    5327 	.db #0x02	; 2
    0000148B 02                    5328 	.db #0x02	; 2
    0000148C 02                    5329 	.db #0x02	; 2
    0000148D 02                    5330 	.db #0x02	; 2
    0000148E 02                    5331 	.db #0x02	; 2
    0000148F 02                    5332 	.db #0x02	; 2
    00001490 02                    5333 	.db #0x02	; 2
    00001491 07                    5334 	.db #0x07	; 7
    00001492 08                    5335 	.db #0x08	; 8
    00001493 02                    5336 	.db #0x02	; 2
    00001494 07                    5337 	.db #0x07	; 7
    00001495 08                    5338 	.db #0x08	; 8
    00001496 02                    5339 	.db #0x02	; 2
    00001497 01                    5340 	.db #0x01	; 1
    00001498 01                    5341 	.db #0x01	; 1
    00001499 00                    5342 	.db #0x00	; 0
    0000149A 00                    5343 	.db #0x00	; 0
    0000149B 00                    5344 	.db #0x00	; 0
    0000149C 00                    5345 	.db #0x00	; 0
    0000149D 00                    5346 	.db #0x00	; 0
    0000149E 00                    5347 	.db #0x00	; 0
    0000149F 00                    5348 	.db #0x00	; 0
    000014A0 00                    5349 	.db #0x00	; 0
    000014A1 00                    5350 	.db #0x00	; 0
    000014A2 00                    5351 	.db #0x00	; 0
    000014A3 00                    5352 	.db #0x00	; 0
    000014A4 00                    5353 	.db #0x00	; 0
    000014A5 00                    5354 	.db #0x00	; 0
    000014A6 00                    5355 	.db #0x00	; 0
    000014A7 00                    5356 	.db #0x00	; 0
    000014A8 00                    5357 	.db #0x00	; 0
    000014A9 00                    5358 	.db #0x00	; 0
    000014AA 00                    5359 	.db #0x00	; 0
    000014AB 00                    5360 	.db #0x00	; 0
    000014AC 00                    5361 	.db #0x00	; 0
    000014AD 00                    5362 	.db #0x00	; 0
    000014AE 00                    5363 	.db #0x00	; 0
    000014AF 00                    5364 	.db #0x00	; 0
    000014B0 00                    5365 	.db #0x00	; 0
    000014B1 00                    5366 	.db #0x00	; 0
    000014B2 00                    5367 	.db #0x00	; 0
    000014B3 00                    5368 	.db #0x00	; 0
    000014B4 00                    5369 	.db #0x00	; 0
    000014B5 00                    5370 	.db #0x00	; 0
    000014B6 00                    5371 	.db #0x00	; 0
    000014B7 01                    5372 	.db #0x01	; 1
    000014B8 01                    5373 	.db #0x01	; 1
    000014B9 02                    5374 	.db #0x02	; 2
    000014BA 02                    5375 	.db #0x02	; 2
    000014BB 02                    5376 	.db #0x02	; 2
    000014BC 02                    5377 	.db #0x02	; 2
    000014BD 02                    5378 	.db #0x02	; 2
    000014BE 02                    5379 	.db #0x02	; 2
    000014BF 02                    5380 	.db #0x02	; 2
    000014C0 02                    5381 	.db #0x02	; 2
    000014C1 02                    5382 	.db #0x02	; 2
    000014C2 02                    5383 	.db #0x02	; 2
    000014C3 02                    5384 	.db #0x02	; 2
    000014C4 02                    5385 	.db #0x02	; 2
    000014C5 02                    5386 	.db #0x02	; 2
    000014C6 02                    5387 	.db #0x02	; 2
    000014C7 00                    5388 	.db #0x00	; 0
    000014C8 00                    5389 	.db #0x00	; 0
    000014C9 02                    5390 	.db #0x02	; 2
    000014CA 02                    5391 	.db #0x02	; 2
    000014CB 02                    5392 	.db #0x02	; 2
    000014CC 02                    5393 	.db #0x02	; 2
    000014CD 02                    5394 	.db #0x02	; 2
    000014CE 02                    5395 	.db #0x02	; 2
    000014CF 02                    5396 	.db #0x02	; 2
    000014D0 02                    5397 	.db #0x02	; 2
    000014D1 02                    5398 	.db #0x02	; 2
    000014D2 02                    5399 	.db #0x02	; 2
    000014D3 02                    5400 	.db #0x02	; 2
    000014D4 02                    5401 	.db #0x02	; 2
    000014D5 02                    5402 	.db #0x02	; 2
    000014D6 02                    5403 	.db #0x02	; 2
    000014D7 01                    5404 	.db #0x01	; 1
    000014D8 01                    5405 	.db #0x01	; 1
    000014D9 02                    5406 	.db #0x02	; 2
    000014DA 06                    5407 	.db #0x06	; 6
    000014DB 0C                    5408 	.db #0x0c	; 12
    000014DC 02                    5409 	.db #0x02	; 2
    000014DD 06                    5410 	.db #0x06	; 6
    000014DE 0C                    5411 	.db #0x0c	; 12
    000014DF 02                    5412 	.db #0x02	; 2
    000014E0 02                    5413 	.db #0x02	; 2
    000014E1 02                    5414 	.db #0x02	; 2
    000014E2 03                    5415 	.db #0x03	; 3
    000014E3 03                    5416 	.db #0x03	; 3
    000014E4 02                    5417 	.db #0x02	; 2
    000014E5 02                    5418 	.db #0x02	; 2
    000014E6 02                    5419 	.db #0x02	; 2
    000014E7 00                    5420 	.db #0x00	; 0
    000014E8 00                    5421 	.db #0x00	; 0
    000014E9 02                    5422 	.db #0x02	; 2
    000014EA 02                    5423 	.db #0x02	; 2
    000014EB 02                    5424 	.db #0x02	; 2
    000014EC 03                    5425 	.db #0x03	; 3
    000014ED 03                    5426 	.db #0x03	; 3
    000014EE 02                    5427 	.db #0x02	; 2
    000014EF 02                    5428 	.db #0x02	; 2
    000014F0 02                    5429 	.db #0x02	; 2
    000014F1 06                    5430 	.db #0x06	; 6
    000014F2 0C                    5431 	.db #0x0c	; 12
    000014F3 02                    5432 	.db #0x02	; 2
    000014F4 06                    5433 	.db #0x06	; 6
    000014F5 0C                    5434 	.db #0x0c	; 12
    000014F6 02                    5435 	.db #0x02	; 2
    000014F7 01                    5436 	.db #0x01	; 1
    000014F8 01                    5437 	.db #0x01	; 1
    000014F9 02                    5438 	.db #0x02	; 2
    000014FA 07                    5439 	.db #0x07	; 7
    000014FB 08                    5440 	.db #0x08	; 8
    000014FC 02                    5441 	.db #0x02	; 2
    000014FD 07                    5442 	.db #0x07	; 7
    000014FE 08                    5443 	.db #0x08	; 8
    000014FF 02                    5444 	.db #0x02	; 2
    00001500 02                    5445 	.db #0x02	; 2
    00001501 02                    5446 	.db #0x02	; 2
    00001502 04                    5447 	.db #0x04	; 4
    00001503 05                    5448 	.db #0x05	; 5
    00001504 02                    5449 	.db #0x02	; 2
    00001505 02                    5450 	.db #0x02	; 2
    00001506 02                    5451 	.db #0x02	; 2
    00001507 00                    5452 	.db #0x00	; 0
    00001508 00                    5453 	.db #0x00	; 0
    00001509 02                    5454 	.db #0x02	; 2
    0000150A 02                    5455 	.db #0x02	; 2
    0000150B 02                    5456 	.db #0x02	; 2
    0000150C 04                    5457 	.db #0x04	; 4
    0000150D 05                    5458 	.db #0x05	; 5
    0000150E 02                    5459 	.db #0x02	; 2
    0000150F 02                    5460 	.db #0x02	; 2
    00001510 02                    5461 	.db #0x02	; 2
    00001511 07                    5462 	.db #0x07	; 7
    00001512 08                    5463 	.db #0x08	; 8
    00001513 02                    5464 	.db #0x02	; 2
    00001514 07                    5465 	.db #0x07	; 7
    00001515 08                    5466 	.db #0x08	; 8
    00001516 02                    5467 	.db #0x02	; 2
    00001517 01                    5468 	.db #0x01	; 1
    00001518 01                    5469 	.db #0x01	; 1
    00001519 00                    5470 	.db #0x00	; 0
    0000151A 00                    5471 	.db #0x00	; 0
    0000151B 00                    5472 	.db #0x00	; 0
    0000151C 00                    5473 	.db #0x00	; 0
    0000151D 00                    5474 	.db #0x00	; 0
    0000151E 00                    5475 	.db #0x00	; 0
    0000151F 00                    5476 	.db #0x00	; 0
    00001520 00                    5477 	.db #0x00	; 0
    00001521 00                    5478 	.db #0x00	; 0
    00001522 00                    5479 	.db #0x00	; 0
    00001523 00                    5480 	.db #0x00	; 0
    00001524 00                    5481 	.db #0x00	; 0
    00001525 00                    5482 	.db #0x00	; 0
    00001526 00                    5483 	.db #0x00	; 0
    00001527 00                    5484 	.db #0x00	; 0
    00001528 00                    5485 	.db #0x00	; 0
    00001529 00                    5486 	.db #0x00	; 0
    0000152A 00                    5487 	.db #0x00	; 0
    0000152B 00                    5488 	.db #0x00	; 0
    0000152C 00                    5489 	.db #0x00	; 0
    0000152D 00                    5490 	.db #0x00	; 0
    0000152E 00                    5491 	.db #0x00	; 0
    0000152F 00                    5492 	.db #0x00	; 0
    00001530 00                    5493 	.db #0x00	; 0
    00001531 00                    5494 	.db #0x00	; 0
    00001532 00                    5495 	.db #0x00	; 0
    00001533 00                    5496 	.db #0x00	; 0
    00001534 00                    5497 	.db #0x00	; 0
    00001535 00                    5498 	.db #0x00	; 0
    00001536 00                    5499 	.db #0x00	; 0
    00001537 01                    5500 	.db #0x01	; 1
    00001538 01                    5501 	.db #0x01	; 1
    00001539 02                    5502 	.db #0x02	; 2
    0000153A 02                    5503 	.db #0x02	; 2
    0000153B 02                    5504 	.db #0x02	; 2
    0000153C 02                    5505 	.db #0x02	; 2
    0000153D 02                    5506 	.db #0x02	; 2
    0000153E 02                    5507 	.db #0x02	; 2
    0000153F 14                    5508 	.db #0x14	; 20
    00001540 15                    5509 	.db #0x15	; 21
    00001541 16                    5510 	.db #0x16	; 22
    00001542 18                    5511 	.db #0x18	; 24
    00001543 02                    5512 	.db #0x02	; 2
    00001544 02                    5513 	.db #0x02	; 2
    00001545 02                    5514 	.db #0x02	; 2
    00001546 02                    5515 	.db #0x02	; 2
    00001547 00                    5516 	.db #0x00	; 0
    00001548 00                    5517 	.db #0x00	; 0
    00001549 02                    5518 	.db #0x02	; 2
    0000154A 02                    5519 	.db #0x02	; 2
    0000154B 02                    5520 	.db #0x02	; 2
    0000154C 02                    5521 	.db #0x02	; 2
    0000154D 14                    5522 	.db #0x14	; 20
    0000154E 15                    5523 	.db #0x15	; 21
    0000154F 16                    5524 	.db #0x16	; 22
    00001550 18                    5525 	.db #0x18	; 24
    00001551 02                    5526 	.db #0x02	; 2
    00001552 02                    5527 	.db #0x02	; 2
    00001553 02                    5528 	.db #0x02	; 2
    00001554 02                    5529 	.db #0x02	; 2
    00001555 02                    5530 	.db #0x02	; 2
    00001556 02                    5531 	.db #0x02	; 2
    00001557 01                    5532 	.db #0x01	; 1
    00001558 01                    5533 	.db #0x01	; 1
    00001559 02                    5534 	.db #0x02	; 2
    0000155A 02                    5535 	.db #0x02	; 2
    0000155B 02                    5536 	.db #0x02	; 2
    0000155C 02                    5537 	.db #0x02	; 2
    0000155D 02                    5538 	.db #0x02	; 2
    0000155E 02                    5539 	.db #0x02	; 2
    0000155F 06                    5540 	.db #0x06	; 6
    00001560 0C                    5541 	.db #0x0c	; 12
    00001561 06                    5542 	.db #0x06	; 6
    00001562 0C                    5543 	.db #0x0c	; 12
    00001563 02                    5544 	.db #0x02	; 2
    00001564 02                    5545 	.db #0x02	; 2
    00001565 02                    5546 	.db #0x02	; 2
    00001566 02                    5547 	.db #0x02	; 2
    00001567 00                    5548 	.db #0x00	; 0
    00001568 00                    5549 	.db #0x00	; 0
    00001569 02                    5550 	.db #0x02	; 2
    0000156A 02                    5551 	.db #0x02	; 2
    0000156B 02                    5552 	.db #0x02	; 2
    0000156C 02                    5553 	.db #0x02	; 2
    0000156D 06                    5554 	.db #0x06	; 6
    0000156E 0C                    5555 	.db #0x0c	; 12
    0000156F 06                    5556 	.db #0x06	; 6
    00001570 0C                    5557 	.db #0x0c	; 12
    00001571 02                    5558 	.db #0x02	; 2
    00001572 02                    5559 	.db #0x02	; 2
    00001573 02                    5560 	.db #0x02	; 2
    00001574 02                    5561 	.db #0x02	; 2
    00001575 02                    5562 	.db #0x02	; 2
    00001576 02                    5563 	.db #0x02	; 2
    00001577 01                    5564 	.db #0x01	; 1
    00001578 01                    5565 	.db #0x01	; 1
    00001579 02                    5566 	.db #0x02	; 2
    0000157A 02                    5567 	.db #0x02	; 2
    0000157B 02                    5568 	.db #0x02	; 2
    0000157C 02                    5569 	.db #0x02	; 2
    0000157D 02                    5570 	.db #0x02	; 2
    0000157E 02                    5571 	.db #0x02	; 2
    0000157F 07                    5572 	.db #0x07	; 7
    00001580 08                    5573 	.db #0x08	; 8
    00001581 07                    5574 	.db #0x07	; 7
    00001582 08                    5575 	.db #0x08	; 8
    00001583 02                    5576 	.db #0x02	; 2
    00001584 02                    5577 	.db #0x02	; 2
    00001585 02                    5578 	.db #0x02	; 2
    00001586 02                    5579 	.db #0x02	; 2
    00001587 00                    5580 	.db #0x00	; 0
    00001588 00                    5581 	.db #0x00	; 0
    00001589 02                    5582 	.db #0x02	; 2
    0000158A 02                    5583 	.db #0x02	; 2
    0000158B 02                    5584 	.db #0x02	; 2
    0000158C 02                    5585 	.db #0x02	; 2
    0000158D 07                    5586 	.db #0x07	; 7
    0000158E 08                    5587 	.db #0x08	; 8
    0000158F 07                    5588 	.db #0x07	; 7
    00001590 08                    5589 	.db #0x08	; 8
    00001591 02                    5590 	.db #0x02	; 2
    00001592 02                    5591 	.db #0x02	; 2
    00001593 02                    5592 	.db #0x02	; 2
    00001594 02                    5593 	.db #0x02	; 2
    00001595 02                    5594 	.db #0x02	; 2
    00001596 02                    5595 	.db #0x02	; 2
    00001597 01                    5596 	.db #0x01	; 1
    00001598 01                    5597 	.db #0x01	; 1
    00001599 00                    5598 	.db #0x00	; 0
    0000159A 00                    5599 	.db #0x00	; 0
    0000159B 00                    5600 	.db #0x00	; 0
    0000159C 00                    5601 	.db #0x00	; 0
    0000159D 00                    5602 	.db #0x00	; 0
    0000159E 00                    5603 	.db #0x00	; 0
    0000159F 00                    5604 	.db #0x00	; 0
    000015A0 00                    5605 	.db #0x00	; 0
    000015A1 00                    5606 	.db #0x00	; 0
    000015A2 00                    5607 	.db #0x00	; 0
    000015A3 00                    5608 	.db #0x00	; 0
    000015A4 00                    5609 	.db #0x00	; 0
    000015A5 00                    5610 	.db #0x00	; 0
    000015A6 00                    5611 	.db #0x00	; 0
    000015A7 00                    5612 	.db #0x00	; 0
    000015A8 00                    5613 	.db #0x00	; 0
    000015A9 00                    5614 	.db #0x00	; 0
    000015AA 00                    5615 	.db #0x00	; 0
    000015AB 00                    5616 	.db #0x00	; 0
    000015AC 00                    5617 	.db #0x00	; 0
    000015AD 00                    5618 	.db #0x00	; 0
    000015AE 00                    5619 	.db #0x00	; 0
    000015AF 00                    5620 	.db #0x00	; 0
    000015B0 00                    5621 	.db #0x00	; 0
    000015B1 00                    5622 	.db #0x00	; 0
    000015B2 00                    5623 	.db #0x00	; 0
    000015B3 00                    5624 	.db #0x00	; 0
    000015B4 00                    5625 	.db #0x00	; 0
    000015B5 00                    5626 	.db #0x00	; 0
    000015B6 00                    5627 	.db #0x00	; 0
    000015B7 01                    5628 	.db #0x01	; 1
    000015B8 01                    5629 	.db #0x01	; 1
    000015B9 02                    5630 	.db #0x02	; 2
    000015BA 02                    5631 	.db #0x02	; 2
    000015BB 03                    5632 	.db #0x03	; 3
    000015BC 03                    5633 	.db #0x03	; 3
    000015BD 02                    5634 	.db #0x02	; 2
    000015BE 02                    5635 	.db #0x02	; 2
    000015BF 02                    5636 	.db #0x02	; 2
    000015C0 02                    5637 	.db #0x02	; 2
    000015C1 02                    5638 	.db #0x02	; 2
    000015C2 02                    5639 	.db #0x02	; 2
    000015C3 02                    5640 	.db #0x02	; 2
    000015C4 02                    5641 	.db #0x02	; 2
    000015C5 02                    5642 	.db #0x02	; 2
    000015C6 02                    5643 	.db #0x02	; 2
    000015C7 00                    5644 	.db #0x00	; 0
    000015C8 00                    5645 	.db #0x00	; 0
    000015C9 02                    5646 	.db #0x02	; 2
    000015CA 02                    5647 	.db #0x02	; 2
    000015CB 02                    5648 	.db #0x02	; 2
    000015CC 02                    5649 	.db #0x02	; 2
    000015CD 02                    5650 	.db #0x02	; 2
    000015CE 02                    5651 	.db #0x02	; 2
    000015CF 02                    5652 	.db #0x02	; 2
    000015D0 02                    5653 	.db #0x02	; 2
    000015D1 02                    5654 	.db #0x02	; 2
    000015D2 03                    5655 	.db #0x03	; 3
    000015D3 03                    5656 	.db #0x03	; 3
    000015D4 02                    5657 	.db #0x02	; 2
    000015D5 02                    5658 	.db #0x02	; 2
    000015D6 02                    5659 	.db #0x02	; 2
    000015D7 01                    5660 	.db #0x01	; 1
    000015D8 01                    5661 	.db #0x01	; 1
    000015D9 02                    5662 	.db #0x02	; 2
    000015DA 02                    5663 	.db #0x02	; 2
    000015DB 04                    5664 	.db #0x04	; 4
    000015DC 05                    5665 	.db #0x05	; 5
    000015DD 02                    5666 	.db #0x02	; 2
    000015DE 02                    5667 	.db #0x02	; 2
    000015DF 06                    5668 	.db #0x06	; 6
    000015E0 0C                    5669 	.db #0x0c	; 12
    000015E1 02                    5670 	.db #0x02	; 2
    000015E2 06                    5671 	.db #0x06	; 6
    000015E3 0C                    5672 	.db #0x0c	; 12
    000015E4 02                    5673 	.db #0x02	; 2
    000015E5 02                    5674 	.db #0x02	; 2
    000015E6 02                    5675 	.db #0x02	; 2
    000015E7 00                    5676 	.db #0x00	; 0
    000015E8 00                    5677 	.db #0x00	; 0
    000015E9 02                    5678 	.db #0x02	; 2
    000015EA 02                    5679 	.db #0x02	; 2
    000015EB 02                    5680 	.db #0x02	; 2
    000015EC 06                    5681 	.db #0x06	; 6
    000015ED 0C                    5682 	.db #0x0c	; 12
    000015EE 02                    5683 	.db #0x02	; 2
    000015EF 06                    5684 	.db #0x06	; 6
    000015F0 0C                    5685 	.db #0x0c	; 12
    000015F1 02                    5686 	.db #0x02	; 2
    000015F2 04                    5687 	.db #0x04	; 4
    000015F3 05                    5688 	.db #0x05	; 5
    000015F4 02                    5689 	.db #0x02	; 2
    000015F5 02                    5690 	.db #0x02	; 2
    000015F6 01                    5691 	.db #0x01	; 1
    000015F7 01                    5692 	.db #0x01	; 1
    000015F8 02                    5693 	.db #0x02	; 2
    000015F9 02                    5694 	.db #0x02	; 2
    000015FA 02                    5695 	.db #0x02	; 2
    000015FB 02                    5696 	.db #0x02	; 2
    000015FC 02                    5697 	.db #0x02	; 2
    000015FD 02                    5698 	.db #0x02	; 2
    000015FE 07                    5699 	.db #0x07	; 7
    000015FF 08                    5700 	.db #0x08	; 8
    00001600 02                    5701 	.db #0x02	; 2
    00001601 07                    5702 	.db #0x07	; 7
    00001602 08                    5703 	.db #0x08	; 8
    00001603 02                    5704 	.db #0x02	; 2
    00001604 02                    5705 	.db #0x02	; 2
    00001605 02                    5706 	.db #0x02	; 2
    00001606 00                    5707 	.db #0x00	; 0
    00001607 00                    5708 	.db #0x00	; 0
    00001608 02                    5709 	.db #0x02	; 2
    00001609 02                    5710 	.db #0x02	; 2
    0000160A 02                    5711 	.db #0x02	; 2
    0000160B 07                    5712 	.db #0x07	; 7
    0000160C 08                    5713 	.db #0x08	; 8
    0000160D 02                    5714 	.db #0x02	; 2
    0000160E 07                    5715 	.db #0x07	; 7
    0000160F 08                    5716 	.db #0x08	; 8
    00001610 02                    5717 	.db #0x02	; 2
    00001611 02                    5718 	.db #0x02	; 2
    00001612 02                    5719 	.db #0x02	; 2
    00001613 02                    5720 	.db #0x02	; 2
    00001614 02                    5721 	.db #0x02	; 2
    00001615 01                    5722 	.db #0x01	; 1
    00001616 01                    5723 	.db #0x01	; 1
    00001617 00                    5724 	.db #0x00	; 0
    00001618 00                    5725 	.db #0x00	; 0
    00001619 00                    5726 	.db #0x00	; 0
    0000161A 00                    5727 	.db #0x00	; 0
    0000161B 00                    5728 	.db #0x00	; 0
    0000161C 00                    5729 	.db #0x00	; 0
    0000161D 00                    5730 	.db #0x00	; 0
    0000161E 00                    5731 	.db #0x00	; 0
    0000161F 00                    5732 	.db #0x00	; 0
    00001620 00                    5733 	.db #0x00	; 0
    00001621 00                    5734 	.db #0x00	; 0
    00001622 00                    5735 	.db #0x00	; 0
    00001623 00                    5736 	.db #0x00	; 0
    00001624 00                    5737 	.db #0x00	; 0
    00001625 00                    5738 	.db #0x00	; 0
    00001626 00                    5739 	.db #0x00	; 0
    00001627 00                    5740 	.db #0x00	; 0
    00001628 00                    5741 	.db #0x00	; 0
    00001629 00                    5742 	.db #0x00	; 0
    0000162A 00                    5743 	.db #0x00	; 0
    0000162B 00                    5744 	.db #0x00	; 0
    0000162C 00                    5745 	.db #0x00	; 0
    0000162D 00                    5746 	.db #0x00	; 0
    0000162E 00                    5747 	.db #0x00	; 0
    0000162F 00                    5748 	.db #0x00	; 0
    00001630 00                    5749 	.db #0x00	; 0
    00001631 00                    5750 	.db #0x00	; 0
    00001632 00                    5751 	.db #0x00	; 0
    00001633 00                    5752 	.db #0x00	; 0
    00001634 00                    5753 	.db #0x00	; 0
    00001635 01                    5754 	.db #0x01	; 1
    00001636 01                    5755 	.db #0x01	; 1
    00001637 02                    5756 	.db #0x02	; 2
    00001638 06                    5757 	.db #0x06	; 6
    00001639 0C                    5758 	.db #0x0c	; 12
    0000163A 02                    5759 	.db #0x02	; 2
    0000163B 06                    5760 	.db #0x06	; 6
    0000163C 0C                    5761 	.db #0x0c	; 12
    0000163D 02                    5762 	.db #0x02	; 2
    0000163E 02                    5763 	.db #0x02	; 2
    0000163F 03                    5764 	.db #0x03	; 3
    00001640 03                    5765 	.db #0x03	; 3
    00001641 02                    5766 	.db #0x02	; 2
    00001642 02                    5767 	.db #0x02	; 2
    00001643 02                    5768 	.db #0x02	; 2
    00001644 02                    5769 	.db #0x02	; 2
    00001645 00                    5770 	.db #0x00	; 0
    00001646 00                    5771 	.db #0x00	; 0
    00001647 02                    5772 	.db #0x02	; 2
    00001648 02                    5773 	.db #0x02	; 2
    00001649 02                    5774 	.db #0x02	; 2
    0000164A 02                    5775 	.db #0x02	; 2
    0000164B 03                    5776 	.db #0x03	; 3
    0000164C 03                    5777 	.db #0x03	; 3
    0000164D 02                    5778 	.db #0x02	; 2
    0000164E 02                    5779 	.db #0x02	; 2
    0000164F 06                    5780 	.db #0x06	; 6
    00001650 0C                    5781 	.db #0x0c	; 12
    00001651 02                    5782 	.db #0x02	; 2
    00001652 06                    5783 	.db #0x06	; 6
    00001653 0C                    5784 	.db #0x0c	; 12
    00001654 02                    5785 	.db #0x02	; 2
    00001655 01                    5786 	.db #0x01	; 1
    00001656 01                    5787 	.db #0x01	; 1
    00001657 02                    5788 	.db #0x02	; 2
    00001658 07                    5789 	.db #0x07	; 7
    00001659 08                    5790 	.db #0x08	; 8
    0000165A 02                    5791 	.db #0x02	; 2
    0000165B 07                    5792 	.db #0x07	; 7
    0000165C 08                    5793 	.db #0x08	; 8
    0000165D 02                    5794 	.db #0x02	; 2
    0000165E 02                    5795 	.db #0x02	; 2
    0000165F 04                    5796 	.db #0x04	; 4
    00001660 05                    5797 	.db #0x05	; 5
    00001661 02                    5798 	.db #0x02	; 2
    00001662 02                    5799 	.db #0x02	; 2
    00001663 02                    5800 	.db #0x02	; 2
    00001664 02                    5801 	.db #0x02	; 2
    00001665 00                    5802 	.db #0x00	; 0
    00001666 00                    5803 	.db #0x00	; 0
    00001667 02                    5804 	.db #0x02	; 2
    00001668 02                    5805 	.db #0x02	; 2
    00001669 02                    5806 	.db #0x02	; 2
    0000166A 02                    5807 	.db #0x02	; 2
    0000166B 04                    5808 	.db #0x04	; 4
    0000166C 05                    5809 	.db #0x05	; 5
    0000166D 02                    5810 	.db #0x02	; 2
    0000166E 02                    5811 	.db #0x02	; 2
    0000166F 07                    5812 	.db #0x07	; 7
    00001670 08                    5813 	.db #0x08	; 8
    00001671 02                    5814 	.db #0x02	; 2
    00001672 07                    5815 	.db #0x07	; 7
    00001673 08                    5816 	.db #0x08	; 8
    00001674 02                    5817 	.db #0x02	; 2
    00001675 01                    5818 	.db #0x01	; 1
    00001676 01                    5819 	.db #0x01	; 1
    00001677 02                    5820 	.db #0x02	; 2
    00001678 02                    5821 	.db #0x02	; 2
    00001679 02                    5822 	.db #0x02	; 2
    0000167A 02                    5823 	.db #0x02	; 2
    0000167B 02                    5824 	.db #0x02	; 2
    0000167C 02                    5825 	.db #0x02	; 2
    0000167D 02                    5826 	.db #0x02	; 2
    0000167E 02                    5827 	.db #0x02	; 2
    0000167F 02                    5828 	.db #0x02	; 2
    00001680 02                    5829 	.db #0x02	; 2
    00001681 02                    5830 	.db #0x02	; 2
    00001682 02                    5831 	.db #0x02	; 2
    00001683 02                    5832 	.db #0x02	; 2
    00001684 02                    5833 	.db #0x02	; 2
    00001685 00                    5834 	.db #0x00	; 0
    00001686 00                    5835 	.db #0x00	; 0
    00001687 02                    5836 	.db #0x02	; 2
    00001688 02                    5837 	.db #0x02	; 2
    00001689 02                    5838 	.db #0x02	; 2
    0000168A 02                    5839 	.db #0x02	; 2
    0000168B 02                    5840 	.db #0x02	; 2
    0000168C 02                    5841 	.db #0x02	; 2
    0000168D 02                    5842 	.db #0x02	; 2
    0000168E 02                    5843 	.db #0x02	; 2
    0000168F 02                    5844 	.db #0x02	; 2
    00001690 02                    5845 	.db #0x02	; 2
    00001691 02                    5846 	.db #0x02	; 2
    00001692 02                    5847 	.db #0x02	; 2
    00001693 02                    5848 	.db #0x02	; 2
    00001694 02                    5849 	.db #0x02	; 2
    00001695 01                    5850 	.db #0x01	; 1
    00001696 01                    5851 	.db #0x01	; 1
    00001697 00                    5852 	.db #0x00	; 0
    00001698 00                    5853 	.db #0x00	; 0
    00001699 00                    5854 	.db #0x00	; 0
    0000169A 00                    5855 	.db #0x00	; 0
    0000169B 00                    5856 	.db #0x00	; 0
    0000169C 00                    5857 	.db #0x00	; 0
    0000169D 00                    5858 	.db #0x00	; 0
    0000169E 00                    5859 	.db #0x00	; 0
    0000169F 00                    5860 	.db #0x00	; 0
    000016A0 00                    5861 	.db #0x00	; 0
    000016A1 00                    5862 	.db #0x00	; 0
    000016A2 00                    5863 	.db #0x00	; 0
    000016A3 00                    5864 	.db #0x00	; 0
    000016A4 00                    5865 	.db #0x00	; 0
    000016A5 00                    5866 	.db #0x00	; 0
    000016A6 00                    5867 	.db #0x00	; 0
    000016A7 00                    5868 	.db #0x00	; 0
    000016A8 00                    5869 	.db #0x00	; 0
    000016A9 00                    5870 	.db #0x00	; 0
    000016AA 00                    5871 	.db #0x00	; 0
    000016AB 00                    5872 	.db #0x00	; 0
    000016AC 00                    5873 	.db #0x00	; 0
    000016AD 00                    5874 	.db #0x00	; 0
    000016AE 00                    5875 	.db #0x00	; 0
    000016AF 00                    5876 	.db #0x00	; 0
    000016B0 00                    5877 	.db #0x00	; 0
    000016B1 00                    5878 	.db #0x00	; 0
    000016B2 00                    5879 	.db #0x00	; 0
    000016B3 00                    5880 	.db #0x00	; 0
    000016B4 00                    5881 	.db #0x00	; 0
    000016B5 01                    5882 	.db #0x01	; 1
    000016B6 01                    5883 	.db #0x01	; 1
    000016B7 02                    5884 	.db #0x02	; 2
    000016B8 14                    5885 	.db #0x14	; 20
    000016B9 15                    5886 	.db #0x15	; 21
    000016BA 16                    5887 	.db #0x16	; 22
    000016BB 18                    5888 	.db #0x18	; 24
    000016BC 02                    5889 	.db #0x02	; 2
    000016BD 02                    5890 	.db #0x02	; 2
    000016BE 02                    5891 	.db #0x02	; 2
    000016BF 02                    5892 	.db #0x02	; 2
    000016C0 02                    5893 	.db #0x02	; 2
    000016C1 02                    5894 	.db #0x02	; 2
    000016C2 02                    5895 	.db #0x02	; 2
    000016C3 02                    5896 	.db #0x02	; 2
    000016C4 02                    5897 	.db #0x02	; 2
    000016C5 00                    5898 	.db #0x00	; 0
    000016C6 00                    5899 	.db #0x00	; 0
    000016C7 02                    5900 	.db #0x02	; 2
    000016C8 02                    5901 	.db #0x02	; 2
    000016C9 02                    5902 	.db #0x02	; 2
    000016CA 02                    5903 	.db #0x02	; 2
    000016CB 02                    5904 	.db #0x02	; 2
    000016CC 02                    5905 	.db #0x02	; 2
    000016CD 02                    5906 	.db #0x02	; 2
    000016CE 02                    5907 	.db #0x02	; 2
    000016CF 14                    5908 	.db #0x14	; 20
    000016D0 15                    5909 	.db #0x15	; 21
    000016D1 16                    5910 	.db #0x16	; 22
    000016D2 18                    5911 	.db #0x18	; 24
    000016D3 02                    5912 	.db #0x02	; 2
    000016D4 01                    5913 	.db #0x01	; 1
    000016D5 01                    5914 	.db #0x01	; 1
    000016D6 02                    5915 	.db #0x02	; 2
    000016D7 06                    5916 	.db #0x06	; 6
    000016D8 0C                    5917 	.db #0x0c	; 12
    000016D9 06                    5918 	.db #0x06	; 6
    000016DA 0C                    5919 	.db #0x0c	; 12
    000016DB 02                    5920 	.db #0x02	; 2
    000016DC 02                    5921 	.db #0x02	; 2
    000016DD 02                    5922 	.db #0x02	; 2
    000016DE 06                    5923 	.db #0x06	; 6
    000016DF 0C                    5924 	.db #0x0c	; 12
    000016E0 02                    5925 	.db #0x02	; 2
    000016E1 02                    5926 	.db #0x02	; 2
    000016E2 02                    5927 	.db #0x02	; 2
    000016E3 02                    5928 	.db #0x02	; 2
    000016E4 00                    5929 	.db #0x00	; 0
    000016E5 00                    5930 	.db #0x00	; 0
    000016E6 02                    5931 	.db #0x02	; 2
    000016E7 02                    5932 	.db #0x02	; 2
    000016E8 02                    5933 	.db #0x02	; 2
    000016E9 02                    5934 	.db #0x02	; 2
    000016EA 06                    5935 	.db #0x06	; 6
    000016EB 0C                    5936 	.db #0x0c	; 12
    000016EC 02                    5937 	.db #0x02	; 2
    000016ED 06                    5938 	.db #0x06	; 6
    000016EE 0C                    5939 	.db #0x0c	; 12
    000016EF 06                    5940 	.db #0x06	; 6
    000016F0 0C                    5941 	.db #0x0c	; 12
    000016F1 02                    5942 	.db #0x02	; 2
    000016F2 01                    5943 	.db #0x01	; 1
    000016F3 01                    5944 	.db #0x01	; 1
    000016F4 02                    5945 	.db #0x02	; 2
    000016F5 07                    5946 	.db #0x07	; 7
    000016F6 08                    5947 	.db #0x08	; 8
    000016F7 07                    5948 	.db #0x07	; 7
    000016F8 08                    5949 	.db #0x08	; 8
    000016F9 02                    5950 	.db #0x02	; 2
    000016FA 02                    5951 	.db #0x02	; 2
    000016FB 02                    5952 	.db #0x02	; 2
    000016FC 07                    5953 	.db #0x07	; 7
    000016FD 08                    5954 	.db #0x08	; 8
    000016FE 02                    5955 	.db #0x02	; 2
    000016FF 02                    5956 	.db #0x02	; 2
    00001700 02                    5957 	.db #0x02	; 2
    00001701 02                    5958 	.db #0x02	; 2
    00001702 00                    5959 	.db #0x00	; 0
    00001703 00                    5960 	.db #0x00	; 0
    00001704 02                    5961 	.db #0x02	; 2
    00001705 02                    5962 	.db #0x02	; 2
    00001706 02                    5963 	.db #0x02	; 2
    00001707 02                    5964 	.db #0x02	; 2
    00001708 07                    5965 	.db #0x07	; 7
    00001709 08                    5966 	.db #0x08	; 8
    0000170A 02                    5967 	.db #0x02	; 2
    0000170B 07                    5968 	.db #0x07	; 7
    0000170C 08                    5969 	.db #0x08	; 8
    0000170D 07                    5970 	.db #0x07	; 7
    0000170E 08                    5971 	.db #0x08	; 8
    0000170F 02                    5972 	.db #0x02	; 2
    00001710 01                    5973 	.db #0x01	; 1
    00001711 01                    5974 	.db #0x01	; 1
    00001712 00                    5975 	.db #0x00	; 0
    00001713 00                    5976 	.db #0x00	; 0
    00001714 00                    5977 	.db #0x00	; 0
    00001715 00                    5978 	.db #0x00	; 0
    00001716 00                    5979 	.db #0x00	; 0
    00001717 00                    5980 	.db #0x00	; 0
    00001718 00                    5981 	.db #0x00	; 0
    00001719 00                    5982 	.db #0x00	; 0
    0000171A 00                    5983 	.db #0x00	; 0
    0000171B 00                    5984 	.db #0x00	; 0
    0000171C 00                    5985 	.db #0x00	; 0
    0000171D 00                    5986 	.db #0x00	; 0
    0000171E 00                    5987 	.db #0x00	; 0
    0000171F 00                    5988 	.db #0x00	; 0
    00001720 00                    5989 	.db #0x00	; 0
    00001721 00                    5990 	.db #0x00	; 0
    00001722 00                    5991 	.db #0x00	; 0
    00001723 00                    5992 	.db #0x00	; 0
    00001724 00                    5993 	.db #0x00	; 0
    00001725 00                    5994 	.db #0x00	; 0
    00001726 00                    5995 	.db #0x00	; 0
    00001727 00                    5996 	.db #0x00	; 0
    00001728 00                    5997 	.db #0x00	; 0
    00001729 00                    5998 	.db #0x00	; 0
    0000172A 00                    5999 	.db #0x00	; 0
    0000172B 00                    6000 	.db #0x00	; 0
    0000172C 00                    6001 	.db #0x00	; 0
    0000172D 00                    6002 	.db #0x00	; 0
    0000172E 00                    6003 	.db #0x00	; 0
    0000172F 00                    6004 	.db #0x00	; 0
    00001730 01                    6005 	.db #0x01	; 1
    00001731 01                    6006 	.db #0x01	; 1
    00001732 02                    6007 	.db #0x02	; 2
    00001733 02                    6008 	.db #0x02	; 2
    00001734 02                    6009 	.db #0x02	; 2
    00001735 02                    6010 	.db #0x02	; 2
    00001736 03                    6011 	.db #0x03	; 3
    00001737 03                    6012 	.db #0x03	; 3
    00001738 02                    6013 	.db #0x02	; 2
    00001739 02                    6014 	.db #0x02	; 2
    0000173A 06                    6015 	.db #0x06	; 6
    0000173B 0C                    6016 	.db #0x0c	; 12
    0000173C 02                    6017 	.db #0x02	; 2
    0000173D 02                    6018 	.db #0x02	; 2
    0000173E 02                    6019 	.db #0x02	; 2
    0000173F 02                    6020 	.db #0x02	; 2
    00001740 00                    6021 	.db #0x00	; 0
    00001741 00                    6022 	.db #0x00	; 0
    00001742 02                    6023 	.db #0x02	; 2
    00001743 02                    6024 	.db #0x02	; 2
    00001744 02                    6025 	.db #0x02	; 2
    00001745 02                    6026 	.db #0x02	; 2
    00001746 06                    6027 	.db #0x06	; 6
    00001747 0C                    6028 	.db #0x0c	; 12
    00001748 02                    6029 	.db #0x02	; 2
    00001749 02                    6030 	.db #0x02	; 2
    0000174A 03                    6031 	.db #0x03	; 3
    0000174B 03                    6032 	.db #0x03	; 3
    0000174C 02                    6033 	.db #0x02	; 2
    0000174D 02                    6034 	.db #0x02	; 2
    0000174E 02                    6035 	.db #0x02	; 2
    0000174F 02                    6036 	.db #0x02	; 2
    00001750 01                    6037 	.db #0x01	; 1
    00001751 01                    6038 	.db #0x01	; 1
    00001752 02                    6039 	.db #0x02	; 2
    00001753 02                    6040 	.db #0x02	; 2
    00001754 02                    6041 	.db #0x02	; 2
    00001755 02                    6042 	.db #0x02	; 2
    00001756 04                    6043 	.db #0x04	; 4
    00001757 05                    6044 	.db #0x05	; 5
    00001758 02                    6045 	.db #0x02	; 2
    00001759 02                    6046 	.db #0x02	; 2
    0000175A 07                    6047 	.db #0x07	; 7
    0000175B 08                    6048 	.db #0x08	; 8
    0000175C 02                    6049 	.db #0x02	; 2
    0000175D 02                    6050 	.db #0x02	; 2
    0000175E 02                    6051 	.db #0x02	; 2
    0000175F 02                    6052 	.db #0x02	; 2
    00001760 00                    6053 	.db #0x00	; 0
    00001761 00                    6054 	.db #0x00	; 0
    00001762 02                    6055 	.db #0x02	; 2
    00001763 02                    6056 	.db #0x02	; 2
    00001764 02                    6057 	.db #0x02	; 2
    00001765 02                    6058 	.db #0x02	; 2
    00001766 07                    6059 	.db #0x07	; 7
    00001767 08                    6060 	.db #0x08	; 8
    00001768 02                    6061 	.db #0x02	; 2
    00001769 02                    6062 	.db #0x02	; 2
    0000176A 04                    6063 	.db #0x04	; 4
    0000176B 05                    6064 	.db #0x05	; 5
    0000176C 02                    6065 	.db #0x02	; 2
    0000176D 02                    6066 	.db #0x02	; 2
    0000176E 02                    6067 	.db #0x02	; 2
    0000176F 02                    6068 	.db #0x02	; 2
    00001770 01                    6069 	.db #0x01	; 1
    00001771 01                    6070 	.db #0x01	; 1
    00001772 02                    6071 	.db #0x02	; 2
    00001773 02                    6072 	.db #0x02	; 2
    00001774 02                    6073 	.db #0x02	; 2
    00001775 02                    6074 	.db #0x02	; 2
    00001776 02                    6075 	.db #0x02	; 2
    00001777 02                    6076 	.db #0x02	; 2
    00001778 02                    6077 	.db #0x02	; 2
    00001779 02                    6078 	.db #0x02	; 2
    0000177A 02                    6079 	.db #0x02	; 2
    0000177B 02                    6080 	.db #0x02	; 2
    0000177C 02                    6081 	.db #0x02	; 2
    0000177D 02                    6082 	.db #0x02	; 2
    0000177E 02                    6083 	.db #0x02	; 2
    0000177F 02                    6084 	.db #0x02	; 2
    00001780 00                    6085 	.db #0x00	; 0
    00001781 00                    6086 	.db #0x00	; 0
    00001782 02                    6087 	.db #0x02	; 2
    00001783 02                    6088 	.db #0x02	; 2
    00001784 02                    6089 	.db #0x02	; 2
    00001785 02                    6090 	.db #0x02	; 2
    00001786 02                    6091 	.db #0x02	; 2
    00001787 02                    6092 	.db #0x02	; 2
    00001788 02                    6093 	.db #0x02	; 2
    00001789 02                    6094 	.db #0x02	; 2
    0000178A 02                    6095 	.db #0x02	; 2
    0000178B 02                    6096 	.db #0x02	; 2
    0000178C 02                    6097 	.db #0x02	; 2
    0000178D 02                    6098 	.db #0x02	; 2
    0000178E 02                    6099 	.db #0x02	; 2
    0000178F 02                    6100 	.db #0x02	; 2
    00001790 01                    6101 	.db #0x01	; 1
    00001791 01                    6102 	.db #0x01	; 1
    00001792 00                    6103 	.db #0x00	; 0
    00001793 00                    6104 	.db #0x00	; 0
    00001794 00                    6105 	.db #0x00	; 0
    00001795 00                    6106 	.db #0x00	; 0
    00001796 00                    6107 	.db #0x00	; 0
    00001797 00                    6108 	.db #0x00	; 0
    00001798 00                    6109 	.db #0x00	; 0
    00001799 00                    6110 	.db #0x00	; 0
    0000179A 00                    6111 	.db #0x00	; 0
    0000179B 00                    6112 	.db #0x00	; 0
    0000179C 00                    6113 	.db #0x00	; 0
    0000179D 00                    6114 	.db #0x00	; 0
    0000179E 00                    6115 	.db #0x00	; 0
    0000179F 00                    6116 	.db #0x00	; 0
    000017A0 00                    6117 	.db #0x00	; 0
    000017A1 00                    6118 	.db #0x00	; 0
    000017A2 00                    6119 	.db #0x00	; 0
    000017A3 00                    6120 	.db #0x00	; 0
    000017A4 00                    6121 	.db #0x00	; 0
    000017A5 00                    6122 	.db #0x00	; 0
    000017A6 00                    6123 	.db #0x00	; 0
    000017A7 00                    6124 	.db #0x00	; 0
    000017A8 00                    6125 	.db #0x00	; 0
    000017A9 00                    6126 	.db #0x00	; 0
    000017AA 00                    6127 	.db #0x00	; 0
    000017AB 00                    6128 	.db #0x00	; 0
    000017AC 00                    6129 	.db #0x00	; 0
    000017AD 00                    6130 	.db #0x00	; 0
    000017AE 00                    6131 	.db #0x00	; 0
    000017AF 00                    6132 	.db #0x00	; 0
    000017B0 01                    6133 	.db #0x01	; 1
    000017B1 01                    6134 	.db #0x01	; 1
    000017B2 03                    6135 	.db #0x03	; 3
    000017B3 04                    6136 	.db #0x04	; 4
    000017B4 05                    6137 	.db #0x05	; 5
    000017B5 03                    6138 	.db #0x03	; 3
    000017B6 04                    6139 	.db #0x04	; 4
    000017B7 05                    6140 	.db #0x05	; 5
    000017B8 03                    6141 	.db #0x03	; 3
    000017B9 04                    6142 	.db #0x04	; 4
    000017BA 05                    6143 	.db #0x05	; 5
    000017BB 03                    6144 	.db #0x03	; 3
    000017BC 04                    6145 	.db #0x04	; 4
    000017BD 05                    6146 	.db #0x05	; 5
    000017BE 02                    6147 	.db #0x02	; 2
    000017BF 02                    6148 	.db #0x02	; 2
    000017C0 00                    6149 	.db #0x00	; 0
    000017C1 00                    6150 	.db #0x00	; 0
    000017C2 02                    6151 	.db #0x02	; 2
    000017C3 02                    6152 	.db #0x02	; 2
    000017C4 04                    6153 	.db #0x04	; 4
    000017C5 05                    6154 	.db #0x05	; 5
    000017C6 03                    6155 	.db #0x03	; 3
    000017C7 04                    6156 	.db #0x04	; 4
    000017C8 05                    6157 	.db #0x05	; 5
    000017C9 03                    6158 	.db #0x03	; 3
    000017CA 04                    6159 	.db #0x04	; 4
    000017CB 05                    6160 	.db #0x05	; 5
    000017CC 03                    6161 	.db #0x03	; 3
    000017CD 04                    6162 	.db #0x04	; 4
    000017CE 05                    6163 	.db #0x05	; 5
    000017CF 03                    6164 	.db #0x03	; 3
    000017D0 01                    6165 	.db #0x01	; 1
    000017D1 01                    6166 	.db #0x01	; 1
    000017D2 01                    6167 	.db #0x01	; 1
    000017D3 01                    6168 	.db #0x01	; 1
    000017D4 01                    6169 	.db #0x01	; 1
    000017D5 01                    6170 	.db #0x01	; 1
    000017D6 01                    6171 	.db #0x01	; 1
    000017D7 01                    6172 	.db #0x01	; 1
    000017D8 01                    6173 	.db #0x01	; 1
    000017D9 01                    6174 	.db #0x01	; 1
    000017DA 01                    6175 	.db #0x01	; 1
    000017DB 01                    6176 	.db #0x01	; 1
    000017DC 01                    6177 	.db #0x01	; 1
    000017DD 01                    6178 	.db #0x01	; 1
    000017DE 01                    6179 	.db #0x01	; 1
    000017DF 01                    6180 	.db #0x01	; 1
    000017E0 00                    6181 	.db #0x00	; 0
    000017E1 00                    6182 	.db #0x00	; 0
    000017E2 01                    6183 	.db #0x01	; 1
    000017E3 01                    6184 	.db #0x01	; 1
    000017E4 01                    6185 	.db #0x01	; 1
    000017E5 01                    6186 	.db #0x01	; 1
    000017E6 01                    6187 	.db #0x01	; 1
    000017E7 01                    6188 	.db #0x01	; 1
    000017E8 01                    6189 	.db #0x01	; 1
    000017E9 01                    6190 	.db #0x01	; 1
    000017EA 01                    6191 	.db #0x01	; 1
    000017EB 01                    6192 	.db #0x01	; 1
    000017EC 01                    6193 	.db #0x01	; 1
    000017ED 01                    6194 	.db #0x01	; 1
    000017EE 01                    6195 	.db #0x01	; 1
    000017EF 01                    6196 	.db #0x01	; 1
    000017F0 01                    6197 	.db #0x01	; 1
    000017F1 01                    6198 	.db #0x01	; 1
    000017F2 01                    6199 	.db #0x01	; 1
    000017F3 01                    6200 	.db #0x01	; 1
    000017F4 01                    6201 	.db #0x01	; 1
    000017F5 01                    6202 	.db #0x01	; 1
    000017F6 01                    6203 	.db #0x01	; 1
    000017F7 01                    6204 	.db #0x01	; 1
    000017F8 01                    6205 	.db #0x01	; 1
    000017F9 01                    6206 	.db #0x01	; 1
    000017FA 01                    6207 	.db #0x01	; 1
    000017FB 01                    6208 	.db #0x01	; 1
    000017FC 01                    6209 	.db #0x01	; 1
    000017FD 01                    6210 	.db #0x01	; 1
    000017FE 01                    6211 	.db #0x01	; 1
    000017FF 01                    6212 	.db #0x01	; 1
    00001800 00                    6213 	.db #0x00	; 0
    00001801 00                    6214 	.db #0x00	; 0
    00001802 01                    6215 	.db #0x01	; 1
    00001803 01                    6216 	.db #0x01	; 1
    00001804 01                    6217 	.db #0x01	; 1
    00001805 01                    6218 	.db #0x01	; 1
    00001806 01                    6219 	.db #0x01	; 1
    00001807 01                    6220 	.db #0x01	; 1
    00001808 01                    6221 	.db #0x01	; 1
    00001809 01                    6222 	.db #0x01	; 1
    0000180A 01                    6223 	.db #0x01	; 1
    0000180B 01                    6224 	.db #0x01	; 1
    0000180C 01                    6225 	.db #0x01	; 1
    0000180D 01                    6226 	.db #0x01	; 1
    0000180E 01                    6227 	.db #0x01	; 1
    0000180F 01                    6228 	.db #0x01	; 1
    00001810 01                    6229 	.db #0x01	; 1
                                   6230 	.area _INITIALIZER
                                   6231 	.area _CABS (ABS)
