                                      1 ;--------------------------------------------------------
                                      2 ; File Created by SDCC : free open source ISO C Compiler
                                      3 ; Version 4.5.1 #15267 (Mac OS X ppc)
                                      4 ;--------------------------------------------------------
                                      5 	.module entity
                                      6 	
                                      7 ;--------------------------------------------------------
                                      8 ; Public variables in this module
                                      9 ;--------------------------------------------------------
                                     10 	.globl _projectile_spawn
                                     11 	.globl _entity_init
                                     12 	.globl _ai_npc_static
                                     13 	.globl _ai_anim_simple
                                     14 	.globl _ai_enemy_random_walk
                                     15 	.globl _ai_enemy_shooter
                                     16 	.globl _ai_enemy_chaser_shooter
                                     17 	.globl _entity_update_all
                                     18 	.globl _entity_render_all
                                     19 ;--------------------------------------------------------
                                     20 ; special function registers
                                     21 ;--------------------------------------------------------
                                     22 	.area _HRAM
                                     23 ;--------------------------------------------------------
                                     24 ; ram data
                                     25 ;--------------------------------------------------------
                                     26 	.area _DATA
                                     27 ;--------------------------------------------------------
                                     28 ; ram data
                                     29 ;--------------------------------------------------------
                                     30 	.area _INITIALIZED
                                     31 ;--------------------------------------------------------
                                     32 ; absolute external ram data
                                     33 ;--------------------------------------------------------
                                     34 	.area _DABS (ABS)
                                     35 ;--------------------------------------------------------
                                     36 ; global & static initialisations
                                     37 ;--------------------------------------------------------
                                     38 	.area _HOME
                                     39 	.area _GSINIT
                                     40 	.area _GSFINAL
                                     41 	.area _GSINIT
                                     42 ;--------------------------------------------------------
                                     43 ; Home
                                     44 ;--------------------------------------------------------
                                     45 	.area _HOME
                                     46 	.area _HOME
                                     47 ;--------------------------------------------------------
                                     48 ; code
                                     49 ;--------------------------------------------------------
                                     50 	.area _CODE
                                     51 ;src/utils/entity.c:7: void entity_init(entity_t *e, ent_type_t type, uint16_t x, uint16_t y,
                                     52 ;	---------------------------------
                                     53 ; Function entity_init
                                     54 ; ---------------------------------
    00000000                         55 _entity_init::
    00000000 4F               [ 4]   56 	ld	c, a
                                     57 ;src/utils/entity.c:9: e->type = type;
    00000001 21 04 00         [12]   58 	ld	hl, #0x0004
    00000004 19               [ 8]   59 	add	hl, de
    00000005 71               [ 8]   60 	ld	(hl), c
                                     61 ;src/utils/entity.c:10: e->x = x;
    00000006 F8 02            [12]   62 	ldhl	sp,	#2
    00000008 2A               [ 8]   63 	ld	a, (hl+)
    00000009 12               [ 8]   64 	ld	(de), a
    0000000A 13               [ 8]   65 	inc	de
    0000000B 7E               [ 8]   66 	ld	a, (hl)
    0000000C 12               [ 8]   67 	ld	(de), a
    0000000D 1B               [ 8]   68 	dec	de
                                     69 ;src/utils/entity.c:11: e->y = y;
    0000000E 6B               [ 4]   70 	ld	l, e
    0000000F 62               [ 4]   71 	ld	h, d
    00000010 23               [ 8]   72 	inc	hl
    00000011 23               [ 8]   73 	inc	hl
    00000012 E5               [16]   74 	push	hl
    00000013 F8 06            [12]   75 	ldhl	sp,	#6
    00000015 7E               [ 8]   76 	ld	a, (hl)
    00000016 E1               [12]   77 	pop	hl
    00000017 22               [ 8]   78 	ld	(hl+), a
    00000018 E5               [16]   79 	push	hl
    00000019 F8 07            [12]   80 	ldhl	sp,	#7
    0000001B 7E               [ 8]   81 	ld	a, (hl)
    0000001C E1               [12]   82 	pop	hl
    0000001D 77               [ 8]   83 	ld	(hl), a
                                     84 ;src/utils/entity.c:12: e->sprite_base = sprite_base;
    0000001E 21 07 00         [12]   85 	ld	hl, #0x0007
    00000021 19               [ 8]   86 	add	hl, de
    00000022 E5               [16]   87 	push	hl
    00000023 F8 08            [12]   88 	ldhl	sp,	#8
    00000025 7E               [ 8]   89 	ld	a, (hl)
    00000026 E1               [12]   90 	pop	hl
    00000027 77               [ 8]   91 	ld	(hl), a
                                     92 ;src/utils/entity.c:13: e->dialogue = dialogue;
    00000028 21 05 00         [12]   93 	ld	hl, #0x0005
    0000002B 19               [ 8]   94 	add	hl, de
    0000002C E5               [16]   95 	push	hl
    0000002D F8 09            [12]   96 	ldhl	sp,	#9
    0000002F 7E               [ 8]   97 	ld	a, (hl)
    00000030 E1               [12]   98 	pop	hl
    00000031 22               [ 8]   99 	ld	(hl+), a
    00000032 E5               [16]  100 	push	hl
    00000033 F8 0A            [12]  101 	ldhl	sp,	#10
    00000035 7E               [ 8]  102 	ld	a, (hl)
    00000036 E1               [12]  103 	pop	hl
    00000037 77               [ 8]  104 	ld	(hl), a
                                    105 ;src/utils/entity.c:14: e->active = 1;
    00000038 21 08 00         [12]  106 	ld	hl, #0x0008
    0000003B 19               [ 8]  107 	add	hl, de
    0000003C 36 01            [12]  108 	ld	(hl), #0x01
                                    109 ;src/utils/entity.c:15: e->dir = 0;
    0000003E 21 09 00         [12]  110 	ld	hl, #0x0009
    00000041 19               [ 8]  111 	add	hl, de
    00000042 36 00            [12]  112 	ld	(hl), #0x00
                                    113 ;src/utils/entity.c:16: e->anim_frame = 0;
    00000044 21 0A 00         [12]  114 	ld	hl, #0x000a
    00000047 19               [ 8]  115 	add	hl, de
    00000048 36 00            [12]  116 	ld	(hl), #0x00
                                    117 ;src/utils/entity.c:17: e->anim_timer = 0;
    0000004A 21 0B 00         [12]  118 	ld	hl, #0x000b
    0000004D 19               [ 8]  119 	add	hl, de
    0000004E 36 00            [12]  120 	ld	(hl), #0x00
                                    121 ;src/utils/entity.c:18: e->move_timer = 0;
    00000050 21 0C 00         [12]  122 	ld	hl, #0x000c
    00000053 19               [ 8]  123 	add	hl, de
    00000054 36 00            [12]  124 	ld	(hl), #0x00
                                    125 ;src/utils/entity.c:21: e->update = ai_enemy_random_walk;
    00000056 21 0E 00         [12]  126 	ld	hl, #0x000e
    00000059 19               [ 8]  127 	add	hl, de
                                    128 ;src/utils/entity.c:20: if (type == ENT_ENEMY) {
    0000005A 79               [ 4]  129 	ld	a, c
    0000005B D6 03            [ 8]  130 	sub	a, #0x03
    0000005D 20 07            [12]  131 	jr	NZ, 00102$
                                    132 ;src/utils/entity.c:21: e->update = ai_enemy_random_walk;
    0000005F 36r8A            [12]  133 	ld	(hl), #<(_ai_enemy_random_walk)
    00000061 23               [ 8]  134 	inc	hl
    00000062 36s00            [12]  135 	ld	(hl), #>(_ai_enemy_random_walk)
    00000064 18 05            [12]  136 	jr	00104$
    00000066                        137 00102$:
                                    138 ;src/utils/entity.c:23: e->update = ai_npc_static;
    00000066 36r6F            [12]  139 	ld	(hl), #<(_ai_npc_static)
    00000068 23               [ 8]  140 	inc	hl
    00000069 36s00            [12]  141 	ld	(hl), #>(_ai_npc_static)
    0000006B                        142 00104$:
                                    143 ;src/utils/entity.c:25: }
    0000006B E1               [12]  144 	pop	hl
    0000006C E8 07            [16]  145 	add	sp, #7
    0000006E E9               [ 4]  146 	jp	(hl)
                                    147 ;src/utils/entity.c:27: void ai_npc_static(entity_t *self) {
                                    148 ;	---------------------------------
                                    149 ; Function ai_npc_static
                                    150 ; ---------------------------------
    0000006F                        151 _ai_npc_static::
                                    152 ;src/utils/entity.c:30: }
    0000006F C9               [16]  153 	ret
                                    154 ;src/utils/entity.c:32: void ai_anim_simple(entity_t *self) {
                                    155 ;	---------------------------------
                                    156 ; Function ai_anim_simple
                                    157 ; ---------------------------------
    00000070                        158 _ai_anim_simple::
                                    159 ;src/utils/entity.c:33: if (++self->anim_timer > 16) {
    00000070 21 0B 00         [12]  160 	ld	hl, #0x000b
    00000073 19               [ 8]  161 	add	hl, de
    00000074 4D               [ 4]  162 	ld	c, l
    00000075 44               [ 4]  163 	ld	b, h
    00000076 0A               [ 8]  164 	ld	a, (bc)
    00000077 3C               [ 4]  165 	inc	a
    00000078 02               [ 8]  166 	ld	(bc), a
    00000079 FE 11            [ 8]  167 	cp	a, #0x11
    0000007B D8               [20]  168 	ret	C
                                    169 ;src/utils/entity.c:34: self->anim_frame = !self->anim_frame;
    0000007C 21 0A 00         [12]  170 	ld	hl, #0x000a
    0000007F 19               [ 8]  171 	add	hl, de
    00000080 7E               [ 8]  172 	ld	a, (hl)
    00000081 D6 01            [ 8]  173 	sub	a, #0x01
    00000083 3E 00            [ 8]  174 	ld	a, #0x00
    00000085 17               [ 4]  175 	rla
    00000086 77               [ 8]  176 	ld	(hl), a
                                    177 ;src/utils/entity.c:35: self->anim_timer = 0;
    00000087 AF               [ 4]  178 	xor	a, a
    00000088 02               [ 8]  179 	ld	(bc), a
                                    180 ;src/utils/entity.c:37: }
    00000089 C9               [16]  181 	ret
                                    182 ;src/utils/entity.c:39: void ai_enemy_random_walk(entity_t *self) {
                                    183 ;	---------------------------------
                                    184 ; Function ai_enemy_random_walk
                                    185 ; ---------------------------------
    0000008A                        186 _ai_enemy_random_walk::
    0000008A E8 FC            [16]  187 	add	sp, #-4
    0000008C F8 02            [12]  188 	ldhl	sp,	#2
    0000008E 7B               [ 4]  189 	ld	a, e
    0000008F 22               [ 8]  190 	ld	(hl+), a
                                    191 ;src/utils/entity.c:40: if (self->move_timer > 0) {
    00000090 7A               [ 4]  192 	ld	a, d
    00000091 32               [ 8]  193 	ld	(hl-), a
    00000092 2A               [ 8]  194 	ld	a, (hl+)
    00000093 5F               [ 4]  195 	ld	e, a
    00000094 56               [ 8]  196 	ld	d, (hl)
    00000095 21 0C 00         [12]  197 	ld	hl, #0x000c
    00000098 19               [ 8]  198 	add	hl, de
    00000099 33               [ 8]  199 	inc	sp
    0000009A 33               [ 8]  200 	inc	sp
    0000009B 5D               [ 4]  201 	ld	e, l
    0000009C 54               [ 4]  202 	ld	d, h
    0000009D D5               [16]  203 	push	de
    0000009E 1A               [ 8]  204 	ld	a, (de)
    0000009F 4F               [ 4]  205 	ld	c, a
    000000A0 B7               [ 4]  206 	or	a, a
    000000A1 CAr69r01         [16]  207 	jp	Z, 00130$
                                    208 ;src/utils/entity.c:41: self->move_timer--;
    000000A4 0D               [ 4]  209 	dec	c
    000000A5 E1               [12]  210 	pop	hl
    000000A6 E5               [16]  211 	push	hl
    000000A7 71               [ 8]  212 	ld	(hl), c
                                    213 ;src/utils/entity.c:42: if (self->dir == 0) { // Down
    000000A8 F8 02            [12]  214 	ldhl	sp,#2
    000000AA 2A               [ 8]  215 	ld	a, (hl+)
    000000AB 5F               [ 4]  216 	ld	e, a
    000000AC 56               [ 8]  217 	ld	d, (hl)
    000000AD 21 09 00         [12]  218 	ld	hl, #0x0009
    000000B0 19               [ 8]  219 	add	hl, de
    000000B1 4D               [ 4]  220 	ld	c, l
    000000B2 44               [ 4]  221 	ld	b, h
    000000B3 0A               [ 8]  222 	ld	a, (bc)
                                    223 ;src/utils/entity.c:43: if (self->y < 240)
    000000B4 F8 02            [12]  224 	ldhl	sp,	#2
    000000B6 4E               [ 8]  225 	ld	c, (hl)
    000000B7 23               [ 8]  226 	inc	hl
    000000B8 46               [ 8]  227 	ld	b, (hl)
    000000B9 03               [ 8]  228 	inc	bc
    000000BA 03               [ 8]  229 	inc	bc
                                    230 ;src/utils/entity.c:42: if (self->dir == 0) { // Down
    000000BB B7               [ 4]  231 	or	a, a
    000000BC 20 1D            [12]  232 	jr	NZ, 00122$
                                    233 ;src/utils/entity.c:43: if (self->y < 240)
    000000BE 69               [ 4]  234 	ld	l, c
    000000BF 60               [ 4]  235 	ld	h, b
    000000C0 2A               [ 8]  236 	ld	a,	(hl+)
    000000C1 66               [ 8]  237 	ld	h, (hl)
    000000C2 6F               [ 4]  238 	ld	l, a
    000000C3 5D               [ 4]  239 	ld	e, l
    000000C4 54               [ 4]  240 	ld	d, h
    000000C5 7B               [ 4]  241 	ld	a, e
    000000C6 D6 F0            [ 8]  242 	sub	a, #0xf0
    000000C8 7A               [ 4]  243 	ld	a, d
    000000C9 DE 00            [ 8]  244 	sbc	a, #0x00
    000000CB 30 08            [12]  245 	jr	NC, 00102$
                                    246 ;src/utils/entity.c:44: self->y++;
    000000CD 23               [ 8]  247 	inc	hl
    000000CE 7D               [ 4]  248 	ld	a, l
    000000CF 02               [ 8]  249 	ld	(bc), a
    000000D0 03               [ 8]  250 	inc	bc
    000000D1 7C               [ 4]  251 	ld	a, h
    000000D2 02               [ 8]  252 	ld	(bc), a
    000000D3 18 6C            [12]  253 	jr	00123$
    000000D5                        254 00102$:
                                    255 ;src/utils/entity.c:46: self->move_timer = 0;
    000000D5 E1               [12]  256 	pop	hl
    000000D6 36 00            [12]  257 	ld	(hl), #0x00
    000000D8 E5               [16]  258 	push	hl
    000000D9 18 66            [12]  259 	jr	00123$
    000000DB                        260 00122$:
                                    261 ;src/utils/entity.c:47: } else if (self->dir == 1) { // Up
    000000DB FE 01            [ 8]  262 	cp	a, #0x01
    000000DD 20 1D            [12]  263 	jr	NZ, 00119$
                                    264 ;src/utils/entity.c:48: if (self->y > 16)
    000000DF 69               [ 4]  265 	ld	l, c
    000000E0 60               [ 4]  266 	ld	h, b
    000000E1 2A               [ 8]  267 	ld	a,	(hl+)
    000000E2 66               [ 8]  268 	ld	h, (hl)
    000000E3 6F               [ 4]  269 	ld	l, a
    000000E4 5D               [ 4]  270 	ld	e, l
    000000E5 54               [ 4]  271 	ld	d, h
    000000E6 3E 10            [ 8]  272 	ld	a, #0x10
    000000E8 BB               [ 4]  273 	cp	a, e
    000000E9 3E 00            [ 8]  274 	ld	a, #0x00
    000000EB 9A               [ 4]  275 	sbc	a, d
    000000EC 30 08            [12]  276 	jr	NC, 00105$
                                    277 ;src/utils/entity.c:49: self->y--;
    000000EE 2B               [ 8]  278 	dec	hl
    000000EF 7D               [ 4]  279 	ld	a, l
    000000F0 02               [ 8]  280 	ld	(bc), a
    000000F1 03               [ 8]  281 	inc	bc
    000000F2 7C               [ 4]  282 	ld	a, h
    000000F3 02               [ 8]  283 	ld	(bc), a
    000000F4 18 4B            [12]  284 	jr	00123$
    000000F6                        285 00105$:
                                    286 ;src/utils/entity.c:51: self->move_timer = 0;
    000000F6 E1               [12]  287 	pop	hl
    000000F7 36 00            [12]  288 	ld	(hl), #0x00
    000000F9 E5               [16]  289 	push	hl
    000000FA 18 45            [12]  290 	jr	00123$
    000000FC                        291 00119$:
                                    292 ;src/utils/entity.c:53: if (self->x > 16)
    000000FC F8 02            [12]  293 	ldhl	sp,	#2
    000000FE 4E               [ 8]  294 	ld	c, (hl)
    000000FF 23               [ 8]  295 	inc	hl
    00000100 46               [ 8]  296 	ld	b, (hl)
                                    297 ;src/utils/entity.c:52: } else if (self->dir == 2) { // Left
    00000101 FE 02            [ 8]  298 	cp	a, #0x02
    00000103 20 1D            [12]  299 	jr	NZ, 00116$
                                    300 ;src/utils/entity.c:53: if (self->x > 16)
    00000105 69               [ 4]  301 	ld	l, c
    00000106 60               [ 4]  302 	ld	h, b
    00000107 2A               [ 8]  303 	ld	a,	(hl+)
    00000108 66               [ 8]  304 	ld	h, (hl)
    00000109 6F               [ 4]  305 	ld	l, a
    0000010A 5D               [ 4]  306 	ld	e, l
    0000010B 54               [ 4]  307 	ld	d, h
    0000010C 3E 10            [ 8]  308 	ld	a, #0x10
    0000010E BB               [ 4]  309 	cp	a, e
    0000010F 3E 00            [ 8]  310 	ld	a, #0x00
    00000111 9A               [ 4]  311 	sbc	a, d
    00000112 30 08            [12]  312 	jr	NC, 00108$
                                    313 ;src/utils/entity.c:54: self->x--;
    00000114 2B               [ 8]  314 	dec	hl
    00000115 7D               [ 4]  315 	ld	a, l
    00000116 02               [ 8]  316 	ld	(bc), a
    00000117 03               [ 8]  317 	inc	bc
    00000118 7C               [ 4]  318 	ld	a, h
    00000119 02               [ 8]  319 	ld	(bc), a
    0000011A 18 25            [12]  320 	jr	00123$
    0000011C                        321 00108$:
                                    322 ;src/utils/entity.c:56: self->move_timer = 0;
    0000011C E1               [12]  323 	pop	hl
    0000011D 36 00            [12]  324 	ld	(hl), #0x00
    0000011F E5               [16]  325 	push	hl
    00000120 18 1F            [12]  326 	jr	00123$
    00000122                        327 00116$:
                                    328 ;src/utils/entity.c:57: } else if (self->dir == 3) { // Right
    00000122 D6 03            [ 8]  329 	sub	a, #0x03
    00000124 20 1B            [12]  330 	jr	NZ, 00123$
                                    331 ;src/utils/entity.c:58: if (self->x < 240)
    00000126 69               [ 4]  332 	ld	l, c
    00000127 60               [ 4]  333 	ld	h, b
    00000128 2A               [ 8]  334 	ld	a,	(hl+)
    00000129 66               [ 8]  335 	ld	h, (hl)
    0000012A 6F               [ 4]  336 	ld	l, a
    0000012B 5D               [ 4]  337 	ld	e, l
    0000012C 54               [ 4]  338 	ld	d, h
    0000012D 7B               [ 4]  339 	ld	a, e
    0000012E D6 F0            [ 8]  340 	sub	a, #0xf0
    00000130 7A               [ 4]  341 	ld	a, d
    00000131 DE 00            [ 8]  342 	sbc	a, #0x00
    00000133 30 08            [12]  343 	jr	NC, 00111$
                                    344 ;src/utils/entity.c:59: self->x++;
    00000135 23               [ 8]  345 	inc	hl
    00000136 7D               [ 4]  346 	ld	a, l
    00000137 02               [ 8]  347 	ld	(bc), a
    00000138 03               [ 8]  348 	inc	bc
    00000139 7C               [ 4]  349 	ld	a, h
    0000013A 02               [ 8]  350 	ld	(bc), a
    0000013B 18 04            [12]  351 	jr	00123$
    0000013D                        352 00111$:
                                    353 ;src/utils/entity.c:61: self->move_timer = 0;
    0000013D E1               [12]  354 	pop	hl
    0000013E 36 00            [12]  355 	ld	(hl), #0x00
    00000140 E5               [16]  356 	push	hl
    00000141                        357 00123$:
                                    358 ;src/utils/entity.c:64: if (++self->anim_timer > 8) {
    00000141 F8 02            [12]  359 	ldhl	sp,#2
    00000143 2A               [ 8]  360 	ld	a, (hl+)
    00000144 5F               [ 4]  361 	ld	e, a
    00000145 56               [ 8]  362 	ld	d, (hl)
    00000146 21 0B 00         [12]  363 	ld	hl, #0x000b
    00000149 19               [ 8]  364 	add	hl, de
    0000014A 4D               [ 4]  365 	ld	c, l
    0000014B 44               [ 4]  366 	ld	b, h
    0000014C 0A               [ 8]  367 	ld	a, (bc)
    0000014D 3C               [ 4]  368 	inc	a
    0000014E 02               [ 8]  369 	ld	(bc), a
    0000014F FE 09            [ 8]  370 	cp	a, #0x09
    00000151 38 3A            [12]  371 	jr	C, 00132$
                                    372 ;src/utils/entity.c:65: self->anim_frame = !self->anim_frame;
    00000153 F8 02            [12]  373 	ldhl	sp,#2
    00000155 2A               [ 8]  374 	ld	a, (hl+)
    00000156 5F               [ 4]  375 	ld	e, a
    00000157 56               [ 8]  376 	ld	d, (hl)
    00000158 21 0A 00         [12]  377 	ld	hl, #0x000a
    0000015B 19               [ 8]  378 	add	hl, de
    0000015C 5D               [ 4]  379 	ld	e, l
    0000015D 54               [ 4]  380 	ld	d, h
    0000015E 1A               [ 8]  381 	ld	a, (de)
    0000015F D6 01            [ 8]  382 	sub	a, #0x01
    00000161 3E 00            [ 8]  383 	ld	a, #0x00
    00000163 17               [ 4]  384 	rla
    00000164 12               [ 8]  385 	ld	(de), a
                                    386 ;src/utils/entity.c:66: self->anim_timer = 0;
    00000165 AF               [ 4]  387 	xor	a, a
    00000166 02               [ 8]  388 	ld	(bc), a
    00000167 18 24            [12]  389 	jr	00132$
    00000169                        390 00130$:
                                    391 ;src/utils/entity.c:70: uint8_t r = DIV_REG & 0x0F;
    00000169 F0r00            [12]  392 	ldh	a, (_DIV_REG + 0)
    0000016B E6 0F            [ 8]  393 	and	a, #0x0f
    0000016D 4F               [ 4]  394 	ld	c, a
                                    395 ;src/utils/entity.c:42: if (self->dir == 0) { // Down
    0000016E F8 02            [12]  396 	ldhl	sp,#2
    00000170 2A               [ 8]  397 	ld	a, (hl+)
    00000171 5F               [ 4]  398 	ld	e, a
    00000172 56               [ 8]  399 	ld	d, (hl)
    00000173 21 09 00         [12]  400 	ld	hl, #0x0009
    00000176 19               [ 8]  401 	add	hl, de
    00000177 5D               [ 4]  402 	ld	e, l
    00000178 54               [ 4]  403 	ld	d, h
                                    404 ;src/utils/entity.c:71: if (r < 4)
                                    405 ;src/utils/entity.c:72: self->dir = r; // 0=D, 1=U, 2=L, 3=R
    00000179 79               [ 4]  406 	ld	a,c
    0000017A FE 04            [ 8]  407 	cp	a,#0x04
    0000017C 30 03            [12]  408 	jr	NC, 00127$
    0000017E 12               [ 8]  409 	ld	(de), a
    0000017F 18 03            [12]  410 	jr	00128$
    00000181                        411 00127$:
                                    412 ;src/utils/entity.c:74: self->dir = -1; // Wait/Idle
    00000181 3E FF            [ 8]  413 	ld	a, #0xff
    00000183 12               [ 8]  414 	ld	(de), a
    00000184                        415 00128$:
                                    416 ;src/utils/entity.c:75: self->move_timer = 30 + (DIV_REG & 0x1F);
    00000184 F0r00            [12]  417 	ldh	a, (_DIV_REG + 0)
    00000186 E6 1F            [ 8]  418 	and	a, #0x1f
    00000188 C6 1E            [ 8]  419 	add	a, #0x1e
    0000018A E1               [12]  420 	pop	hl
    0000018B E5               [16]  421 	push	hl
    0000018C 77               [ 8]  422 	ld	(hl), a
    0000018D                        423 00132$:
                                    424 ;src/utils/entity.c:77: }
    0000018D E8 04            [16]  425 	add	sp, #4
    0000018F C9               [16]  426 	ret
                                    427 ;src/utils/entity.c:79: void ai_enemy_shooter(entity_t *self, uint16_t player_x, uint16_t player_y) {
                                    428 ;	---------------------------------
                                    429 ; Function ai_enemy_shooter
                                    430 ; ---------------------------------
    00000190                        431 _ai_enemy_shooter::
    00000190 E8 F2            [16]  432 	add	sp, #-14
    00000192 F8 0C            [12]  433 	ldhl	sp,	#12
    00000194 7B               [ 4]  434 	ld	a, e
    00000195 22               [ 8]  435 	ld	(hl+), a
    00000196 72               [ 8]  436 	ld	(hl), d
    00000197 F8 0A            [12]  437 	ldhl	sp,	#10
    00000199 79               [ 4]  438 	ld	a, c
    0000019A 22               [ 8]  439 	ld	(hl+), a
                                    440 ;src/utils/entity.c:82: if (++self->move_timer > 60) { // Shoot every 60 frames (~1 second)
    0000019B 78               [ 4]  441 	ld	a, b
    0000019C 22               [ 8]  442 	ld	(hl+), a
    0000019D 2A               [ 8]  443 	ld	a, (hl+)
    0000019E 5F               [ 4]  444 	ld	e, a
    0000019F 56               [ 8]  445 	ld	d, (hl)
    000001A0 21 0C 00         [12]  446 	ld	hl, #0x000c
    000001A3 19               [ 8]  447 	add	hl, de
    000001A4 E5               [16]  448 	push	hl
    000001A5 7D               [ 4]  449 	ld	a, l
    000001A6 F8 0A            [12]  450 	ldhl	sp,	#10
    000001A8 77               [ 8]  451 	ld	(hl), a
    000001A9 E1               [12]  452 	pop	hl
    000001AA 7C               [ 4]  453 	ld	a, h
    000001AB F8 09            [12]  454 	ldhl	sp,	#9
    000001AD 32               [ 8]  455 	ld	(hl-), a
    000001AE 2A               [ 8]  456 	ld	a, (hl+)
    000001AF 5F               [ 4]  457 	ld	e, a
    000001B0 3A               [ 8]  458 	ld	a, (hl-)
    000001B1 57               [ 4]  459 	ld	d, a
    000001B2 1A               [ 8]  460 	ld	a, (de)
    000001B3 3C               [ 4]  461 	inc	a
    000001B4 5E               [ 8]  462 	ld	e, (hl)
    000001B5 23               [ 8]  463 	inc	hl
    000001B6 66               [ 8]  464 	ld	h, (hl)
    000001B7 6B               [ 4]  465 	ld	l, e
    000001B8 77               [ 8]  466 	ld	(hl), a
    000001B9 FE 3D            [ 8]  467 	cp	a, #0x3d
    000001BB DAr12r03         [16]  468 	jp	C, 00116$
                                    469 ;src/utils/entity.c:83: self->move_timer = 0;
    000001BE F8 08            [12]  470 	ldhl	sp,	#8
    000001C0 2A               [ 8]  471 	ld	a, (hl+)
    000001C1 66               [ 8]  472 	ld	h, (hl)
    000001C2 6F               [ 4]  473 	ld	l, a
    000001C3 36 00            [12]  474 	ld	(hl), #0x00
                                    475 ;src/utils/entity.c:86: int16_t dx = (int16_t)player_x - (int16_t)self->x;
    000001C5 F8 0A            [12]  476 	ldhl	sp,	#10
    000001C7 2A               [ 8]  477 	ld	a, (hl+)
    000001C8 47               [ 4]  478 	ld	b, a
    000001C9 2A               [ 8]  479 	ld	a, (hl+)
    000001CA 4F               [ 4]  480 	ld	c, a
    000001CB 2A               [ 8]  481 	ld	a, (hl+)
    000001CC 5F               [ 4]  482 	ld	e, a
    000001CD 56               [ 8]  483 	ld	d, (hl)
    000001CE 1A               [ 8]  484 	ld	a, (de)
    000001CF F8 00            [12]  485 	ldhl	sp,	#0
    000001D1 22               [ 8]  486 	ld	(hl+), a
    000001D2 13               [ 8]  487 	inc	de
    000001D3 1A               [ 8]  488 	ld	a, (de)
    000001D4 32               [ 8]  489 	ld	(hl-), a
    000001D5 7E               [ 8]  490 	ld	a, (hl)
    000001D6 F8 08            [12]  491 	ldhl	sp,	#8
    000001D8 77               [ 8]  492 	ld	(hl), a
    000001D9 F8 01            [12]  493 	ldhl	sp,	#1
    000001DB 7E               [ 8]  494 	ld	a, (hl)
    000001DC F8 09            [12]  495 	ldhl	sp,	#9
    000001DE 77               [ 8]  496 	ld	(hl), a
    000001DF 58               [ 4]  497 	ld	e, b
    000001E0 51               [ 4]  498 	ld	d, c
    000001E1 3A               [ 8]  499 	ld	a, (hl-)
    000001E2 6E               [ 8]  500 	ld	l, (hl)
    000001E3 67               [ 4]  501 	ld	h, a
    000001E4 7B               [ 4]  502 	ld	a, e
    000001E5 95               [ 4]  503 	sub	a, l
    000001E6 5F               [ 4]  504 	ld	e, a
    000001E7 7A               [ 4]  505 	ld	a, d
    000001E8 9C               [ 4]  506 	sbc	a, h
    000001E9 F8 03            [12]  507 	ldhl	sp,	#3
    000001EB 32               [ 8]  508 	ld	(hl-), a
    000001EC 73               [ 8]  509 	ld	(hl), e
                                    510 ;src/utils/entity.c:87: int16_t dy = (int16_t)player_y - (int16_t)self->y;
    000001ED F8 10            [12]  511 	ldhl	sp,	#16
    000001EF 7E               [ 8]  512 	ld	a, (hl)
    000001F0 F8 08            [12]  513 	ldhl	sp,	#8
    000001F2 77               [ 8]  514 	ld	(hl), a
    000001F3 F8 11            [12]  515 	ldhl	sp,	#17
    000001F5 7E               [ 8]  516 	ld	a, (hl)
    000001F6 F8 09            [12]  517 	ldhl	sp,	#9
    000001F8 77               [ 8]  518 	ld	(hl), a
    000001F9 F8 0C            [12]  519 	ldhl	sp,	#12
    000001FB 2A               [ 8]  520 	ld	a, (hl+)
    000001FC 4F               [ 4]  521 	ld	c, a
    000001FD 46               [ 8]  522 	ld	b, (hl)
    000001FE 03               [ 8]  523 	inc	bc
    000001FF 03               [ 8]  524 	inc	bc
    00000200 59               [ 4]  525 	ld	e, c
    00000201 50               [ 4]  526 	ld	d, b
    00000202 1A               [ 8]  527 	ld	a, (de)
    00000203 F8 04            [12]  528 	ldhl	sp,	#4
    00000205 22               [ 8]  529 	ld	(hl+), a
    00000206 13               [ 8]  530 	inc	de
    00000207 1A               [ 8]  531 	ld	a, (de)
    00000208 32               [ 8]  532 	ld	(hl-), a
    00000209 2A               [ 8]  533 	ld	a, (hl+)
    0000020A 4F               [ 4]  534 	ld	c, a
    0000020B 46               [ 8]  535 	ld	b, (hl)
    0000020C F8 08            [12]  536 	ldhl	sp,#8
    0000020E 2A               [ 8]  537 	ld	a, (hl+)
    0000020F 5F               [ 4]  538 	ld	e, a
    00000210 3A               [ 8]  539 	ld	a, (hl-)
    00000211 2B               [ 8]  540 	dec	hl
    00000212 57               [ 4]  541 	ld	d, a
    00000213 7B               [ 4]  542 	ld	a, e
    00000214 91               [ 4]  543 	sub	a, c
    00000215 5F               [ 4]  544 	ld	e, a
    00000216 7A               [ 4]  545 	ld	a, d
    00000217 98               [ 4]  546 	sbc	a, b
    00000218 32               [ 8]  547 	ld	(hl-), a
                                    548 ;src/utils/entity.c:90: int8_t vx = 0, vy = 0;
    00000219 7B               [ 4]  549 	ld	a, e
    0000021A 22               [ 8]  550 	ld	(hl+), a
    0000021B 23               [ 8]  551 	inc	hl
    0000021C AF               [ 4]  552 	xor	a, a
    0000021D 22               [ 8]  553 	ld	(hl+), a
    0000021E 77               [ 8]  554 	ld	(hl), a
                                    555 ;src/utils/entity.c:91: if (dx > 10)
    0000021F F8 02            [12]  556 	ldhl	sp,	#2
    00000221 2A               [ 8]  557 	ld	a, (hl+)
    00000222 4F               [ 4]  558 	ld	c, a
    00000223 46               [ 8]  559 	ld	b, (hl)
    00000224 58               [ 4]  560 	ld	e, b
    00000225 16 00            [ 8]  561 	ld	d, #0x00
    00000227 3E 0A            [ 8]  562 	ld	a, #0x0a
    00000229 B9               [ 4]  563 	cp	a, c
    0000022A 3E 00            [ 8]  564 	ld	a, #0x00
    0000022C 98               [ 4]  565 	sbc	a, b
    0000022D CB 7B            [ 8]  566 	bit	7, e
    0000022F 28 07            [12]  567 	jr	Z, 00160$
    00000231 CB 7A            [ 8]  568 	bit	7, d
    00000233 20 08            [12]  569 	jr	NZ, 00161$
    00000235 BF               [ 4]  570 	cp	a, a
    00000236 18 05            [12]  571 	jr	00161$
    00000238                        572 00160$:
    00000238 CB 7A            [ 8]  573 	bit	7, d
    0000023A 28 01            [12]  574 	jr	Z, 00161$
    0000023C 37               [ 4]  575 	scf
    0000023D                        576 00161$:
    0000023D 30 06            [12]  577 	jr	NC, 00104$
                                    578 ;src/utils/entity.c:92: vx = 2;
    0000023F F8 08            [12]  579 	ldhl	sp,	#8
    00000241 36 02            [12]  580 	ld	(hl), #0x02
    00000243 18 22            [12]  581 	jr	00105$
    00000245                        582 00104$:
                                    583 ;src/utils/entity.c:93: else if (dx < -10)
    00000245 F8 02            [12]  584 	ldhl	sp,	#2
    00000247 2A               [ 8]  585 	ld	a, (hl+)
    00000248 D6 F6            [ 8]  586 	sub	a, #0xf6
    0000024A 7E               [ 8]  587 	ld	a, (hl)
    0000024B DE FF            [ 8]  588 	sbc	a, #0xff
    0000024D 56               [ 8]  589 	ld	d, (hl)
    0000024E 3E FF            [ 8]  590 	ld	a, #0xff
    00000250 5F               [ 4]  591 	ld	e, a
    00000251 CB 7B            [ 8]  592 	bit	7, e
    00000253 28 07            [12]  593 	jr	Z, 00162$
    00000255 CB 7A            [ 8]  594 	bit	7, d
    00000257 20 08            [12]  595 	jr	NZ, 00163$
    00000259 BF               [ 4]  596 	cp	a, a
    0000025A 18 05            [12]  597 	jr	00163$
    0000025C                        598 00162$:
    0000025C CB 7A            [ 8]  599 	bit	7, d
    0000025E 28 01            [12]  600 	jr	Z, 00163$
    00000260 37               [ 4]  601 	scf
    00000261                        602 00163$:
    00000261 30 04            [12]  603 	jr	NC, 00105$
                                    604 ;src/utils/entity.c:94: vx = -2;
    00000263 F8 08            [12]  605 	ldhl	sp,	#8
    00000265 36 FE            [12]  606 	ld	(hl), #0xfe
    00000267                        607 00105$:
                                    608 ;src/utils/entity.c:95: if (dy > 10)
    00000267 F8 06            [12]  609 	ldhl	sp,	#6
    00000269 2A               [ 8]  610 	ld	a, (hl+)
    0000026A 4F               [ 4]  611 	ld	c, a
    0000026B 46               [ 8]  612 	ld	b, (hl)
    0000026C 58               [ 4]  613 	ld	e, b
    0000026D 16 00            [ 8]  614 	ld	d, #0x00
    0000026F 3E 0A            [ 8]  615 	ld	a, #0x0a
    00000271 B9               [ 4]  616 	cp	a, c
    00000272 3E 00            [ 8]  617 	ld	a, #0x00
    00000274 98               [ 4]  618 	sbc	a, b
    00000275 CB 7B            [ 8]  619 	bit	7, e
    00000277 28 07            [12]  620 	jr	Z, 00164$
    00000279 CB 7A            [ 8]  621 	bit	7, d
    0000027B 20 08            [12]  622 	jr	NZ, 00165$
    0000027D BF               [ 4]  623 	cp	a, a
    0000027E 18 05            [12]  624 	jr	00165$
    00000280                        625 00164$:
    00000280 CB 7A            [ 8]  626 	bit	7, d
    00000282 28 01            [12]  627 	jr	Z, 00165$
    00000284 37               [ 4]  628 	scf
    00000285                        629 00165$:
    00000285 30 06            [12]  630 	jr	NC, 00109$
                                    631 ;src/utils/entity.c:96: vy = 2;
    00000287 F8 09            [12]  632 	ldhl	sp,	#9
    00000289 36 02            [12]  633 	ld	(hl), #0x02
    0000028B 18 22            [12]  634 	jr	00110$
    0000028D                        635 00109$:
                                    636 ;src/utils/entity.c:97: else if (dy < -10)
    0000028D F8 06            [12]  637 	ldhl	sp,	#6
    0000028F 2A               [ 8]  638 	ld	a, (hl+)
    00000290 D6 F6            [ 8]  639 	sub	a, #0xf6
    00000292 7E               [ 8]  640 	ld	a, (hl)
    00000293 DE FF            [ 8]  641 	sbc	a, #0xff
    00000295 56               [ 8]  642 	ld	d, (hl)
    00000296 3E FF            [ 8]  643 	ld	a, #0xff
    00000298 5F               [ 4]  644 	ld	e, a
    00000299 CB 7B            [ 8]  645 	bit	7, e
    0000029B 28 07            [12]  646 	jr	Z, 00166$
    0000029D CB 7A            [ 8]  647 	bit	7, d
    0000029F 20 08            [12]  648 	jr	NZ, 00167$
    000002A1 BF               [ 4]  649 	cp	a, a
    000002A2 18 05            [12]  650 	jr	00167$
    000002A4                        651 00166$:
    000002A4 CB 7A            [ 8]  652 	bit	7, d
    000002A6 28 01            [12]  653 	jr	Z, 00167$
    000002A8 37               [ 4]  654 	scf
    000002A9                        655 00167$:
    000002A9 30 04            [12]  656 	jr	NC, 00110$
                                    657 ;src/utils/entity.c:98: vy = -2;
    000002AB F8 09            [12]  658 	ldhl	sp,	#9
    000002AD 36 FE            [12]  659 	ld	(hl), #0xfe
    000002AF                        660 00110$:
                                    661 ;src/utils/entity.c:100: if (vx != 0 || vy != 0) {
    000002AF F8 08            [12]  662 	ldhl	sp,	#8
    000002B1 7E               [ 8]  663 	ld	a, (hl)
    000002B2 B7               [ 4]  664 	or	a, a
    000002B3 20 05            [12]  665 	jr	NZ, 00111$
    000002B5 23               [ 8]  666 	inc	hl
    000002B6 7E               [ 8]  667 	ld	a, (hl)
    000002B7 B7               [ 4]  668 	or	a, a
    000002B8 28 58            [12]  669 	jr	Z, 00116$
    000002BA                        670 00111$:
                                    671 ;src/utils/entity.c:101: projectile_spawn(self->x + 8, self->y + 8, vx, vy, 0);
    000002BA F8 04            [12]  672 	ldhl	sp,	#4
    000002BC 2A               [ 8]  673 	ld	a, (hl+)
    000002BD 23               [ 8]  674 	inc	hl
    000002BE 32               [ 8]  675 	ld	(hl-), a
    000002BF 2A               [ 8]  676 	ld	a, (hl+)
    000002C0 23               [ 8]  677 	inc	hl
    000002C1 32               [ 8]  678 	ld	(hl-), a
    000002C2 2A               [ 8]  679 	ld	a, (hl+)
    000002C3 5F               [ 4]  680 	ld	e, a
    000002C4 56               [ 8]  681 	ld	d, (hl)
    000002C5 21 08 00         [12]  682 	ld	hl, #0x0008
    000002C8 19               [ 8]  683 	add	hl, de
    000002C9 E5               [16]  684 	push	hl
    000002CA 7D               [ 4]  685 	ld	a, l
    000002CB F8 06            [12]  686 	ldhl	sp,	#6
    000002CD 77               [ 8]  687 	ld	(hl), a
    000002CE E1               [12]  688 	pop	hl
    000002CF 7C               [ 4]  689 	ld	a, h
    000002D0 F8 05            [12]  690 	ldhl	sp,	#5
    000002D2 32               [ 8]  691 	ld	(hl-), a
    000002D3 2A               [ 8]  692 	ld	a, (hl+)
    000002D4 23               [ 8]  693 	inc	hl
    000002D5 32               [ 8]  694 	ld	(hl-), a
    000002D6 2A               [ 8]  695 	ld	a, (hl+)
    000002D7 23               [ 8]  696 	inc	hl
    000002D8 77               [ 8]  697 	ld	(hl), a
    000002D9 F8 00            [12]  698 	ldhl	sp,	#0
    000002DB 7E               [ 8]  699 	ld	a, (hl)
    000002DC F8 04            [12]  700 	ldhl	sp,	#4
    000002DE 77               [ 8]  701 	ld	(hl), a
    000002DF F8 01            [12]  702 	ldhl	sp,	#1
    000002E1 7E               [ 8]  703 	ld	a, (hl)
    000002E2 F8 05            [12]  704 	ldhl	sp,	#5
    000002E4 32               [ 8]  705 	ld	(hl-), a
    000002E5 2A               [ 8]  706 	ld	a, (hl+)
    000002E6 5F               [ 4]  707 	ld	e, a
    000002E7 56               [ 8]  708 	ld	d, (hl)
    000002E8 21 08 00         [12]  709 	ld	hl, #0x0008
    000002EB 19               [ 8]  710 	add	hl, de
    000002EC E5               [16]  711 	push	hl
    000002ED 7D               [ 4]  712 	ld	a, l
    000002EE F8 04            [12]  713 	ldhl	sp,	#4
    000002F0 77               [ 8]  714 	ld	(hl), a
    000002F1 E1               [12]  715 	pop	hl
    000002F2 7C               [ 4]  716 	ld	a, h
    000002F3 F8 03            [12]  717 	ldhl	sp,	#3
    000002F5 32               [ 8]  718 	ld	(hl-), a
    000002F6 2A               [ 8]  719 	ld	a, (hl+)
    000002F7 23               [ 8]  720 	inc	hl
    000002F8 32               [ 8]  721 	ld	(hl-), a
    000002F9 2A               [ 8]  722 	ld	a, (hl+)
    000002FA 23               [ 8]  723 	inc	hl
    000002FB 77               [ 8]  724 	ld	(hl), a
    000002FC AF               [ 4]  725 	xor	a, a
    000002FD F5               [16]  726 	push	af
    000002FE 33               [ 8]  727 	inc	sp
    000002FF F8 0A            [12]  728 	ldhl	sp,	#10
    00000301 3A               [ 8]  729 	ld	a, (hl-)
    00000302 57               [ 4]  730 	ld	d, a
    00000303 3A               [ 8]  731 	ld	a, (hl-)
    00000304 2B               [ 8]  732 	dec	hl
    00000305 5F               [ 4]  733 	ld	e, a
    00000306 D5               [16]  734 	push	de
    00000307 2A               [ 8]  735 	ld	a, (hl+)
    00000308 4F               [ 4]  736 	ld	c, a
    00000309 46               [ 8]  737 	ld	b, (hl)
    0000030A F8 07            [12]  738 	ldhl	sp,	#7
    0000030C 2A               [ 8]  739 	ld	a, (hl+)
    0000030D 5F               [ 4]  740 	ld	e, a
    0000030E 56               [ 8]  741 	ld	d, (hl)
    0000030F CDr00r00         [24]  742 	call	_projectile_spawn
    00000312                        743 00116$:
                                    744 ;src/utils/entity.c:104: }
    00000312 E8 0E            [16]  745 	add	sp, #14
    00000314 E1               [12]  746 	pop	hl
    00000315 F1               [12]  747 	pop	af
    00000316 E9               [ 4]  748 	jp	(hl)
                                    749 ;src/utils/entity.c:106: void ai_enemy_chaser_shooter(entity_t *self) {
                                    750 ;	---------------------------------
                                    751 ; Function ai_enemy_chaser_shooter
                                    752 ; ---------------------------------
    00000317                        753 _ai_enemy_chaser_shooter::
    00000317 E8 F2            [16]  754 	add	sp, #-14
    00000319 F8 0C            [12]  755 	ldhl	sp,	#12
    0000031B 7B               [ 4]  756 	ld	a, e
    0000031C 22               [ 8]  757 	ld	(hl+), a
                                    758 ;src/utils/entity.c:111: if (++self->move_timer > 1) {
    0000031D 7A               [ 4]  759 	ld	a, d
    0000031E 32               [ 8]  760 	ld	(hl-), a
    0000031F 2A               [ 8]  761 	ld	a, (hl+)
    00000320 5F               [ 4]  762 	ld	e, a
    00000321 56               [ 8]  763 	ld	d, (hl)
    00000322 21 0C 00         [12]  764 	ld	hl, #0x000c
    00000325 19               [ 8]  765 	add	hl, de
    00000326 E5               [16]  766 	push	hl
    00000327 7D               [ 4]  767 	ld	a, l
    00000328 F8 08            [12]  768 	ldhl	sp,	#8
    0000032A 77               [ 8]  769 	ld	(hl), a
    0000032B E1               [12]  770 	pop	hl
    0000032C 7C               [ 4]  771 	ld	a, h
    0000032D F8 07            [12]  772 	ldhl	sp,	#7
    0000032F 32               [ 8]  773 	ld	(hl-), a
    00000330 2A               [ 8]  774 	ld	a, (hl+)
    00000331 5F               [ 4]  775 	ld	e, a
    00000332 56               [ 8]  776 	ld	d, (hl)
    00000333 1A               [ 8]  777 	ld	a, (de)
    00000334 4F               [ 4]  778 	ld	c, a
    00000335 0C               [ 4]  779 	inc	c
    00000336 3A               [ 8]  780 	ld	a, (hl-)
    00000337 6E               [ 8]  781 	ld	l, (hl)
    00000338 67               [ 4]  782 	ld	h, a
    00000339 71               [ 8]  783 	ld	(hl), c
                                    784 ;src/utils/entity.c:114: int16_t dx = (int16_t)player_x - (int16_t)self->x;
    0000033A F8 0C            [12]  785 	ldhl	sp,	#12
    0000033C 7E               [ 8]  786 	ld	a, (hl)
    0000033D F8 08            [12]  787 	ldhl	sp,	#8
    0000033F 77               [ 8]  788 	ld	(hl), a
    00000340 F8 0D            [12]  789 	ldhl	sp,	#13
    00000342 7E               [ 8]  790 	ld	a, (hl)
    00000343 F8 09            [12]  791 	ldhl	sp,	#9
    00000345 77               [ 8]  792 	ld	(hl), a
                                    793 ;src/utils/entity.c:115: int16_t dy = (int16_t)player_y - (int16_t)self->y;
    00000346 F8 0C            [12]  794 	ldhl	sp,#12
    00000348 2A               [ 8]  795 	ld	a, (hl+)
    00000349 5F               [ 4]  796 	ld	e, a
    0000034A 56               [ 8]  797 	ld	d, (hl)
    0000034B 21 02 00         [12]  798 	ld	hl, #0x0002
    0000034E 19               [ 8]  799 	add	hl, de
    0000034F E5               [16]  800 	push	hl
    00000350 7D               [ 4]  801 	ld	a, l
    00000351 F8 0C            [12]  802 	ldhl	sp,	#12
    00000353 77               [ 8]  803 	ld	(hl), a
    00000354 E1               [12]  804 	pop	hl
    00000355 7C               [ 4]  805 	ld	a, h
    00000356 F8 0B            [12]  806 	ldhl	sp,	#11
    00000358 77               [ 8]  807 	ld	(hl), a
                                    808 ;src/utils/entity.c:111: if (++self->move_timer > 1) {
    00000359 3E 01            [ 8]  809 	ld	a, #0x01
    0000035B 91               [ 4]  810 	sub	a, c
    0000035C D2rC1r04         [16]  811 	jp	NC, 00114$
                                    812 ;src/utils/entity.c:112: self->move_timer = 0;
    0000035F F8 06            [12]  813 	ldhl	sp,	#6
    00000361 2A               [ 8]  814 	ld	a, (hl+)
    00000362 66               [ 8]  815 	ld	h, (hl)
    00000363 6F               [ 4]  816 	ld	l, a
    00000364 36 00            [12]  817 	ld	(hl), #0x00
                                    818 ;src/utils/entity.c:114: int16_t dx = (int16_t)player_x - (int16_t)self->x;
    00000366 FAr00r00         [16]  819 	ld	a, (_player_x)
    00000369 47               [ 4]  820 	ld	b, a
    0000036A 21r01r00         [12]  821 	ld	hl, #_player_x + 1
    0000036D 4E               [ 8]  822 	ld	c, (hl)
    0000036E F8 08            [12]  823 	ldhl	sp,#8
    00000370 2A               [ 8]  824 	ld	a, (hl+)
    00000371 5F               [ 4]  825 	ld	e, a
    00000372 56               [ 8]  826 	ld	d, (hl)
    00000373 1A               [ 8]  827 	ld	a, (de)
    00000374 F8 00            [12]  828 	ldhl	sp,	#0
    00000376 22               [ 8]  829 	ld	(hl+), a
    00000377 13               [ 8]  830 	inc	de
    00000378 1A               [ 8]  831 	ld	a, (de)
    00000379 32               [ 8]  832 	ld	(hl-), a
    0000037A 7E               [ 8]  833 	ld	a, (hl)
    0000037B F8 06            [12]  834 	ldhl	sp,	#6
    0000037D 77               [ 8]  835 	ld	(hl), a
    0000037E F8 01            [12]  836 	ldhl	sp,	#1
    00000380 7E               [ 8]  837 	ld	a, (hl)
    00000381 F8 07            [12]  838 	ldhl	sp,	#7
    00000383 77               [ 8]  839 	ld	(hl), a
    00000384 58               [ 4]  840 	ld	e, b
    00000385 51               [ 4]  841 	ld	d, c
    00000386 3A               [ 8]  842 	ld	a, (hl-)
    00000387 6E               [ 8]  843 	ld	l, (hl)
    00000388 67               [ 4]  844 	ld	h, a
    00000389 7B               [ 4]  845 	ld	a, e
    0000038A 95               [ 4]  846 	sub	a, l
    0000038B 5F               [ 4]  847 	ld	e, a
    0000038C 7A               [ 4]  848 	ld	a, d
    0000038D 9C               [ 4]  849 	sbc	a, h
    0000038E F8 03            [12]  850 	ldhl	sp,	#3
    00000390 32               [ 8]  851 	ld	(hl-), a
    00000391 73               [ 8]  852 	ld	(hl), e
                                    853 ;src/utils/entity.c:115: int16_t dy = (int16_t)player_y - (int16_t)self->y;
    00000392 FAr00r00         [16]  854 	ld	a, (#_player_y)
    00000395 F8 06            [12]  855 	ldhl	sp,	#6
    00000397 77               [ 8]  856 	ld	(hl), a
    00000398 FAr01r00         [16]  857 	ld	a, (#_player_y + 1)
    0000039B F8 07            [12]  858 	ldhl	sp,	#7
    0000039D 77               [ 8]  859 	ld	(hl), a
    0000039E F8 0A            [12]  860 	ldhl	sp,#10
    000003A0 2A               [ 8]  861 	ld	a, (hl+)
    000003A1 5F               [ 4]  862 	ld	e, a
    000003A2 56               [ 8]  863 	ld	d, (hl)
    000003A3 1A               [ 8]  864 	ld	a, (de)
    000003A4 4F               [ 4]  865 	ld	c, a
    000003A5 13               [ 8]  866 	inc	de
    000003A6 1A               [ 8]  867 	ld	a, (de)
    000003A7 47               [ 4]  868 	ld	b, a
    000003A8 F8 06            [12]  869 	ldhl	sp,#6
    000003AA 2A               [ 8]  870 	ld	a, (hl+)
    000003AB 5F               [ 4]  871 	ld	e, a
    000003AC 3A               [ 8]  872 	ld	a, (hl-)
    000003AD 2B               [ 8]  873 	dec	hl
    000003AE 57               [ 4]  874 	ld	d, a
    000003AF 7B               [ 4]  875 	ld	a, e
    000003B0 91               [ 4]  876 	sub	a, c
    000003B1 5F               [ 4]  877 	ld	e, a
    000003B2 7A               [ 4]  878 	ld	a, d
    000003B3 98               [ 4]  879 	sbc	a, b
    000003B4 32               [ 8]  880 	ld	(hl-), a
                                    881 ;src/utils/entity.c:118: if (dx > 8) {
    000003B5 7B               [ 4]  882 	ld	a, e
    000003B6 32               [ 8]  883 	ld	(hl-), a
    000003B7 2B               [ 8]  884 	dec	hl
    000003B8 2A               [ 8]  885 	ld	a, (hl+)
    000003B9 4F               [ 4]  886 	ld	c, a
    000003BA 46               [ 8]  887 	ld	b, (hl)
                                    888 ;src/utils/entity.c:120: self->dir = 3; // Right
    000003BB F8 0C            [12]  889 	ldhl	sp,#12
    000003BD 2A               [ 8]  890 	ld	a, (hl+)
    000003BE 5F               [ 4]  891 	ld	e, a
    000003BF 56               [ 8]  892 	ld	d, (hl)
    000003C0 21 09 00         [12]  893 	ld	hl, #0x0009
    000003C3 19               [ 8]  894 	add	hl, de
    000003C4 E5               [16]  895 	push	hl
    000003C5 7D               [ 4]  896 	ld	a, l
    000003C6 F8 08            [12]  897 	ldhl	sp,	#8
    000003C8 77               [ 8]  898 	ld	(hl), a
    000003C9 E1               [12]  899 	pop	hl
    000003CA 7C               [ 4]  900 	ld	a, h
    000003CB F8 07            [12]  901 	ldhl	sp,	#7
    000003CD 77               [ 8]  902 	ld	(hl), a
                                    903 ;src/utils/entity.c:118: if (dx > 8) {
    000003CE 58               [ 4]  904 	ld	e, b
    000003CF 16 00            [ 8]  905 	ld	d, #0x00
    000003D1 3E 08            [ 8]  906 	ld	a, #0x08
    000003D3 B9               [ 4]  907 	cp	a, c
    000003D4 3E 00            [ 8]  908 	ld	a, #0x00
    000003D6 98               [ 4]  909 	sbc	a, b
    000003D7 CB 7B            [ 8]  910 	bit	7, e
    000003D9 28 07            [12]  911 	jr	Z, 00207$
    000003DB CB 7A            [ 8]  912 	bit	7, d
    000003DD 20 08            [12]  913 	jr	NZ, 00208$
    000003DF BF               [ 4]  914 	cp	a, a
    000003E0 18 05            [12]  915 	jr	00208$
    000003E2                        916 00207$:
    000003E2 CB 7A            [ 8]  917 	bit	7, d
    000003E4 28 01            [12]  918 	jr	Z, 00208$
    000003E6 37               [ 4]  919 	scf
    000003E7                        920 00208$:
    000003E7 30 14            [12]  921 	jr	NC, 00104$
                                    922 ;src/utils/entity.c:119: self->x++;
    000003E9 C1               [12]  923 	pop	bc
    000003EA C5               [16]  924 	push	bc
    000003EB 03               [ 8]  925 	inc	bc
    000003EC F8 08            [12]  926 	ldhl	sp,	#8
    000003EE 2A               [ 8]  927 	ld	a, (hl+)
    000003EF 66               [ 8]  928 	ld	h, (hl)
    000003F0 6F               [ 4]  929 	ld	l, a
    000003F1 79               [ 4]  930 	ld	a, c
    000003F2 22               [ 8]  931 	ld	(hl+), a
    000003F3 70               [ 8]  932 	ld	(hl), b
                                    933 ;src/utils/entity.c:120: self->dir = 3; // Right
    000003F4 F8 06            [12]  934 	ldhl	sp,	#6
    000003F6 2A               [ 8]  935 	ld	a, (hl+)
    000003F7 66               [ 8]  936 	ld	h, (hl)
    000003F8 6F               [ 4]  937 	ld	l, a
    000003F9 36 03            [12]  938 	ld	(hl), #0x03
    000003FB 18 2F            [12]  939 	jr	00105$
    000003FD                        940 00104$:
                                    941 ;src/utils/entity.c:121: } else if (dx < -8) {
    000003FD F8 02            [12]  942 	ldhl	sp,	#2
    000003FF 2A               [ 8]  943 	ld	a, (hl+)
    00000400 D6 F8            [ 8]  944 	sub	a, #0xf8
    00000402 7E               [ 8]  945 	ld	a, (hl)
    00000403 DE FF            [ 8]  946 	sbc	a, #0xff
    00000405 56               [ 8]  947 	ld	d, (hl)
    00000406 3E FF            [ 8]  948 	ld	a, #0xff
    00000408 CB 7F            [ 8]  949 	bit	7,a
    0000040A 28 07            [12]  950 	jr	Z, 00209$
    0000040C CB 7A            [ 8]  951 	bit	7, d
    0000040E 20 08            [12]  952 	jr	NZ, 00210$
    00000410 BF               [ 4]  953 	cp	a, a
    00000411 18 05            [12]  954 	jr	00210$
    00000413                        955 00209$:
    00000413 CB 7A            [ 8]  956 	bit	7, d
    00000415 28 01            [12]  957 	jr	Z, 00210$
    00000417 37               [ 4]  958 	scf
    00000418                        959 00210$:
    00000418 30 12            [12]  960 	jr	NC, 00105$
                                    961 ;src/utils/entity.c:122: self->x--;
    0000041A C1               [12]  962 	pop	bc
    0000041B C5               [16]  963 	push	bc
    0000041C 0B               [ 8]  964 	dec	bc
    0000041D F8 08            [12]  965 	ldhl	sp,	#8
    0000041F 2A               [ 8]  966 	ld	a, (hl+)
    00000420 66               [ 8]  967 	ld	h, (hl)
    00000421 6F               [ 4]  968 	ld	l, a
    00000422 79               [ 4]  969 	ld	a, c
    00000423 22               [ 8]  970 	ld	(hl+), a
    00000424 70               [ 8]  971 	ld	(hl), b
                                    972 ;src/utils/entity.c:123: self->dir = 2; // Left
    00000425 F8 06            [12]  973 	ldhl	sp,	#6
    00000427 2A               [ 8]  974 	ld	a, (hl+)
    00000428 66               [ 8]  975 	ld	h, (hl)
    00000429 6F               [ 4]  976 	ld	l, a
    0000042A 36 02            [12]  977 	ld	(hl), #0x02
    0000042C                        978 00105$:
                                    979 ;src/utils/entity.c:126: if (dy > 8) {
    0000042C F8 04            [12]  980 	ldhl	sp,	#4
    0000042E 2A               [ 8]  981 	ld	a, (hl+)
    0000042F 4F               [ 4]  982 	ld	c, a
    00000430 46               [ 8]  983 	ld	b, (hl)
    00000431 58               [ 4]  984 	ld	e, b
    00000432 16 00            [ 8]  985 	ld	d, #0x00
    00000434 3E 08            [ 8]  986 	ld	a, #0x08
    00000436 B9               [ 4]  987 	cp	a, c
    00000437 3E 00            [ 8]  988 	ld	a, #0x00
    00000439 98               [ 4]  989 	sbc	a, b
    0000043A CB 7B            [ 8]  990 	bit	7, e
    0000043C 28 07            [12]  991 	jr	Z, 00211$
    0000043E CB 7A            [ 8]  992 	bit	7, d
    00000440 20 08            [12]  993 	jr	NZ, 00212$
    00000442 BF               [ 4]  994 	cp	a, a
    00000443 18 05            [12]  995 	jr	00212$
    00000445                        996 00211$:
    00000445 CB 7A            [ 8]  997 	bit	7, d
    00000447 28 01            [12]  998 	jr	Z, 00212$
    00000449 37               [ 4]  999 	scf
    0000044A                       1000 00212$:
    0000044A 30 1A            [12] 1001 	jr	NC, 00109$
                                   1002 ;src/utils/entity.c:127: self->y++;
    0000044C F8 0A            [12] 1003 	ldhl	sp,#10
    0000044E 2A               [ 8] 1004 	ld	a, (hl+)
    0000044F 5F               [ 4] 1005 	ld	e, a
    00000450 56               [ 8] 1006 	ld	d, (hl)
    00000451 1A               [ 8] 1007 	ld	a, (de)
    00000452 4F               [ 4] 1008 	ld	c, a
    00000453 13               [ 8] 1009 	inc	de
    00000454 1A               [ 8] 1010 	ld	a, (de)
    00000455 47               [ 4] 1011 	ld	b, a
    00000456 03               [ 8] 1012 	inc	bc
    00000457 3A               [ 8] 1013 	ld	a, (hl-)
    00000458 6E               [ 8] 1014 	ld	l, (hl)
    00000459 67               [ 4] 1015 	ld	h, a
    0000045A 79               [ 4] 1016 	ld	a, c
    0000045B 22               [ 8] 1017 	ld	(hl+), a
    0000045C 70               [ 8] 1018 	ld	(hl), b
                                   1019 ;src/utils/entity.c:128: self->dir = 0; // Down
    0000045D F8 06            [12] 1020 	ldhl	sp,	#6
    0000045F 2A               [ 8] 1021 	ld	a, (hl+)
    00000460 66               [ 8] 1022 	ld	h, (hl)
    00000461 6F               [ 4] 1023 	ld	l, a
    00000462 36 00            [12] 1024 	ld	(hl), #0x00
    00000464 18 35            [12] 1025 	jr	00110$
    00000466                       1026 00109$:
                                   1027 ;src/utils/entity.c:129: } else if (dy < -8) {
    00000466 F8 04            [12] 1028 	ldhl	sp,	#4
    00000468 2A               [ 8] 1029 	ld	a, (hl+)
    00000469 D6 F8            [ 8] 1030 	sub	a, #0xf8
    0000046B 7E               [ 8] 1031 	ld	a, (hl)
    0000046C DE FF            [ 8] 1032 	sbc	a, #0xff
    0000046E 56               [ 8] 1033 	ld	d, (hl)
    0000046F 3E FF            [ 8] 1034 	ld	a, #0xff
    00000471 CB 7F            [ 8] 1035 	bit	7,a
    00000473 28 07            [12] 1036 	jr	Z, 00213$
    00000475 CB 7A            [ 8] 1037 	bit	7, d
    00000477 20 08            [12] 1038 	jr	NZ, 00214$
    00000479 BF               [ 4] 1039 	cp	a, a
    0000047A 18 05            [12] 1040 	jr	00214$
    0000047C                       1041 00213$:
    0000047C CB 7A            [ 8] 1042 	bit	7, d
    0000047E 28 01            [12] 1043 	jr	Z, 00214$
    00000480 37               [ 4] 1044 	scf
    00000481                       1045 00214$:
    00000481 30 18            [12] 1046 	jr	NC, 00110$
                                   1047 ;src/utils/entity.c:130: self->y--;
    00000483 F8 0A            [12] 1048 	ldhl	sp,#10
    00000485 2A               [ 8] 1049 	ld	a, (hl+)
    00000486 5F               [ 4] 1050 	ld	e, a
    00000487 56               [ 8] 1051 	ld	d, (hl)
    00000488 1A               [ 8] 1052 	ld	a, (de)
    00000489 4F               [ 4] 1053 	ld	c, a
    0000048A 13               [ 8] 1054 	inc	de
    0000048B 1A               [ 8] 1055 	ld	a, (de)
    0000048C 47               [ 4] 1056 	ld	b, a
    0000048D 0B               [ 8] 1057 	dec	bc
    0000048E 3A               [ 8] 1058 	ld	a, (hl-)
    0000048F 6E               [ 8] 1059 	ld	l, (hl)
    00000490 67               [ 4] 1060 	ld	h, a
    00000491 79               [ 4] 1061 	ld	a, c
    00000492 22               [ 8] 1062 	ld	(hl+), a
    00000493 70               [ 8] 1063 	ld	(hl), b
                                   1064 ;src/utils/entity.c:131: self->dir = 1; // Up
    00000494 F8 06            [12] 1065 	ldhl	sp,	#6
    00000496 2A               [ 8] 1066 	ld	a, (hl+)
    00000497 66               [ 8] 1067 	ld	h, (hl)
    00000498 6F               [ 4] 1068 	ld	l, a
    00000499 36 01            [12] 1069 	ld	(hl), #0x01
    0000049B                       1070 00110$:
                                   1071 ;src/utils/entity.c:135: if (++self->anim_timer > 8) {
    0000049B F8 0C            [12] 1072 	ldhl	sp,#12
    0000049D 2A               [ 8] 1073 	ld	a, (hl+)
    0000049E 5F               [ 4] 1074 	ld	e, a
    0000049F 56               [ 8] 1075 	ld	d, (hl)
    000004A0 21 0B 00         [12] 1076 	ld	hl, #0x000b
    000004A3 19               [ 8] 1077 	add	hl, de
    000004A4 4D               [ 4] 1078 	ld	c, l
    000004A5 44               [ 4] 1079 	ld	b, h
    000004A6 0A               [ 8] 1080 	ld	a, (bc)
    000004A7 3C               [ 4] 1081 	inc	a
    000004A8 02               [ 8] 1082 	ld	(bc), a
    000004A9 FE 09            [ 8] 1083 	cp	a, #0x09
    000004AB 38 14            [12] 1084 	jr	C, 00114$
                                   1085 ;src/utils/entity.c:136: self->anim_frame = !self->anim_frame;
    000004AD F8 0C            [12] 1086 	ldhl	sp,#12
    000004AF 2A               [ 8] 1087 	ld	a, (hl+)
    000004B0 5F               [ 4] 1088 	ld	e, a
    000004B1 56               [ 8] 1089 	ld	d, (hl)
    000004B2 21 0A 00         [12] 1090 	ld	hl, #0x000a
    000004B5 19               [ 8] 1091 	add	hl, de
    000004B6 5D               [ 4] 1092 	ld	e, l
    000004B7 54               [ 4] 1093 	ld	d, h
    000004B8 1A               [ 8] 1094 	ld	a, (de)
    000004B9 D6 01            [ 8] 1095 	sub	a, #0x01
    000004BB 3E 00            [ 8] 1096 	ld	a, #0x00
    000004BD 17               [ 4] 1097 	rla
    000004BE 12               [ 8] 1098 	ld	(de), a
                                   1099 ;src/utils/entity.c:137: self->anim_timer = 0;
    000004BF AF               [ 4] 1100 	xor	a, a
    000004C0 02               [ 8] 1101 	ld	(bc), a
    000004C1                       1102 00114$:
                                   1103 ;src/utils/entity.c:142: if (self->shoot_timer > 0) {
    000004C1 F8 0C            [12] 1104 	ldhl	sp,#12
    000004C3 2A               [ 8] 1105 	ld	a, (hl+)
    000004C4 5F               [ 4] 1106 	ld	e, a
    000004C5 56               [ 8] 1107 	ld	d, (hl)
    000004C6 21 0D 00         [12] 1108 	ld	hl, #0x000d
    000004C9 19               [ 8] 1109 	add	hl, de
    000004CA E5               [16] 1110 	push	hl
    000004CB 7D               [ 4] 1111 	ld	a, l
    000004CC F8 04            [12] 1112 	ldhl	sp,	#4
    000004CE 77               [ 8] 1113 	ld	(hl), a
    000004CF E1               [12] 1114 	pop	hl
    000004D0 7C               [ 4] 1115 	ld	a, h
    000004D1 F8 03            [12] 1116 	ldhl	sp,	#3
    000004D3 32               [ 8] 1117 	ld	(hl-), a
    000004D4 2A               [ 8] 1118 	ld	a, (hl+)
    000004D5 5F               [ 4] 1119 	ld	e, a
    000004D6 56               [ 8] 1120 	ld	d, (hl)
    000004D7 1A               [ 8] 1121 	ld	a, (de)
    000004D8 4F               [ 4] 1122 	ld	c, a
    000004D9 B7               [ 4] 1123 	or	a, a
    000004DA 28 08            [12] 1124 	jr	Z, 00126$
                                   1125 ;src/utils/entity.c:143: self->shoot_timer--;
    000004DC 0D               [ 4] 1126 	dec	c
    000004DD 3A               [ 8] 1127 	ld	a, (hl-)
    000004DE 6E               [ 8] 1128 	ld	l, (hl)
    000004DF 67               [ 4] 1129 	ld	h, a
    000004E0 71               [ 8] 1130 	ld	(hl), c
    000004E1 C3rB6r05         [16] 1131 	jp	00128$
    000004E4                       1132 00126$:
                                   1133 ;src/utils/entity.c:147: int16_t dx = (int16_t)player_x - (int16_t)self->x;
    000004E4 FAr00r00         [16] 1134 	ld	a, (_player_x)
    000004E7 4F               [ 4] 1135 	ld	c, a
    000004E8 21r01r00         [12] 1136 	ld	hl, #_player_x + 1
    000004EB 46               [ 8] 1137 	ld	b, (hl)
    000004EC F8 08            [12] 1138 	ldhl	sp,#8
    000004EE 2A               [ 8] 1139 	ld	a, (hl+)
    000004EF 5F               [ 4] 1140 	ld	e, a
    000004F0 56               [ 8] 1141 	ld	d, (hl)
    000004F1 1A               [ 8] 1142 	ld	a, (de)
    000004F2 F8 04            [12] 1143 	ldhl	sp,	#4
    000004F4 22               [ 8] 1144 	ld	(hl+), a
    000004F5 13               [ 8] 1145 	inc	de
    000004F6 1A               [ 8] 1146 	ld	a, (de)
    000004F7 32               [ 8] 1147 	ld	(hl-), a
    000004F8 2A               [ 8] 1148 	ld	a, (hl+)
    000004F9 5F               [ 4] 1149 	ld	e, a
    000004FA 56               [ 8] 1150 	ld	d, (hl)
    000004FB 79               [ 4] 1151 	ld	a, c
    000004FC 93               [ 4] 1152 	sub	a, e
    000004FD 4F               [ 4] 1153 	ld	c, a
    000004FE 78               [ 4] 1154 	ld	a, b
    000004FF 9A               [ 4] 1155 	sbc	a, d
    00000500 47               [ 4] 1156 	ld	b, a
                                   1157 ;src/utils/entity.c:148: int16_t dy = (int16_t)player_y - (int16_t)self->y;
    00000501 FAr00r00         [16] 1158 	ld	a, (#_player_y)
    00000504 F8 00            [12] 1159 	ldhl	sp,	#0
    00000506 77               [ 8] 1160 	ld	(hl), a
    00000507 FAr01r00         [16] 1161 	ld	a, (#_player_y + 1)
    0000050A F8 01            [12] 1162 	ldhl	sp,	#1
    0000050C 77               [ 8] 1163 	ld	(hl), a
    0000050D F8 0A            [12] 1164 	ldhl	sp,#10
    0000050F 2A               [ 8] 1165 	ld	a, (hl+)
    00000510 5F               [ 4] 1166 	ld	e, a
    00000511 56               [ 8] 1167 	ld	d, (hl)
    00000512 1A               [ 8] 1168 	ld	a, (de)
    00000513 F8 06            [12] 1169 	ldhl	sp,	#6
    00000515 22               [ 8] 1170 	ld	(hl+), a
    00000516 13               [ 8] 1171 	inc	de
    00000517 1A               [ 8] 1172 	ld	a, (de)
    00000518 32               [ 8] 1173 	ld	(hl-), a
    00000519 2A               [ 8] 1174 	ld	a, (hl+)
    0000051A 23               [ 8] 1175 	inc	hl
    0000051B 32               [ 8] 1176 	ld	(hl-), a
    0000051C 2A               [ 8] 1177 	ld	a, (hl+)
    0000051D 23               [ 8] 1178 	inc	hl
    0000051E 77               [ 8] 1179 	ld	(hl), a
    0000051F D1               [12] 1180 	pop	de
    00000520 D5               [16] 1181 	push	de
    00000521 3A               [ 8] 1182 	ld	a, (hl-)
    00000522 6E               [ 8] 1183 	ld	l, (hl)
    00000523 67               [ 4] 1184 	ld	h, a
    00000524 7B               [ 4] 1185 	ld	a, e
    00000525 95               [ 4] 1186 	sub	a, l
    00000526 5F               [ 4] 1187 	ld	e, a
    00000527 7A               [ 4] 1188 	ld	a, d
    00000528 9C               [ 4] 1189 	sbc	a, h
    00000529 F8 0B            [12] 1190 	ldhl	sp,	#11
    0000052B 32               [ 8] 1191 	ld	(hl-), a
                                   1192 ;src/utils/entity.c:150: int8_t vx = 0, vy = 0;
    0000052C 7B               [ 4] 1193 	ld	a, e
    0000052D 32               [ 8] 1194 	ld	(hl-), a
    0000052E 2B               [ 8] 1195 	dec	hl
    0000052F AF               [ 4] 1196 	xor	a, a
    00000530 22               [ 8] 1197 	ld	(hl+), a
    00000531 77               [ 8] 1198 	ld	(hl), a
                                   1199 ;src/utils/entity.c:151: if (dx > 0)
    00000532 58               [ 4] 1200 	ld	e, b
    00000533 AF               [ 4] 1201 	xor	a, a
    00000534 57               [ 4] 1202 	ld	d, a
    00000535 B9               [ 4] 1203 	cp	a, c
    00000536 98               [ 4] 1204 	sbc	a, b
    00000537 CB 7B            [ 8] 1205 	bit	7, e
    00000539 28 07            [12] 1206 	jr	Z, 00215$
    0000053B CB 7A            [ 8] 1207 	bit	7, d
    0000053D 20 08            [12] 1208 	jr	NZ, 00216$
    0000053F BF               [ 4] 1209 	cp	a, a
    00000540 18 05            [12] 1210 	jr	00216$
    00000542                       1211 00215$:
    00000542 CB 7A            [ 8] 1212 	bit	7, d
    00000544 28 01            [12] 1213 	jr	Z, 00216$
    00000546 37               [ 4] 1214 	scf
    00000547                       1215 00216$:
    00000547 30 06            [12] 1216 	jr	NC, 00118$
                                   1217 ;src/utils/entity.c:152: vx = 2;
    00000549 F8 08            [12] 1218 	ldhl	sp,	#8
    0000054B 36 02            [12] 1219 	ld	(hl), #0x02
    0000054D 18 08            [12] 1220 	jr	00119$
    0000054F                       1221 00118$:
                                   1222 ;src/utils/entity.c:153: else if (dx < 0)
    0000054F CB 78            [ 8] 1223 	bit	7, b
    00000551 28 04            [12] 1224 	jr	Z, 00119$
                                   1225 ;src/utils/entity.c:154: vx = -2;
    00000553 F8 08            [12] 1226 	ldhl	sp,	#8
    00000555 36 FE            [12] 1227 	ld	(hl), #0xfe
    00000557                       1228 00119$:
                                   1229 ;src/utils/entity.c:155: if (dy > 0)
    00000557 F8 0A            [12] 1230 	ldhl	sp,	#10
    00000559 AF               [ 4] 1231 	xor	a, a
    0000055A 96               [ 8] 1232 	sub	a, (hl)
    0000055B 23               [ 8] 1233 	inc	hl
    0000055C 3E 00            [ 8] 1234 	ld	a, #0x00
    0000055E 9E               [ 8] 1235 	sbc	a, (hl)
    0000055F 3E 00            [ 8] 1236 	ld	a, #0x00
    00000561 57               [ 4] 1237 	ld	d, a
    00000562 5E               [ 8] 1238 	ld	e, (hl)
    00000563 CB 7B            [ 8] 1239 	bit	7, e
    00000565 28 07            [12] 1240 	jr	Z, 00217$
    00000567 CB 7A            [ 8] 1241 	bit	7, d
    00000569 20 08            [12] 1242 	jr	NZ, 00218$
    0000056B BF               [ 4] 1243 	cp	a, a
    0000056C 18 05            [12] 1244 	jr	00218$
    0000056E                       1245 00217$:
    0000056E CB 7A            [ 8] 1246 	bit	7, d
    00000570 28 01            [12] 1247 	jr	Z, 00218$
    00000572 37               [ 4] 1248 	scf
    00000573                       1249 00218$:
    00000573 30 06            [12] 1250 	jr	NC, 00123$
                                   1251 ;src/utils/entity.c:156: vy = 2;
    00000575 F8 09            [12] 1252 	ldhl	sp,	#9
    00000577 36 02            [12] 1253 	ld	(hl), #0x02
    00000579 18 0A            [12] 1254 	jr	00124$
    0000057B                       1255 00123$:
                                   1256 ;src/utils/entity.c:157: else if (dy < 0)
    0000057B F8 0B            [12] 1257 	ldhl	sp,	#11
    0000057D CB 7E            [12] 1258 	bit	7, (hl)
    0000057F 28 04            [12] 1259 	jr	Z, 00124$
                                   1260 ;src/utils/entity.c:158: vy = -2;
    00000581 2B               [ 8] 1261 	dec	hl
    00000582 2B               [ 8] 1262 	dec	hl
    00000583 36 FE            [12] 1263 	ld	(hl), #0xfe
    00000585                       1264 00124$:
                                   1265 ;src/utils/entity.c:160: projectile_spawn(self->x + 8, self->y + 8, vx, vy, 0);
    00000585 F8 06            [12] 1266 	ldhl	sp,	#6
    00000587 2A               [ 8] 1267 	ld	a, (hl+)
    00000588 4F               [ 4] 1268 	ld	c, a
    00000589 46               [ 8] 1269 	ld	b, (hl)
    0000058A 21 08 00         [12] 1270 	ld	hl, #0x0008
    0000058D 09               [ 8] 1271 	add	hl, bc
    0000058E 4D               [ 4] 1272 	ld	c, l
    0000058F 44               [ 4] 1273 	ld	b, h
    00000590 F8 04            [12] 1274 	ldhl	sp,	#4
    00000592 2A               [ 8] 1275 	ld	a, (hl+)
    00000593 5F               [ 4] 1276 	ld	e, a
    00000594 56               [ 8] 1277 	ld	d, (hl)
    00000595 21 08 00         [12] 1278 	ld	hl, #0x0008
    00000598 19               [ 8] 1279 	add	hl, de
    00000599 5D               [ 4] 1280 	ld	e, l
    0000059A 54               [ 4] 1281 	ld	d, h
    0000059B AF               [ 4] 1282 	xor	a, a
    0000059C F5               [16] 1283 	push	af
    0000059D 33               [ 8] 1284 	inc	sp
    0000059E F8 0A            [12] 1285 	ldhl	sp,	#10
    000005A0 3A               [ 8] 1286 	ld	a, (hl-)
    000005A1 F5               [16] 1287 	push	af
    000005A2 33               [ 8] 1288 	inc	sp
    000005A3 7E               [ 8] 1289 	ld	a, (hl)
    000005A4 F5               [16] 1290 	push	af
    000005A5 33               [ 8] 1291 	inc	sp
    000005A6 CDr00r00         [24] 1292 	call	_projectile_spawn
                                   1293 ;src/utils/entity.c:164: self->shoot_timer = 60 + (DIV_REG & 0x3F);
    000005A9 F0r00            [12] 1294 	ldh	a, (_DIV_REG + 0)
    000005AB E6 3F            [ 8] 1295 	and	a, #0x3f
    000005AD C6 3C            [ 8] 1296 	add	a, #0x3c
    000005AF F8 02            [12] 1297 	ldhl	sp,	#2
    000005B1 5E               [ 8] 1298 	ld	e, (hl)
    000005B2 23               [ 8] 1299 	inc	hl
    000005B3 66               [ 8] 1300 	ld	h, (hl)
    000005B4 6B               [ 4] 1301 	ld	l, e
    000005B5 77               [ 8] 1302 	ld	(hl), a
    000005B6                       1303 00128$:
                                   1304 ;src/utils/entity.c:166: }
    000005B6 E8 0E            [16] 1305 	add	sp, #14
    000005B8 C9               [16] 1306 	ret
                                   1307 ;src/utils/entity.c:168: void entity_update_all(entity_t *entities, uint8_t count) {
                                   1308 ;	---------------------------------
                                   1309 ; Function entity_update_all
                                   1310 ; ---------------------------------
    000005B9                       1311 _entity_update_all::
    000005B9 E8 F8            [16] 1312 	add	sp, #-8
    000005BB F8 05            [12] 1313 	ldhl	sp,	#5
    000005BD 73               [ 8] 1314 	ld	(hl), e
    000005BE 23               [ 8] 1315 	inc	hl
    000005BF 72               [ 8] 1316 	ld	(hl), d
    000005C0 2B               [ 8] 1317 	dec	hl
    000005C1 2B               [ 8] 1318 	dec	hl
    000005C2 77               [ 8] 1319 	ld	(hl), a
                                   1320 ;src/utils/entity.c:169: for (uint8_t i = 0; i < count; i++) {
    000005C3 F8 07            [12] 1321 	ldhl	sp,	#7
    000005C5 36 00            [12] 1322 	ld	(hl), #0x00
    000005C7                       1323 00106$:
    000005C7 F8 07            [12] 1324 	ldhl	sp,	#7
    000005C9 7E               [ 8] 1325 	ld	a, (hl)
    000005CA F8 04            [12] 1326 	ldhl	sp,	#4
    000005CC 96               [ 8] 1327 	sub	a, (hl)
    000005CD 30 57            [12] 1328 	jr	NC, 00108$
                                   1329 ;src/utils/entity.c:170: if (entities[i].active && entities[i].update) {
    000005CF F8 07            [12] 1330 	ldhl	sp,	#7
    000005D1 7E               [ 8] 1331 	ld	a, (hl)
    000005D2 F8 02            [12] 1332 	ldhl	sp,	#2
    000005D4 22               [ 8] 1333 	ld	(hl+), a
    000005D5 AF               [ 4] 1334 	xor	a, a
    000005D6 32               [ 8] 1335 	ld	(hl-), a
    000005D7 3A               [ 8] 1336 	ld	a, (hl-)
    000005D8 2B               [ 8] 1337 	dec	hl
    000005D9 22               [ 8] 1338 	ld	(hl+), a
    000005DA 36 00            [12] 1339 	ld	(hl), #0x00
    000005DC 3E 04            [ 8] 1340 	ld	a, #0x04
    000005DE                       1341 00139$:
    000005DE F8 00            [12] 1342 	ldhl	sp,	#0
    000005E0 CB 26            [16] 1343 	sla	(hl)
    000005E2 23               [ 8] 1344 	inc	hl
    000005E3 CB 16            [16] 1345 	rl	(hl)
    000005E5 3D               [ 4] 1346 	dec	a
    000005E6 20 F6            [12] 1347 	jr	NZ, 00139$
    000005E8 D1               [12] 1348 	pop	de
    000005E9 D5               [16] 1349 	push	de
    000005EA F8 05            [12] 1350 	ldhl	sp,	#5
    000005EC 2A               [ 8] 1351 	ld	a,	(hl+)
    000005ED 66               [ 8] 1352 	ld	h, (hl)
    000005EE 6F               [ 4] 1353 	ld	l, a
    000005EF 19               [ 8] 1354 	add	hl, de
    000005F0 E5               [16] 1355 	push	hl
    000005F1 7D               [ 4] 1356 	ld	a, l
    000005F2 F8 04            [12] 1357 	ldhl	sp,	#4
    000005F4 77               [ 8] 1358 	ld	(hl), a
    000005F5 E1               [12] 1359 	pop	hl
    000005F6 7C               [ 4] 1360 	ld	a, h
    000005F7 F8 03            [12] 1361 	ldhl	sp,	#3
    000005F9 32               [ 8] 1362 	ld	(hl-), a
    000005FA 2A               [ 8] 1363 	ld	a, (hl+)
    000005FB 5F               [ 4] 1364 	ld	e, a
    000005FC 56               [ 8] 1365 	ld	d, (hl)
    000005FD 21 08 00         [12] 1366 	ld	hl, #0x0008
    00000600 19               [ 8] 1367 	add	hl, de
    00000601 4D               [ 4] 1368 	ld	c, l
    00000602 44               [ 4] 1369 	ld	b, h
    00000603 0A               [ 8] 1370 	ld	a, (bc)
    00000604 B7               [ 4] 1371 	or	a, a
    00000605 28 1A            [12] 1372 	jr	Z, 00107$
    00000607 F8 02            [12] 1373 	ldhl	sp,#2
    00000609 2A               [ 8] 1374 	ld	a, (hl+)
    0000060A 5F               [ 4] 1375 	ld	e, a
    0000060B 56               [ 8] 1376 	ld	d, (hl)
    0000060C 21 0E 00         [12] 1377 	ld	hl, #0x000e
    0000060F 19               [ 8] 1378 	add	hl, de
    00000610 2A               [ 8] 1379 	ld	a, (hl+)
    00000611 4F               [ 4] 1380 	ld	c, a
    00000612 46               [ 8] 1381 	ld	b, (hl)
    00000613 78               [ 4] 1382 	ld	a, b
    00000614 B1               [ 4] 1383 	or	a, c
    00000615 28 0A            [12] 1384 	jr	Z, 00107$
                                   1385 ;src/utils/entity.c:171: entities[i].update(&entities[i]);
    00000617 F8 02            [12] 1386 	ldhl	sp,	#2
    00000619 2A               [ 8] 1387 	ld	a, (hl+)
    0000061A 5F               [ 4] 1388 	ld	e, a
    0000061B 56               [ 8] 1389 	ld	d, (hl)
    0000061C 69               [ 4] 1390 	ld	l, c
    0000061D 60               [ 4] 1391 	ld	h, b
    0000061E CDr00r00         [24] 1392 	call	___sdcc_call_hl
    00000621                       1393 00107$:
                                   1394 ;src/utils/entity.c:169: for (uint8_t i = 0; i < count; i++) {
    00000621 F8 07            [12] 1395 	ldhl	sp,	#7
    00000623 34               [12] 1396 	inc	(hl)
    00000624 18 A1            [12] 1397 	jr	00106$
    00000626                       1398 00108$:
                                   1399 ;src/utils/entity.c:174: }
    00000626 E8 08            [16] 1400 	add	sp, #8
    00000628 C9               [16] 1401 	ret
                                   1402 ;src/utils/entity.c:176: void entity_render_all(entity_t *entities, uint8_t count, uint16_t camera_x,
                                   1403 ;	---------------------------------
                                   1404 ; Function entity_render_all
                                   1405 ; ---------------------------------
    00000629                       1406 _entity_render_all::
    00000629 E8 F0            [16] 1407 	add	sp, #-16
    0000062B F8 0C            [12] 1408 	ldhl	sp,	#12
    0000062D 73               [ 8] 1409 	ld	(hl), e
    0000062E 23               [ 8] 1410 	inc	hl
    0000062F 72               [ 8] 1411 	ld	(hl), d
    00000630 2B               [ 8] 1412 	dec	hl
    00000631 2B               [ 8] 1413 	dec	hl
    00000632 77               [ 8] 1414 	ld	(hl), a
                                   1415 ;src/utils/entity.c:178: for (uint8_t i = 0; i < count; i++) {
    00000633 F8 0E            [12] 1416 	ldhl	sp,	#14
    00000635 36 00            [12] 1417 	ld	(hl), #0x00
    00000637                       1418 00143$:
    00000637 F8 0E            [12] 1419 	ldhl	sp,	#14
    00000639 7E               [ 8] 1420 	ld	a, (hl)
    0000063A F8 0B            [12] 1421 	ldhl	sp,	#11
    0000063C 96               [ 8] 1422 	sub	a, (hl)
    0000063D D2r56r08         [16] 1423 	jp	NC, 00144$
                                   1424 ;src/utils/entity.c:179: entity_t *e = &entities[i];
    00000640 F8 0E            [12] 1425 	ldhl	sp,	#14
    00000642 7E               [ 8] 1426 	ld	a, (hl)
    00000643 F8 09            [12] 1427 	ldhl	sp,	#9
    00000645 22               [ 8] 1428 	ld	(hl+), a
    00000646 36 00            [12] 1429 	ld	(hl), #0x00
    00000648 3E 04            [ 8] 1430 	ld	a, #0x04
    0000064A                       1431 00298$:
    0000064A F8 09            [12] 1432 	ldhl	sp,	#9
    0000064C CB 26            [16] 1433 	sla	(hl)
    0000064E 23               [ 8] 1434 	inc	hl
    0000064F CB 16            [16] 1435 	rl	(hl)
    00000651 3D               [ 4] 1436 	dec	a
    00000652 20 F6            [12] 1437 	jr	NZ, 00298$
    00000654 2B               [ 8] 1438 	dec	hl
    00000655 2A               [ 8] 1439 	ld	a, (hl+)
    00000656 5F               [ 4] 1440 	ld	e, a
    00000657 2A               [ 8] 1441 	ld	a, (hl+)
    00000658 23               [ 8] 1442 	inc	hl
    00000659 57               [ 4] 1443 	ld	d, a
    0000065A 2A               [ 8] 1444 	ld	a,	(hl+)
    0000065B 66               [ 8] 1445 	ld	h, (hl)
    0000065C 6F               [ 4] 1446 	ld	l, a
    0000065D 19               [ 8] 1447 	add	hl, de
    0000065E 33               [ 8] 1448 	inc	sp
    0000065F 33               [ 8] 1449 	inc	sp
                                   1450 ;src/utils/entity.c:180: if (!e->active) {
    00000660 5D               [ 4] 1451 	ld	e, l
    00000661 54               [ 4] 1452 	ld	d, h
    00000662 D5               [16] 1453 	push	de
    00000663 21 08 00         [12] 1454 	ld	hl, #0x0008
    00000666 19               [ 8] 1455 	add	hl, de
    00000667 4D               [ 4] 1456 	ld	c, l
    00000668 44               [ 4] 1457 	ld	b, h
    00000669 0A               [ 8] 1458 	ld	a, (bc)
                                   1459 ;src/utils/entity.c:181: for (int j = 0; j < 4; j++)
    0000066A B7               [ 4] 1460 	or	a, a
    0000066B 20 22            [12] 1461 	jr	NZ, 00103$
    0000066D 4F               [ 4] 1462 	ld	c, a
    0000066E                       1463 00131$:
    0000066E 79               [ 4] 1464 	ld	a, c
    0000066F D6 04            [ 8] 1465 	sub	a, #0x04
    00000671 D2r50r08         [16] 1466 	jp	NC, 00120$
                                   1467 ;src/utils/entity.c:182: move_sprite(sprite_offset + (i * 4) + j, 0, 0);
    00000674 F8 0E            [12] 1468 	ldhl	sp,	#14
    00000676 7E               [ 8] 1469 	ld	a, (hl)
    00000677 87               [ 4] 1470 	add	a, a
    00000678 87               [ 4] 1471 	add	a, a
    00000679 F8 16            [12] 1472 	ldhl	sp,	#22
    0000067B 46               [ 8] 1473 	ld	b, (hl)
    0000067C 80               [ 4] 1474 	add	a, b
    0000067D 41               [ 4] 1475 	ld	b, c
    0000067E 80               [ 4] 1476 	add	a, b
    0000067F 5F               [ 4] 1477 	ld	e, a
                                   1478 ;./gbdk/include/gb/gb.h:1973: OAM_item_t * itm = &shadow_OAM[nb];
    00000680 AF               [ 4] 1479 	xor	a, a
    00000681 6B               [ 4] 1480 	ld	l, e
    00000682 67               [ 4] 1481 	ld	h, a
    00000683 29               [ 8] 1482 	add	hl, hl
    00000684 29               [ 8] 1483 	add	hl, hl
    00000685 11r00r00         [12] 1484 	ld	de, #_shadow_OAM
    00000688 19               [ 8] 1485 	add	hl, de
                                   1486 ;./gbdk/include/gb/gb.h:1974: itm->y=y, itm->x=x;
    00000689 AF               [ 4] 1487 	xor	a, a
    0000068A 22               [ 8] 1488 	ld	(hl+), a
    0000068B 77               [ 8] 1489 	ld	(hl), a
                                   1490 ;src/utils/entity.c:181: for (int j = 0; j < 4; j++)
    0000068C 0C               [ 4] 1491 	inc	c
    0000068D 18 DF            [12] 1492 	jr	00131$
                                   1493 ;src/utils/entity.c:183: continue;
    0000068F                       1494 00103$:
                                   1495 ;src/utils/entity.c:186: uint16_t esx = e->x - camera_x + 8, esy = e->y - camera_y + 16;
    0000068F D1               [12] 1496 	pop	de
    00000690 D5               [16] 1497 	push	de
    00000691 1A               [ 8] 1498 	ld	a, (de)
    00000692 4F               [ 4] 1499 	ld	c, a
    00000693 13               [ 8] 1500 	inc	de
    00000694 1A               [ 8] 1501 	ld	a, (de)
    00000695 47               [ 4] 1502 	ld	b, a
    00000696 F8 12            [12] 1503 	ldhl	sp,#18
    00000698 2A               [ 8] 1504 	ld	a, (hl+)
    00000699 5F               [ 4] 1505 	ld	e, a
    0000069A 56               [ 8] 1506 	ld	d, (hl)
    0000069B 79               [ 4] 1507 	ld	a, c
    0000069C 93               [ 4] 1508 	sub	a, e
    0000069D 5F               [ 4] 1509 	ld	e, a
    0000069E 78               [ 4] 1510 	ld	a, b
    0000069F 9A               [ 4] 1511 	sbc	a, d
    000006A0 4B               [ 4] 1512 	ld	c, e
    000006A1 47               [ 4] 1513 	ld	b, a
    000006A2 21 08 00         [12] 1514 	ld	hl, #0x0008
    000006A5 09               [ 8] 1515 	add	hl, bc
    000006A6 4D               [ 4] 1516 	ld	c, l
    000006A7 7C               [ 4] 1517 	ld	a, h
    000006A8 F8 02            [12] 1518 	ldhl	sp,	#2
    000006AA 71               [ 8] 1519 	ld	(hl), c
    000006AB 23               [ 8] 1520 	inc	hl
    000006AC 77               [ 8] 1521 	ld	(hl), a
    000006AD E1               [12] 1522 	pop	hl
    000006AE E5               [16] 1523 	push	hl
    000006AF 23               [ 8] 1524 	inc	hl
    000006B0 23               [ 8] 1525 	inc	hl
    000006B1 2A               [ 8] 1526 	ld	a, (hl+)
    000006B2 46               [ 8] 1527 	ld	b, (hl)
    000006B3 5F               [ 4] 1528 	ld	e, a
    000006B4 50               [ 4] 1529 	ld	d, b
    000006B5 F8 14            [12] 1530 	ldhl	sp,	#20
    000006B7 2A               [ 8] 1531 	ld	a,	(hl+)
    000006B8 66               [ 8] 1532 	ld	h, (hl)
    000006B9 6F               [ 4] 1533 	ld	l, a
    000006BA 7B               [ 4] 1534 	ld	a, e
    000006BB 95               [ 4] 1535 	sub	a, l
    000006BC 5F               [ 4] 1536 	ld	e, a
    000006BD 7A               [ 4] 1537 	ld	a, d
    000006BE 9C               [ 4] 1538 	sbc	a, h
    000006BF 4B               [ 4] 1539 	ld	c, e
    000006C0 47               [ 4] 1540 	ld	b, a
    000006C1 21 10 00         [12] 1541 	ld	hl, #0x0010
    000006C4 09               [ 8] 1542 	add	hl, bc
    000006C5 4D               [ 4] 1543 	ld	c, l
    000006C6 44               [ 4] 1544 	ld	b, h
                                   1545 ;src/utils/entity.c:187: uint8_t use_clipping = (current_map == &maps[2] || current_map == &maps[4]);
    000006C7 21r00r00         [12] 1546 	ld	hl, #_current_map
    000006CA 7E               [ 8] 1547 	ld	a, (hl)
    000006CB D6r34            [ 8] 1548 	sub	a, #<((_maps + 52))
    000006CD 20 06            [12] 1549 	jr	NZ, 00299$
    000006CF 23               [ 8] 1550 	inc	hl
    000006D0 7E               [ 8] 1551 	ld	a, (hl)
    000006D1 D6s00            [ 8] 1552 	sub	a, #>((_maps + 52))
    000006D3 28 11            [12] 1553 	jr	Z, 00147$
    000006D5                       1554 00299$:
    000006D5 21r00r00         [12] 1555 	ld	hl, #_current_map
    000006D8 7E               [ 8] 1556 	ld	a, (hl)
    000006D9 D6r68            [ 8] 1557 	sub	a, #<((_maps + 104))
    000006DB 20 06            [12] 1558 	jr	NZ, 00300$
    000006DD 23               [ 8] 1559 	inc	hl
    000006DE 7E               [ 8] 1560 	ld	a, (hl)
    000006DF D6s00            [ 8] 1561 	sub	a, #>((_maps + 104))
    000006E1 28 03            [12] 1562 	jr	Z, 00147$
    000006E3                       1563 00300$:
    000006E3 AF               [ 4] 1564 	xor	a, a
    000006E4 18 02            [12] 1565 	jr	00148$
    000006E6                       1566 00147$:
    000006E6 3E 01            [ 8] 1567 	ld	a, #0x01
    000006E8                       1568 00148$:
    000006E8 F8 04            [12] 1569 	ldhl	sp,	#4
                                   1570 ;src/utils/entity.c:189: if (esx < 168 && esy < 160 && (!use_clipping || esy < 140)) {
    000006EA 32               [ 8] 1571 	ld	(hl-), a
    000006EB 2B               [ 8] 1572 	dec	hl
    000006EC 2A               [ 8] 1573 	ld	a, (hl+)
    000006ED 5F               [ 4] 1574 	ld	e, a
    000006EE 56               [ 8] 1575 	ld	d, (hl)
    000006EF 7B               [ 4] 1576 	ld	a, e
    000006F0 D6 A8            [ 8] 1577 	sub	a, #0xa8
    000006F2 7A               [ 4] 1578 	ld	a, d
    000006F3 DE 00            [ 8] 1579 	sbc	a, #0x00
    000006F5 D2r2Er08         [16] 1580 	jp	NC, 00171$
    000006F8 23               [ 8] 1581 	inc	hl
    000006F9 23               [ 8] 1582 	inc	hl
    000006FA 79               [ 4] 1583 	ld	a, c
    000006FB 22               [ 8] 1584 	ld	(hl+), a
    000006FC 78               [ 4] 1585 	ld	a, b
    000006FD 32               [ 8] 1586 	ld	(hl-), a
    000006FE 2A               [ 8] 1587 	ld	a, (hl+)
    000006FF D6 A0            [ 8] 1588 	sub	a, #0xa0
    00000701 7E               [ 8] 1589 	ld	a, (hl)
    00000702 DE 00            [ 8] 1590 	sbc	a, #0x00
    00000704 D2r2Er08         [16] 1591 	jp	NC, 00171$
    00000707 2B               [ 8] 1592 	dec	hl
    00000708 2B               [ 8] 1593 	dec	hl
    00000709 7E               [ 8] 1594 	ld	a, (hl)
    0000070A B7               [ 4] 1595 	or	a, a
    0000070B 28 0A            [12] 1596 	jr	Z, 00114$
    0000070D 23               [ 8] 1597 	inc	hl
    0000070E 2A               [ 8] 1598 	ld	a, (hl+)
    0000070F D6 8C            [ 8] 1599 	sub	a, #0x8c
    00000711 7E               [ 8] 1600 	ld	a, (hl)
    00000712 DE 00            [ 8] 1601 	sbc	a, #0x00
    00000714 D2r2Er08         [16] 1602 	jp	NC, 00171$
    00000717                       1603 00114$:
                                   1604 ;src/utils/entity.c:190: if (e->type == ENT_ITEM) {
    00000717 D1               [12] 1605 	pop	de
    00000718 D5               [16] 1606 	push	de
    00000719 21 04 00         [12] 1607 	ld	hl, #0x0004
    0000071C 19               [ 8] 1608 	add	hl, de
    0000071D 5D               [ 4] 1609 	ld	e, l
    0000071E 54               [ 4] 1610 	ld	d, h
    0000071F 1A               [ 8] 1611 	ld	a, (de)
    00000720 3D               [ 4] 1612 	dec	a
    00000721 20 69            [12] 1613 	jr	NZ, 00111$
                                   1614 ;src/utils/entity.c:192: uint8_t sprite_id = sprite_offset + (i * 4);
    00000723 F8 0E            [12] 1615 	ldhl	sp,	#14
    00000725 7E               [ 8] 1616 	ld	a, (hl)
    00000726 87               [ 4] 1617 	add	a, a
    00000727 87               [ 4] 1618 	add	a, a
    00000728 F8 16            [12] 1619 	ldhl	sp,	#22
    0000072A 5E               [ 8] 1620 	ld	e, (hl)
    0000072B 83               [ 4] 1621 	add	a, e
    0000072C F8 0F            [12] 1622 	ldhl	sp,	#15
    0000072E 77               [ 8] 1623 	ld	(hl), a
    0000072F 5E               [ 8] 1624 	ld	e, (hl)
                                   1625 ;src/utils/entity.c:193: move_sprite(sprite_id, esx + 4, esy + 4); // Center it
    00000730 79               [ 4] 1626 	ld	a, c
    00000731 C6 04            [ 8] 1627 	add	a, #0x04
    00000733 47               [ 4] 1628 	ld	b, a
    00000734 F8 02            [12] 1629 	ldhl	sp,	#2
    00000736 7E               [ 8] 1630 	ld	a, (hl)
    00000737 C6 04            [ 8] 1631 	add	a, #0x04
    00000739 4F               [ 4] 1632 	ld	c, a
                                   1633 ;./gbdk/include/gb/gb.h:1973: OAM_item_t * itm = &shadow_OAM[nb];
    0000073A 6B               [ 4] 1634 	ld	l, e
    0000073B 26 00            [ 8] 1635 	ld	h, #0x00
    0000073D 29               [ 8] 1636 	add	hl, hl
    0000073E 29               [ 8] 1637 	add	hl, hl
    0000073F 5D               [ 4] 1638 	ld	e, l
    00000740 54               [ 4] 1639 	ld	d, h
    00000741 21r00r00         [12] 1640 	ld	hl, #_shadow_OAM
    00000744 19               [ 8] 1641 	add	hl, de
                                   1642 ;./gbdk/include/gb/gb.h:1974: itm->y=y, itm->x=x;
    00000745 78               [ 4] 1643 	ld	a, b
    00000746 22               [ 8] 1644 	ld	(hl+), a
    00000747 71               [ 8] 1645 	ld	(hl), c
                                   1646 ;src/utils/entity.c:194: set_sprite_tile(sprite_id, e->sprite_base + e->anim_frame);
    00000748 D5               [16] 1647 	push	de
    00000749 F8 02            [12] 1648 	ldhl	sp,#2
    0000074B 2A               [ 8] 1649 	ld	a, (hl+)
    0000074C 5F               [ 4] 1650 	ld	e, a
    0000074D 56               [ 8] 1651 	ld	d, (hl)
    0000074E 21 07 00         [12] 1652 	ld	hl, #0x0007
    00000751 19               [ 8] 1653 	add	hl, de
    00000752 D1               [12] 1654 	pop	de
    00000753 4D               [ 4] 1655 	ld	c, l
    00000754 44               [ 4] 1656 	ld	b, h
    00000755 0A               [ 8] 1657 	ld	a, (bc)
    00000756 F8 0A            [12] 1658 	ldhl	sp,	#10
    00000758 77               [ 8] 1659 	ld	(hl), a
    00000759 D5               [16] 1660 	push	de
    0000075A F8 02            [12] 1661 	ldhl	sp,#2
    0000075C 2A               [ 8] 1662 	ld	a, (hl+)
    0000075D 5F               [ 4] 1663 	ld	e, a
    0000075E 56               [ 8] 1664 	ld	d, (hl)
    0000075F 21 0A 00         [12] 1665 	ld	hl, #0x000a
    00000762 19               [ 8] 1666 	add	hl, de
    00000763 D1               [12] 1667 	pop	de
    00000764 4D               [ 4] 1668 	ld	c, l
    00000765 44               [ 4] 1669 	ld	b, h
    00000766 0A               [ 8] 1670 	ld	a, (bc)
    00000767 F8 0A            [12] 1671 	ldhl	sp,	#10
    00000769 86               [ 8] 1672 	add	a, (hl)
    0000076A 4F               [ 4] 1673 	ld	c, a
                                   1674 ;./gbdk/include/gb/gb.h:1887: shadow_OAM[nb].tile=tile;
    0000076B 21r01r00         [12] 1675 	ld	hl,#_shadow_OAM + 1
    0000076E 19               [ 8] 1676 	add	hl,de
    0000076F 23               [ 8] 1677 	inc	hl
    00000770 71               [ 8] 1678 	ld	(hl), c
                                   1679 ;src/utils/entity.c:197: for (int j = 1; j < 4; j++)
    00000771 0E 01            [ 8] 1680 	ld	c, #0x01
    00000773                       1681 00134$:
                                   1682 ;src/utils/entity.c:198: move_sprite(sprite_offset + (i * 4) + j, 0, 0);
    00000773 79               [ 4] 1683 	ld	a,c
    00000774 FE 04            [ 8] 1684 	cp	a,#0x04
    00000776 D2r50r08         [16] 1685 	jp	NC,00120$
    00000779 F8 0F            [12] 1686 	ldhl	sp,	#15
    0000077B 86               [ 8] 1687 	add	a, (hl)
    0000077C 5F               [ 4] 1688 	ld	e, a
                                   1689 ;./gbdk/include/gb/gb.h:1973: OAM_item_t * itm = &shadow_OAM[nb];
    0000077D AF               [ 4] 1690 	xor	a, a
    0000077E 6B               [ 4] 1691 	ld	l, e
    0000077F 67               [ 4] 1692 	ld	h, a
    00000780 29               [ 8] 1693 	add	hl, hl
    00000781 29               [ 8] 1694 	add	hl, hl
    00000782 11r00r00         [12] 1695 	ld	de, #_shadow_OAM
    00000785 19               [ 8] 1696 	add	hl, de
                                   1697 ;./gbdk/include/gb/gb.h:1974: itm->y=y, itm->x=x;
    00000786 AF               [ 4] 1698 	xor	a, a
    00000787 22               [ 8] 1699 	ld	(hl+), a
    00000788 77               [ 8] 1700 	ld	(hl), a
                                   1701 ;src/utils/entity.c:197: for (int j = 1; j < 4; j++)
    00000789 0C               [ 4] 1702 	inc	c
    0000078A 18 E7            [12] 1703 	jr	00134$
    0000078C                       1704 00111$:
                                   1705 ;src/utils/entity.c:200: uint8_t frame_offset = (e->anim_frame * 4);
    0000078C D1               [12] 1706 	pop	de
    0000078D D5               [16] 1707 	push	de
    0000078E 21 0A 00         [12] 1708 	ld	hl, #0x000a
    00000791 19               [ 8] 1709 	add	hl, de
    00000792 4D               [ 4] 1710 	ld	c, l
    00000793 44               [ 4] 1711 	ld	b, h
    00000794 0A               [ 8] 1712 	ld	a, (bc)
    00000795 87               [ 4] 1713 	add	a, a
    00000796 87               [ 4] 1714 	add	a, a
    00000797 F8 07            [12] 1715 	ldhl	sp,	#7
    00000799 77               [ 8] 1716 	ld	(hl), a
                                   1717 ;src/utils/entity.c:201: for (int j = 0; j < 4; j++) {
    0000079A D1               [12] 1718 	pop	de
    0000079B D5               [16] 1719 	push	de
    0000079C 21 07 00         [12] 1720 	ld	hl, #0x0007
    0000079F 19               [ 8] 1721 	add	hl, de
    000007A0 E5               [16] 1722 	push	hl
    000007A1 7D               [ 4] 1723 	ld	a, l
    000007A2 F8 0A            [12] 1724 	ldhl	sp,	#10
    000007A4 77               [ 8] 1725 	ld	(hl), a
    000007A5 E1               [12] 1726 	pop	hl
    000007A6 7C               [ 4] 1727 	ld	a, h
    000007A7 F8 09            [12] 1728 	ldhl	sp,	#9
    000007A9 77               [ 8] 1729 	ld	(hl), a
    000007AA F8 0F            [12] 1730 	ldhl	sp,	#15
    000007AC 36 00            [12] 1731 	ld	(hl), #0x00
    000007AE                       1732 00137$:
    000007AE F8 0F            [12] 1733 	ldhl	sp,	#15
    000007B0 7E               [ 8] 1734 	ld	a, (hl)
    000007B1 D6 04            [ 8] 1735 	sub	a, #0x04
    000007B3 D2r50r08         [16] 1736 	jp	NC, 00120$
                                   1737 ;src/utils/entity.c:202: uint8_t sprite_id = sprite_offset + (i * 4) + j;
    000007B6 2B               [ 8] 1738 	dec	hl
    000007B7 7E               [ 8] 1739 	ld	a, (hl)
    000007B8 87               [ 4] 1740 	add	a, a
    000007B9 87               [ 4] 1741 	add	a, a
    000007BA F8 16            [12] 1742 	ldhl	sp,	#22
    000007BC 4E               [ 8] 1743 	ld	c, (hl)
    000007BD 81               [ 4] 1744 	add	a, c
    000007BE F8 0F            [12] 1745 	ldhl	sp,	#15
    000007C0 4E               [ 8] 1746 	ld	c, (hl)
    000007C1 81               [ 4] 1747 	add	a, c
    000007C2 F8 0A            [12] 1748 	ldhl	sp,	#10
    000007C4 77               [ 8] 1749 	ld	(hl), a
                                   1750 ;src/utils/entity.c:203: uint16_t ty = esy + (j >= 2 ? 8 : 0);
    000007C5 F8 0F            [12] 1751 	ldhl	sp,	#15
    000007C7 7E               [ 8] 1752 	ld	a, (hl)
    000007C8 D6 02            [ 8] 1753 	sub	a, #0x02
    000007CA 38 04            [12] 1754 	jr	C, 00149$
    000007CC 3E 08            [ 8] 1755 	ld	a, #0x08
    000007CE 18 01            [12] 1756 	jr	00150$
    000007D0                       1757 00149$:
    000007D0 AF               [ 4] 1758 	xor	a, a
    000007D1                       1759 00150$:
    000007D1 F8 05            [12] 1760 	ldhl	sp,	#5
    000007D3 4E               [ 8] 1761 	ld	c, (hl)
                                   1762 ;src/utils/entity.c:204: if (!use_clipping || ty < 140) {
    000007D4 2B               [ 8] 1763 	dec	hl
    000007D5 81               [ 4] 1764 	add	a, c
    000007D6 5F               [ 4] 1765 	ld	e, a
    000007D7 7E               [ 8] 1766 	ld	a, (hl)
    000007D8 B7               [ 4] 1767 	or	a, a
    000007D9 28 05            [12] 1768 	jr	Z, 00105$
    000007DB 7B               [ 4] 1769 	ld	a, e
    000007DC D6 8C            [ 8] 1770 	sub	a, #0x8c
    000007DE 30 39            [12] 1771 	jr	NC, 00106$
    000007E0                       1772 00105$:
                                   1773 ;src/utils/entity.c:205: move_sprite(sprite_id, esx + (j % 2 ? 8 : 0), ty);
    000007E0 F8 02            [12] 1774 	ldhl	sp,	#2
    000007E2 4E               [ 8] 1775 	ld	c, (hl)
    000007E3 F8 0F            [12] 1776 	ldhl	sp,	#15
    000007E5 7E               [ 8] 1777 	ld	a, (hl)
    000007E6 E6 01            [ 8] 1778 	and	a, #0x01
    000007E8 3E 08            [ 8] 1779 	ld	a, #0x08
    000007EA 20 01            [12] 1780 	jr	NZ, 00152$
    000007EC AF               [ 4] 1781 	xor	a, a
    000007ED                       1782 00152$:
    000007ED 81               [ 4] 1783 	add	a, c
    000007EE 57               [ 4] 1784 	ld	d, a
                                   1785 ;./gbdk/include/gb/gb.h:1973: OAM_item_t * itm = &shadow_OAM[nb];
    000007EF F8 0A            [12] 1786 	ldhl	sp,	#10
    000007F1 4E               [ 8] 1787 	ld	c, (hl)
    000007F2 AF               [ 4] 1788 	xor	a, a
    000007F3 47               [ 4] 1789 	ld	b, a
    000007F4 CB 21            [ 8] 1790 	sla	c
    000007F6 CB 10            [ 8] 1791 	rl	b
    000007F8 CB 21            [ 8] 1792 	sla	c
    000007FA CB 10            [ 8] 1793 	rl	b
    000007FC 21r00r00         [12] 1794 	ld	hl, #_shadow_OAM
    000007FF 09               [ 8] 1795 	add	hl, bc
                                   1796 ;./gbdk/include/gb/gb.h:1974: itm->y=y, itm->x=x;
    00000800 7B               [ 4] 1797 	ld	a, e
    00000801 22               [ 8] 1798 	ld	(hl+), a
    00000802 72               [ 8] 1799 	ld	(hl), d
                                   1800 ;src/utils/entity.c:206: set_sprite_tile(sprite_id, e->sprite_base + frame_offset + j);
    00000803 F8 08            [12] 1801 	ldhl	sp,#8
    00000805 2A               [ 8] 1802 	ld	a, (hl+)
    00000806 5F               [ 4] 1803 	ld	e, a
    00000807 3A               [ 8] 1804 	ld	a, (hl-)
    00000808 2B               [ 8] 1805 	dec	hl
    00000809 57               [ 4] 1806 	ld	d, a
    0000080A 1A               [ 8] 1807 	ld	a, (de)
    0000080B 86               [ 8] 1808 	add	a, (hl)
    0000080C F8 0F            [12] 1809 	ldhl	sp,	#15
    0000080E 5E               [ 8] 1810 	ld	e, (hl)
    0000080F 83               [ 4] 1811 	add	a, e
    00000810 5F               [ 4] 1812 	ld	e, a
                                   1813 ;./gbdk/include/gb/gb.h:1887: shadow_OAM[nb].tile=tile;
    00000811 21r01r00         [12] 1814 	ld	hl,#_shadow_OAM + 1
    00000814 09               [ 8] 1815 	add	hl,bc
    00000815 23               [ 8] 1816 	inc	hl
    00000816 73               [ 8] 1817 	ld	(hl), e
                                   1818 ;src/utils/entity.c:206: set_sprite_tile(sprite_id, e->sprite_base + frame_offset + j);
    00000817 18 0F            [12] 1819 	jr	00138$
    00000819                       1820 00106$:
                                   1821 ;./gbdk/include/gb/gb.h:1973: OAM_item_t * itm = &shadow_OAM[nb];
    00000819 F8 0A            [12] 1822 	ldhl	sp,	#10
    0000081B 4E               [ 8] 1823 	ld	c, (hl)
    0000081C AF               [ 4] 1824 	xor	a, a
    0000081D 69               [ 4] 1825 	ld	l, c
    0000081E 67               [ 4] 1826 	ld	h, a
    0000081F 29               [ 8] 1827 	add	hl, hl
    00000820 29               [ 8] 1828 	add	hl, hl
    00000821 11r00r00         [12] 1829 	ld	de, #_shadow_OAM
    00000824 19               [ 8] 1830 	add	hl, de
                                   1831 ;./gbdk/include/gb/gb.h:1974: itm->y=y, itm->x=x;
    00000825 AF               [ 4] 1832 	xor	a, a
    00000826 22               [ 8] 1833 	ld	(hl+), a
    00000827 77               [ 8] 1834 	ld	(hl), a
                                   1835 ;src/utils/entity.c:208: move_sprite(sprite_id, 0, 0);
    00000828                       1836 00138$:
                                   1837 ;src/utils/entity.c:201: for (int j = 0; j < 4; j++) {
    00000828 F8 0F            [12] 1838 	ldhl	sp,	#15
    0000082A 34               [12] 1839 	inc	(hl)
    0000082B C3rAEr07         [16] 1840 	jp	00137$
                                   1841 ;src/utils/entity.c:213: for (int j = 0; j < 4; j++)
    0000082E                       1842 00171$:
    0000082E 0E 00            [ 8] 1843 	ld	c, #0x00
    00000830                       1844 00140$:
    00000830 79               [ 4] 1845 	ld	a, c
    00000831 D6 04            [ 8] 1846 	sub	a, #0x04
    00000833 30 1B            [12] 1847 	jr	NC, 00120$
                                   1848 ;src/utils/entity.c:214: move_sprite(sprite_offset + (i * 4) + j, 0, 0);
    00000835 F8 0E            [12] 1849 	ldhl	sp,	#14
    00000837 7E               [ 8] 1850 	ld	a, (hl)
    00000838 87               [ 4] 1851 	add	a, a
    00000839 87               [ 4] 1852 	add	a, a
    0000083A F8 16            [12] 1853 	ldhl	sp,	#22
    0000083C 46               [ 8] 1854 	ld	b, (hl)
    0000083D 80               [ 4] 1855 	add	a, b
    0000083E 41               [ 4] 1856 	ld	b, c
    0000083F 80               [ 4] 1857 	add	a, b
    00000840 47               [ 4] 1858 	ld	b, a
                                   1859 ;./gbdk/include/gb/gb.h:1973: OAM_item_t * itm = &shadow_OAM[nb];
    00000841 11r00r00         [12] 1860 	ld	de, #_shadow_OAM+0
    00000844 AF               [ 4] 1861 	xor	a, a
    00000845 68               [ 4] 1862 	ld	l, b
    00000846 67               [ 4] 1863 	ld	h, a
    00000847 29               [ 8] 1864 	add	hl, hl
    00000848 29               [ 8] 1865 	add	hl, hl
    00000849 19               [ 8] 1866 	add	hl, de
                                   1867 ;./gbdk/include/gb/gb.h:1974: itm->y=y, itm->x=x;
    0000084A AF               [ 4] 1868 	xor	a, a
    0000084B 22               [ 8] 1869 	ld	(hl+), a
    0000084C 77               [ 8] 1870 	ld	(hl), a
                                   1871 ;src/utils/entity.c:213: for (int j = 0; j < 4; j++)
    0000084D 0C               [ 4] 1872 	inc	c
    0000084E 18 E0            [12] 1873 	jr	00140$
    00000850                       1874 00120$:
                                   1875 ;src/utils/entity.c:178: for (uint8_t i = 0; i < count; i++) {
    00000850 F8 0E            [12] 1876 	ldhl	sp,	#14
    00000852 34               [12] 1877 	inc	(hl)
    00000853 C3r37r06         [16] 1878 	jp	00143$
    00000856                       1879 00144$:
                                   1880 ;src/utils/entity.c:217: }
    00000856 E8 10            [16] 1881 	add	sp, #16
    00000858 E1               [12] 1882 	pop	hl
    00000859 E8 05            [16] 1883 	add	sp, #5
    0000085B E9               [ 4] 1884 	jp	(hl)
                                   1885 	.area _CODE
                                   1886 	.area _INITIALIZER
                                   1887 	.area _CABS (ABS)
